benchmark_code,date,value
FSLC100,2021-01-04,10082.4194
FSLC100,2021-01-05,10006.2476
FSLC100,2021-01-06,10051.8634
FSLC100,2021-01-07,10118.2985
FSLC100,2021-01-08,10155.8633
FSLC100,2021-01-11,10137.4647
FSLC100,2021-01-12,10139.8635
FSLC100,2021-01-13,10073.7308
FSLC100,2021-01-14,10172.3947
FSLC100,2021-01-15,10188.1302
FSLC100,2021-01-18,10329.7797
FSLC100,2021-01-19,10470.8949
FSLC100,2021-01-20,10565.4510
FSLC100,2021-01-21,10473.6921
FSLC100,2021-01-22,10559.6785
FSLC100,2021-01-25,10515.7994
FSLC100,2021-01-26,10379.8861
FSLC100,2021-01-27,10122.9648
FSLC100,2021-01-28,10088.8161
FSLC100,2021-01-29,10102.2244
FSLC100,2021-02-01,9876.2341
FSLC100,2021-02-02,9870.2646
FSLC100,2021-02-03,9893.8768
FSLC100,2021-02-04,9970.3595
FSLC100,2021-02-05,9983.2547
FSLC100,2021-02-08,10095.9316
FSLC100,2021-02-09,10052.3865
FSLC100,2021-02-10,10091.6720
FSLC100,2021-02-11,10128.0213
FSLC100,2021-02-12,9921.4592
FSLC100,2021-02-15,9821.8233
FSLC100,2021-02-16,9866.1153
FSLC100,2021-02-17,9964.3504
FSLC100,2021-02-18,9986.6649
FSLC100,2021-02-19,10145.2061
FSLC100,2021-02-22,10131.8350
FSLC100,2021-02-23,10209.4510
FSLC100,2021-02-24,10257.9700
FSLC100,2021-02-25,10337.8738
FSLC100,2021-02-26,10392.8514
FSLC100,2021-03-01,10448.5708
FSLC100,2021-03-02,10445.4687
FSLC100,2021-03-03,10564.6154
FSLC100,2021-03-04,10503.2386
FSLC100,2021-03-05,10719.5004
FSLC100,2021-03-08,10792.6140
FSLC100,2021-03-09,10785.3063
FSLC100,2021-03-10,10826.0273
FSLC100,2021-03-11,10856.5799
FSLC100,2021-03-12,10746.9817
FSLC100,2021-03-15,10704.3432
FSLC100,2021-03-16,10672.7150
FSLC100,2021-03-17,10705.9530
FSLC100,2021-03-18,10634.4271
FSLC100,2021-03-19,10722.9318
FSLC100,2021-03-22,10672.7535
FSLC100,2021-03-23,10715.2455
FSLC100,2021-03-24,10646.0077
FSLC100,2021-03-25,10596.9370
FSLC100,2021-03-26,10534.3946
FSLC100,2021-03-29,10391.6256
FSLC100,2021-03-30,10143.4348
FSLC100,2021-03-31,10065.8825
FSLC100,2021-04-01,10068.5741
FSLC100,2021-04-02,10042.8567
FSLC100,2021-04-05,9895.5775
FSLC100,2021-04-06,9856.7461
FSLC100,2021-04-07,9874.2534
FSLC100,2021-04-08,9934.2758
FSLC100,2021-04-09,9950.3041
FSLC100,2021-04-12,9922.4065
FSLC100,2021-04-13,9939.9683
FSLC100,2021-04-14,10025.4150
FSLC100,2021-04-15,10084.7768
FSLC100,2021-04-16,10031.9153
FSLC100,2021-04-19,9957.9760
FSLC100,2021-04-20,9950.9567
FSLC100,2021-04-21,9874.8311
FSLC100,2021-04-22,9976.5407
FSLC100,2021-04-23,9876.3118
FSLC100,2021-04-26,9945.4338
FSLC100,2021-04-27,10026.2710
FSLC100,2021-04-28,9939.7005
FSLC100,2021-04-29,9953.5065
FSLC100,2021-04-30,9932.2337
FSLC100,2021-05-03,10132.8691
FSLC100,2021-05-04,10128.2021
FSLC100,2021-05-05,10067.1341
FSLC100,2021-05-06,9893.6716
FSLC100,2021-05-07,9885.0107
FSLC100,2021-05-10,9961.8975
FSLC100,2021-05-11,9888.0781
FSLC100,2021-05-12,9931.7019
FSLC100,2021-05-13,9815.9014
FSLC100,2021-05-14,9785.0622
FSLC100,2021-05-17,9779.3695
FSLC100,2021-05-18,9739.4108
FSLC100,2021-05-19,9689.6921
FSLC100,2021-05-20,9745.4879
FSLC100,2021-05-21,9708.0970
FSLC100,2021-05-24,9779.2569
FSLC100,2021-05-25,10017.0493
FSLC100,2021-05-26,10080.1537
FSLC100,2021-05-27,10214.9706
FSLC100,2021-05-28,10204.2505
FSLC100,2021-05-31,10224.4401
FSLC100,2021-06-01,10292.0835
FSLC100,2021-06-02,10192.9908
FSLC100,2021-06-03,10103.5379
FSLC100,2021-06-04,10024.9523
FSLC100,2021-06-07,10103.7925
FSLC100,2021-06-08,10084.4558
FSLC100,2021-06-09,10114.6037
FSLC100,2021-06-10,10088.7663
FSLC100,2021-06-11,9996.5267
FSLC100,2021-06-14,10023.1278
FSLC100,2021-06-15,10033.8232
FSLC100,2021-06-16,10068.0997
FSLC100,2021-06-17,10041.9702
FSLC100,2021-06-18,9982.2937
FSLC100,2021-06-21,9907.9844
FSLC100,2021-06-22,9806.4915
FSLC100,2021-06-23,9786.2079
FSLC100,2021-06-24,9796.1287
FSLC100,2021-06-25,9802.5262
FSLC100,2021-06-28,9930.0430
FSLC100,2021-06-29,9892.4982
FSLC100,2021-06-30,9874.8956
FSLC100,2021-07-01,9918.7106
FSLC100,2021-07-02,9836.6040
FSLC100,2021-07-05,9778.9066
FSLC100,2021-07-06,9607.8586
FSLC100,2021-07-07,9572.2111
FSLC100,2021-07-08,9565.2960
FSLC100,2021-07-09,9551.3065
FSLC100,2021-07-12,9705.8292
FSLC100,2021-07-13,9670.4586
FSLC100,2021-07-14,9705.4448
FSLC100,2021-07-15,9636.4655
FSLC100,2021-07-16,9668.4559
FSLC100,2021-07-19,9760.0407
FSLC100,2021-07-20,9756.3977
FSLC100,2021-07-21,9795.3277
FSLC100,2021-07-22,9819.6460
FSLC100,2021-07-23,9761.3804
FSLC100,2021-07-26,9795.0069
FSLC100,2021-07-27,9838.3773
FSLC100,2021-07-28,9807.8604
FSLC100,2021-07-29,9748.9370
FSLC100,2021-07-30,9727.5712
FSLC100,2021-08-02,9724.3866
FSLC100,2021-08-03,9780.5660
FSLC100,2021-08-04,9809.5533
FSLC100,2021-08-05,9704.5788
FSLC100,2021-08-06,9716.7261
FSLC100,2021-08-09,9667.1228
FSLC100,2021-08-10,9809.4614
FSLC100,2021-08-11,9925.1020
FSLC100,2021-08-12,9834.0840
FSLC100,2021-08-13,9672.8852
FSLC100,2021-08-16,9869.4757
FSLC100,2021-08-17,9929.6267
FSLC100,2021-08-18,9700.8698
FSLC100,2021-08-19,9701.2182
FSLC100,2021-08-20,9733.4457
FSLC100,2021-08-23,9865.4524
FSLC100,2021-08-24,9892.6146
FSLC100,2021-08-25,9983.1784
FSLC100,2021-08-26,9905.4468
FSLC100,2021-08-27,9960.1008
FSLC100,2021-08-30,9977.9319
FSLC100,2021-08-31,10092.2274
FSLC100,2021-09-01,10058.7578
FSLC100,2021-09-02,10107.4363
FSLC100,2021-09-03,10178.0408
FSLC100,2021-09-06,10185.9001
FSLC100,2021-09-07,10407.0286
FSLC100,2021-09-08,10261.8014
FSLC100,2021-09-09,10317.9073
FSLC100,2021-09-10,10357.9713
FSLC100,2021-09-13,10344.2162
FSLC100,2021-09-14,10212.2895
FSLC100,2021-09-15,10232.3104
FSLC100,2021-09-16,10309.9258
FSLC100,2021-09-17,10318.4577
FSLC100,2021-09-20,10354.5629
FSLC100,2021-09-21,10318.0169
FSLC100,2021-09-22,10431.2025
FSLC100,2021-09-23,10605.7101
FSLC100,2021-09-24,10566.1972
FSLC100,2021-09-27,10599.2130
FSLC100,2021-09-28,10716.7764
FSLC100,2021-09-29,10645.4721
FSLC100,2021-09-30,10690.5756
FSLC100,2021-10-01,10700.6556
FSLC100,2021-10-04,10577.2144
FSLC100,2021-10-05,10592.6949
FSLC100,2021-10-06,10517.3927
FSLC100,2021-10-07,10552.7231
FSLC100,2021-10-08,10545.5551
FSLC100,2021-10-11,10522.1900
FSLC100,2021-10-12,10490.6784
FSLC100,2021-10-13,10561.3150
FSLC100,2021-10-14,10750.6827
FSLC100,2021-10-15,10857.2344
FSLC100,2021-10-18,10766.8596
FSLC100,2021-10-19,10773.5986
FSLC100,2021-10-20,10844.6842
FSLC100,2021-10-21,10820.2981
FSLC100,2021-10-22,10752.9055
FSLC100,2021-10-25,10765.2824
FSLC100,2021-10-26,10710.2874
FSLC100,2021-10-27,10597.3887
FSLC100,2021-10-28,10442.1733
FSLC100,2021-10-29,10455.7350
FSLC100,2021-11-01,10505.6024
FSLC100,2021-11-02,10459.7652
FSLC100,2021-11-03,10468.3176
FSLC100,2021-11-04,10329.9645
FSLC100,2021-11-05,10372.3229
FSLC100,2021-11-08,10435.9302
FSLC100,2021-11-09,10455.9067
FSLC100,2021-11-10,10369.8033
FSLC100,2021-11-11,10448.5320
FSLC100,2021-11-12,10449.1723
FSLC100,2021-11-15,10474.1810
FSLC100,2021-11-16,10391.1031
FSLC100,2021-11-17,10387.9848
FSLC100,2021-11-18,10434.6500
FSLC100,2021-11-19,10450.9071
FSLC100,2021-11-22,10592.6363
FSLC100,2021-11-23,10720.0098
FSLC100,2021-11-24,10720.2073
FSLC100,2021-11-25,10610.6738
FSLC100,2021-11-26,10599.1456
FSLC100,2021-11-29,10615.4472
FSLC100,2021-11-30,10525.5250
FSLC100,2021-12-01,10535.9174
FSLC100,2021-12-02,10551.6988
FSLC100,2021-12-03,10465.0107
FSLC100,2021-12-06,10507.3444
FSLC100,2021-12-07,10600.9940
FSLC100,2021-12-08,10724.5615
FSLC100,2021-12-09,10694.9434
FSLC100,2021-12-10,10590.6355
FSLC100,2021-12-13,10634.6088
FSLC100,2021-12-14,10619.2453
FSLC100,2021-12-15,10538.1769
FSLC100,2021-12-16,10594.8959
FSLC100,2021-12-17,10604.5615
FSLC100,2021-12-20,10665.9267
FSLC100,2021-12-21,10525.6266
FSLC100,2021-12-22,10473.0437
FSLC100,2021-12-23,10626.1567
FSLC100,2021-12-24,10790.5650
FSLC100,2021-12-27,10773.4967
FSLC100,2021-12-28,10933.8676
FSLC100,2021-12-29,10962.2255
FSLC100,2021-12-30,10988.5440
FSLC100,2021-12-31,10956.9962
FSLC100,2022-01-03,10839.0345
FSLC100,2022-01-04,10850.1811
FSLC100,2022-01-05,11069.9210
FSLC100,2022-01-06,11078.3845
FSLC100,2022-01-07,11216.7888
FSLC100,2022-01-10,10974.7823
FSLC100,2022-01-11,10986.6597
FSLC100,2022-01-12,11048.3268
FSLC100,2022-01-13,11039.9039
FSLC100,2022-01-14,10981.8762
FSLC100,2022-01-17,11060.9136
FSLC100,2022-01-18,11159.5728
FSLC100,2022-01-19,11125.1043
FSLC100,2022-01-20,11169.2228
FSLC100,2022-01-21,11056.3248
FSLC100,2022-01-24,11041.3004
FSLC100,2022-01-25,11085.1773
FSLC100,2022-01-26,10939.0348
FSLC100,2022-01-27,11034.9556
FSLC100,2022-01-28,10986.3917
FSLC100,2022-01-31,10951.3128
FSLC100,2022-02-01,10938.8061
FSLC100,2022-02-02,11088.0265
FSLC100,2022-02-03,10983.6017
FSLC100,2022-02-04,11247.1310
FSLC100,2022-02-07,11265.2453
FSLC100,2022-02-08,11405.0739
FSLC100,2022-02-09,11414.0814
FSLC100,2022-02-10,11440.4017
FSLC100,2022-02-11,11324.4860
FSLC100,2022-02-14,11333.0946
FSLC100,2022-02-15,11193.8356
FSLC100,2022-02-16,11220.9579
FSLC100,2022-02-17,11278.7094
FSLC100,2022-02-18,11541.5059
FSLC100,2022-02-21,11713.2269
FSLC100,2022-02-22,11622.4426
FSLC100,2022-02-23,11558.3759
FSLC100,2022-02-24,11351.6264
FSLC100,2022-02-25,11274.5757
FSLC100,2022-02-28,11322.8150
FSLC100,2022-03-01,11331.0718
FSLC100,2022-03-02,11290.8834
FSLC100,2022-03-03,11303.3224
FSLC100,2022-03-04,11338.8630
FSLC100,2022-03-07,11281.3096
FSLC100,2022-03-08,11338.5584
FSLC100,2022-03-09,11404.4514
FSLC100,2022-03-10,11282.2145
FSLC100,2022-03-11,11246.5793
FSLC100,2022-03-14,11258.5359
FSLC100,2022-03-15,11274.9282
FSLC100,2022-03-16,11302.1157
FSLC100,2022-03-17,11380.0869
FSLC100,2022-03-18,11579.4487
FSLC100,2022-03-21,11617.0157
FSLC100,2022-03-22,11632.6718
FSLC100,2022-03-23,11798.8698
FSLC100,2022-03-24,11791.6364
FSLC100,2022-03-25,11738.6350
FSLC100,2022-03-28,11759.0205
FSLC100,2022-03-29,11889.5729
FSLC100,2022-03-30,11799.3586
FSLC100,2022-03-31,11811.0434
FSLC100,2022-04-01,11705.7750
FSLC100,2022-04-04,11807.0585
FSLC100,2022-04-05,11749.1246
FSLC100,2022-04-06,11777.0743
FSLC100,2022-04-07,11808.4555
FSLC100,2022-04-08,11738.0934
FSLC100,2022-04-11,11723.5291
FSLC100,2022-04-12,11678.5634
FSLC100,2022-04-13,11644.9167
FSLC100,2022-04-14,11559.8388
FSLC100,2022-04-15,11429.6473
FSLC100,2022-04-18,11538.8364
FSLC100,2022-04-19,11677.2803
FSLC100,2022-04-20,11731.6732
FSLC100,2022-04-21,11545.4909
FSLC100,2022-04-22,11548.6889
FSLC100,2022-04-25,11461.0971
FSLC100,2022-04-26,11640.7177
FSLC100,2022-04-27,11635.3444
FSLC100,2022-04-28,11715.7259
FSLC100,2022-04-29,11636.2823
FSLC100,2022-05-02,11735.8192
FSLC100,2022-05-03,11750.0712
FSLC100,2022-05-04,11827.6497
FSLC100,2022-05-05,11760.9414
FSLC100,2022-05-06,11663.8496
FSLC100,2022-05-09,11560.6758
FSLC100,2022-05-10,11517.1354
FSLC100,2022-05-11,11389.0574
FSLC100,2022-05-12,11405.7674
FSLC100,2022-05-13,11483.0959
FSLC100,2022-05-16,11518.4616
FSLC100,2022-05-17,11324.8836
FSLC100,2022-05-18,11369.0882
FSLC100,2022-05-19,11383.5052
FSLC100,2022-05-20,11992.6124
FSLC100,2022-05-23,11992.7181
FSLC100,2022-05-24,12447.8654
FSLC100,2022-05-25,12493.1201
FSLC100,2022-05-26,12672.9057
FSLC100,2022-05-27,13063.8883
FSLC100,2022-05-30,13034.6685
FSLC100,2022-05-31,13326.5566
FSLC100,2022-06-01,13088.2776
FSLC100,2022-06-02,12616.3345
FSLC100,2022-06-03,12770.2604
FSLC100,2022-06-06,12584.9411
FSLC100,2022-06-07,13200.9557
FSLC100,2022-06-08,13200.4269
FSLC100,2022-06-09,12855.5289
FSLC100,2022-06-10,12725.1510
FSLC100,2022-06-13,12199.1079
FSLC100,2022-06-14,12070.8437
FSLC100,2022-06-15,11969.5580
FSLC100,2022-06-16,11949.0617
FSLC100,2022-06-17,12037.6054
FSLC100,2022-06-20,12120.0993
FSLC100,2022-06-21,11452.4814
FSLC100,2022-06-22,11499.3924
FSLC100,2022-06-23,11515.9453
FSLC100,2022-06-24,11565.6041
FSLC100,2022-06-27,11659.5698
FSLC100,2022-06-28,11445.9023
FSLC100,2022-06-29,11778.6980
FSLC100,2022-06-30,11558.8086
FSLC100,2022-07-01,11531.2907
FSLC100,2022-07-04,11518.4174
FSLC100,2022-07-05,11213.4864
FSLC100,2022-07-06,11311.7739
FSLC100,2022-07-07,11351.8034
FSLC100,2022-07-08,11270.3855
FSLC100,2022-07-11,11253.6050
FSLC100,2022-07-12,11233.6323
FSLC100,2022-07-13,11358.1696
FSLC100,2022-07-14,11393.9128
FSLC100,2022-07-15,11298.0130
FSLC100,2022-07-18,11146.4207
FSLC100,2022-07-19,11135.4440
FSLC100,2022-07-20,11177.9683
FSLC100,2022-07-21,11231.4882
FSLC100,2022-07-22,11248.7547
FSLC100,2022-07-25,11346.9697
FSLC100,2022-07-26,11408.4742
FSLC100,2022-07-27,11353.2332
FSLC100,2022-07-28,11315.9017
FSLC100,2022-07-29,11404.5587
FSLC100,2022-08-01,11459.5867
FSLC100,2022-08-02,11603.6190
FSLC100,2022-08-03,11594.1401
FSLC100,2022-08-04,11586.0555
FSLC100,2022-08-05,11589.3825
FSLC100,2022-08-08,11567.7473
FSLC100,2022-08-09,11698.6243
FSLC100,2022-08-10,11669.4836
FSLC100,2022-08-11,11761.8120
FSLC100,2022-08-12,11634.1848
FSLC100,2022-08-15,11760.6454
FSLC100,2022-08-16,11739.1527
FSLC100,2022-08-17,11760.1314
FSLC100,2022-08-18,11772.8866
FSLC100,2022-08-19,11852.5091
FSLC100,2022-08-22,11951.8290
FSLC100,2022-08-23,12090.5749
FSLC100,2022-08-24,12150.6081
FSLC100,2022-08-25,12109.3164
FSLC100,2022-08-26,12139.1384
FSLC100,2022-08-29,12152.9991
FSLC100,2022-08-30,12105.2847
FSLC100,2022-08-31,12122.7966
FSLC100,2022-09-01,12058.4036
FSLC100,2022-09-02,12098.3760
FSLC100,2022-09-05,12085.2857
FSLC100,2022-09-06,12170.0258
FSLC100,2022-09-07,12193.6488
FSLC100,2022-09-08,12260.9009
FSLC100,2022-09-09,12218.4971
FSLC100,2022-09-12,12265.9804
FSLC100,2022-09-13,12335.0261
FSLC100,2022-09-14,12314.6486
FSLC100,2022-09-15,12339.6576
FSLC100,2022-09-16,12365.4523
FSLC100,2022-09-19,12372.9952
FSLC100,2022-09-20,12417.3158
FSLC100,2022-09-21,12423.0274
FSLC100,2022-09-22,12457.9779
FSLC100,2022-09-23,12676.6561
FSLC100,2022-09-26,12670.6359
FSLC100,2022-09-27,12818.9877
FSLC100,2022-09-28,12827.7553
FSLC100,2022-09-29,12873.9321
FSLC100,2022-09-30,12826.5030
FSLC100,2022-10-03,12670.9328
FSLC100,2022-10-04,12705.3894
FSLC100,2022-10-05,12723.7961
FSLC100,2022-10-06,12766.0430
FSLC100,2022-10-07,12652.4627
FSLC100,2022-10-10,12598.7482
FSLC100,2022-10-11,12631.9075
FSLC100,2022-10-12,12698.1830
FSLC100,2022-10-13,12730.2166
FSLC100,2022-10-14,12655.9544
FSLC100,2022-10-17,12659.3660
FSLC100,2022-10-18,12650.5067
FSLC100,2022-10-19,12751.2981
FSLC100,2022-10-20,12741.8051
FSLC100,2022-10-21,12760.2575
FSLC100,2022-10-24,12717.7794
FSLC100,2022-10-25,12806.6181
FSLC100,2022-10-26,12738.0032
FSLC100,2022-10-27,12754.3433
FSLC100,2022-10-28,12574.3120
FSLC100,2022-10-31,12611.4428
FSLC100,2022-11-01,12501.6992
FSLC100,2022-11-02,12391.4097
FSLC100,2022-11-03,12472.5052
FSLC100,2022-11-04,12404.8445
FSLC100,2022-11-07,12299.6684
FSLC100,2022-11-08,12399.5065
FSLC100,2022-11-09,12589.8776
FSLC100,2022-11-10,12587.9304
FSLC100,2022-11-11,12517.2723
FSLC100,2022-11-14,12400.2524
FSLC100,2022-11-15,12553.0276
FSLC100,2022-11-16,12390.5630
FSLC100,2022-11-17,12326.0351
FSLC100,2022-11-18,12280.6646
FSLC100,2022-11-21,12275.3575
FSLC100,2022-11-22,12303.0126
FSLC100,2022-11-23,12445.3320
FSLC100,2022-11-24,12347.4829
FSLC100,2022-11-25,12366.5621
FSLC100,2022-11-28,12204.6892
FSLC100,2022-11-29,12219.8471
FSLC100,2022-11-30,12237.8502
FSLC100,2022-12-01,12253.4896
FSLC100,2022-12-02,12372.9439
FSLC100,2022-12-05,12400.8452
FSLC100,2022-12-06,12561.3322
FSLC100,2022-12-07,12410.9704
FSLC100,2022-12-08,12379.4289
FSLC100,2022-12-09,12370.6865
FSLC100,2022-12-12,12669.0928
FSLC100,2022-12-13,12654.6431
FSLC100,2022-12-14,12591.8288
FSLC100,2022-12-15,12796.1740
FSLC100,2022-12-16,12900.7425
FSLC100,2022-12-19,12899.7537
FSLC100,2022-12-20,12913.7287
FSLC100,2022-12-21,12953.9062
FSLC100,2022-12-22,13161.6542
FSLC100,2022-12-23,13206.5726
FSLC100,2022-12-26,13082.7004
FSLC100,2022-12-27,13145.3553
FSLC100,2022-12-28,12870.9752
FSLC100,2022-12-29,12881.9317
FSLC100,2022-12-30,12741.4997
FSLC100,2023-01-02,12616.5102
FSLC100,2023-01-03,12585.4312
FSLC100,2023-01-04,12364.2147
FSLC100,2023-01-05,12403.9073
FSLC100,2023-01-06,12482.0305
FSLC100,2023-01-09,12451.0660
FSLC100,2023-01-10,12367.6441
FSLC100,2023-01-11,12307.4768
FSLC100,2023-01-12,12340.6387
FSLC100,2023-01-13,12351.8336
FSLC100,2023-01-16,12317.7632
FSLC100,2023-01-17,12311.1782
FSLC100,2023-01-18,12503.6526
FSLC100,2023-01-19,12564.1301
FSLC100,2023-01-20,12581.1927
FSLC100,2023-01-23,12725.4482
FSLC100,2023-01-24,12739.0831
FSLC100,2023-01-25,12828.5223
FSLC100,2023-01-26,12941.7949
FSLC100,2023-01-27,13048.9409
FSLC100,2023-01-30,13031.3753
FSLC100,2023-01-31,12905.5978
FSLC100,2023-02-01,12814.4850
FSLC100,2023-02-02,12831.3151
FSLC100,2023-02-03,13033.2426
FSLC100,2023-02-06,13075.5640
FSLC100,2023-02-07,13104.1243
FSLC100,2023-02-08,13114.9921
FSLC100,2023-02-09,13236.6512
FSLC100,2023-02-10,13296.0319
FSLC100,2023-02-13,13536.3754
FSLC100,2023-02-14,13585.7587
FSLC100,2023-02-15,13639.0717
FSLC100,2023-02-16,13587.8488
FSLC100,2023-02-17,13774.0047
FSLC100,2023-02-20,13716.4549
FSLC100,2023-02-21,13695.1563
FSLC100,2023-02-22,13705.4705
FSLC100,2023-02-23,13569.1799
FSLC100,2023-02-24,13579.0744
FSLC100,2023-02-27,13804.4482
FSLC100,2023-02-28,13691.3228
FSLC100,2023-03-01,13675.8031
FSLC100,2023-03-02,13685.8527
FSLC100,2023-03-03,13706.7520
FSLC100,2023-03-06,13639.3978
FSLC100,2023-03-07,13714.7786
FSLC100,2023-03-08,13781.3023
FSLC100,2023-03-09,13844.8774
FSLC100,2023-03-10,13852.0250
FSLC100,2023-03-13,13761.5322
FSLC100,2023-03-14,13760.0298
FSLC100,2023-03-15,13861.8673
FSLC100,2023-03-16,13835.0462
FSLC100,2023-03-17,13898.6449
FSLC100,2023-03-20,13878.6986
FSLC100,2023-03-21,13981.0145
FSLC100,2023-03-22,13839.0236
FSLC100,2023-03-23,13846.5458
FSLC100,2023-03-24,13796.0136
FSLC100,2023-03-27,13968.3205
FSLC100,2023-03-28,13967.2063
FSLC100,2023-03-29,13927.3595
FSLC100,2023-03-30,13623.6967
FSLC100,2023-03-31,13623.9959
FSLC100,2023-04-03,13501.6197
FSLC100,2023-04-04,13489.0898
FSLC100,2023-04-05,13628.9124
FSLC100,2023-04-06,13827.0640
FSLC100,2023-04-07,13610.4721
FSLC100,2023-04-10,13650.9215
FSLC100,2023-04-11,13713.2629
FSLC100,2023-04-12,13635.2345
FSLC100,2023-04-13,13628.0337
FSLC100,2023-04-14,13389.7251
FSLC100,2023-04-17,13297.0769
FSLC100,2023-04-18,13361.3054
FSLC100,2023-04-19,13743.4791
FSLC100,2023-04-20,13633.0460
FSLC100,2023-04-21,13657.2466
FSLC100,2023-04-24,13560.7413
FSLC100,2023-04-25,13576.3595
FSLC100,2023-04-26,13801.9046
FSLC100,2023-04-27,13617.9493
FSLC100,2023-04-28,13995.9488
FSLC100,2023-05-01,13916.7442
FSLC100,2023-05-02,13913.4175
FSLC100,2023-05-03,13851.3369
FSLC100,2023-05-04,13721.8416
FSLC100,2023-05-05,13522.9353
FSLC100,2023-05-08,13585.6920
FSLC100,2023-05-09,13665.7882
FSLC100,2023-05-10,13804.4479
FSLC100,2023-05-11,13918.8762
FSLC100,2023-05-12,13855.7286
FSLC100,2023-05-15,13543.4496
FSLC100,2023-05-16,13715.4532
FSLC100,2023-05-17,13577.8551
FSLC100,2023-05-18,13670.6368
FSLC100,2023-05-19,13639.3514
FSLC100,2023-05-22,13686.4193
FSLC100,2023-05-23,13621.8322
FSLC100,2023-05-24,13731.5132
FSLC100,2023-05-25,13825.1387
FSLC100,2023-05-26,13929.7993
FSLC100,2023-05-29,14139.0614
FSLC100,2023-05-30,14410.7778
FSLC100,2023-05-31,14369.6033
FSLC100,2023-06-01,14309.6959
FSLC100,2023-06-02,14178.1863
FSLC100,2023-06-05,14374.8923
FSLC100,2023-06-06,14248.4761
FSLC100,2023-06-07,14230.6643
FSLC100,2023-06-08,14342.8846
FSLC100,2023-06-09,14387.1476
FSLC100,2023-06-12,14552.6019
FSLC100,2023-06-13,14471.9616
FSLC100,2023-06-14,14388.4506
FSLC100,2023-06-15,14310.4066
FSLC100,2023-06-16,13991.7818
FSLC100,2023-06-19,14037.6759
FSLC100,2023-06-20,14089.9296
FSLC100,2023-06-21,14207.1954
FSLC100,2023-06-22,14182.9434
FSLC100,2023-06-23,14396.6568
FSLC100,2023-06-26,14453.3696
FSLC100,2023-06-27,14477.7627
FSLC100,2023-06-28,14543.4700
FSLC100,2023-06-29,14802.8673
FSLC100,2023-06-30,14810.5697
FSLC100,2023-07-03,15032.6223
FSLC100,2023-07-04,15063.6041
FSLC100,2023-07-05,15054.7383
FSLC100,2023-07-06,15207.9443
FSLC100,2023-07-07,15338.6536
FSLC100,2023-07-10,15431.8027
FSLC100,2023-07-11,15539.5067
FSLC100,2023-07-12,15557.3508
FSLC100,2023-07-13,15591.8422
FSLC100,2023-07-14,15655.9829
FSLC100,2023-07-17,15800.6302
FSLC100,2023-07-18,15822.6303
FSLC100,2023-07-19,15868.9922
FSLC100,2023-07-20,15660.1423
FSLC100,2023-07-21,15582.3205
FSLC100,2023-07-24,15743.4425
FSLC100,2023-07-25,15958.1364
FSLC100,2023-07-26,15956.2552
FSLC100,2023-07-27,16196.8069
FSLC100,2023-07-28,16197.4165
FSLC100,2023-07-31,16265.6033
FSLC100,2023-08-01,16397.6075
FSLC100,2023-08-02,16427.5927
FSLC100,2023-08-03,16382.3869
FSLC100,2023-08-04,16368.0388
FSLC100,2023-08-07,16252.7234
FSLC100,2023-08-08,16167.4621
FSLC100,2023-08-09,16387.6826
FSLC100,2023-08-10,16406.9248
FSLC100,2023-08-11,16229.1901
FSLC100,2023-08-14,16198.2814
FSLC100,2023-08-15,16242.9240
FSLC100,2023-08-16,16466.5657
FSLC100,2023-08-17,16642.0065
FSLC100,2023-08-18,16716.8843
FSLC100,2023-08-21,16807.4334
FSLC100,2023-08-22,16767.3854
FSLC100,2023-08-23,16836.2482
FSLC100,2023-08-24,16847.0492
FSLC100,2023-08-25,16868.7520
FSLC100,2023-08-28,16919.1812
FSLC100,2023-08-29,17077.7284
FSLC100,2023-08-30,17014.9284
FSLC100,2023-08-31,16977.3419
FSLC100,2023-09-01,17038.2887
FSLC100,2023-09-04,17053.0219
FSLC100,2023-09-05,17027.2321
FSLC100,2023-09-06,17189.1638
FSLC100,2023-09-07,17064.9899
FSLC100,2023-09-08,16964.7413
FSLC100,2023-09-11,16837.4908
FSLC100,2023-09-12,17002.3856
FSLC100,2023-09-13,16846.8827
FSLC100,2023-09-14,16965.7646
FSLC100,2023-09-15,16623.4602
FSLC100,2023-09-18,16383.5014
FSLC100,2023-09-19,16105.7911
FSLC100,2023-09-20,16161.2547
FSLC100,2023-09-21,15953.2596
FSLC100,2023-09-22,15860.2129
FSLC100,2023-09-25,15930.6845
FSLC100,2023-09-26,15877.1068
FSLC100,2023-09-27,15874.9142
FSLC100,2023-09-28,15897.0861
FSLC100,2023-09-29,15967.8580
FSLC100,2023-10-02,15908.0419
FSLC100,2023-10-03,15907.9619
FSLC100,2023-10-04,15759.3257
FSLC100,2023-10-05,15885.7254
FSLC100,2023-10-06,15882.4815
FSLC100,2023-10-09,15784.1518
FSLC100,2023-10-10,15750.5289
FSLC100,2023-10-11,15795.6901
FSLC100,2023-10-12,15771.7665
FSLC100,2023-10-13,15734.3948
FSLC100,2023-10-16,15745.3502
FSLC100,2023-10-17,15678.6925
FSLC100,2023-10-18,15590.7217
FSLC100,2023-10-19,15629.7566
FSLC100,2023-10-20,15550.5510
FSLC100,2023-10-23,15543.8347
FSLC100,2023-10-24,15661.5811
FSLC100,2023-10-25,15846.0372
FSLC100,2023-10-26,15900.5312
FSLC100,2023-10-27,15939.1718
FSLC100,2023-10-30,16039.2522
FSLC100,2023-10-31,16032.4249
FSLC100,2023-11-01,16001.0206
FSLC100,2023-11-02,16053.3060
FSLC100,2023-11-03,16131.6285
FSLC100,2023-11-06,16092.4312
FSLC100,2023-11-07,15930.0668
FSLC100,2023-11-08,15991.9197
FSLC100,2023-11-09,16149.6470
FSLC100,2023-11-10,16088.2183
FSLC100,2023-11-13,16129.6694
FSLC100,2023-11-14,16241.6472
FSLC100,2023-11-15,16139.7009
FSLC100,2023-11-16,16072.2507
FSLC100,2023-11-17,15951.8781
FSLC100,2023-11-20,15951.5732
FSLC100,2023-11-21,15881.0821
FSLC100,2023-11-22,15710.5324
FSLC100,2023-11-23,15724.6120
FSLC100,2023-11-24,15437.2610
FSLC100,2023-11-27,15355.3758
FSLC100,2023-11-28,15400.1298
FSLC100,2023-11-29,15403.2101
FSLC100,2023-11-30,15414.0374
FSLC100,2023-12-01,15534.6717
FSLC100,2023-12-04,15589.1791
FSLC100,2023-12-05,15629.9391
FSLC100,2023-12-06,15714.5956
FSLC100,2023-12-07,15710.2732
FSLC100,2023-12-08,15669.5472
FSLC100,2023-12-11,15620.0947
FSLC100,2023-12-12,15663.6529
FSLC100,2023-12-13,15528.7729
FSLC100,2023-12-14,15641.9800
FSLC100,2023-12-15,15703.7600
FSLC100,2023-12-18,15710.9020
FSLC100,2023-12-19,15720.7166
FSLC100,2023-12-20,15940.9006
FSLC100,2023-12-21,15944.8964
FSLC100,2023-12-22,15923.0485
FSLC100,2023-12-25,15889.6383
FSLC100,2023-12-26,15887.3604
FSLC100,2023-12-27,15988.4542
FSLC100,2023-12-28,15857.0678
FSLC100,2023-12-29,15678.3193
FSLC100,2024-01-01,15944.4515
FSLC100,2024-01-02,16126.9164
FSLC100,2024-01-03,16143.6884
FSLC100,2024-01-04,16286.7266
FSLC100,2024-01-05,16368.6869
FSLC100,2024-01-08,15918.0924
FSLC100,2024-01-09,16006.3676
FSLC100,2024-01-10,16070.5311
FSLC100,2024-01-11,16023.8238
FSLC100,2024-01-12,15945.8881
FSLC100,2024-01-15,15924.9160
FSLC100,2024-01-16,15985.7405
FSLC100,2024-01-17,15895.1713
FSLC100,2024-01-18,15825.4761
FSLC100,2024-01-19,16042.7603
FSLC100,2024-01-22,16105.3250
FSLC100,2024-01-23,16008.6524
FSLC100,2024-01-24,15842.2208
FSLC100,2024-01-25,15915.1922
FSLC100,2024-01-26,15909.1147
FSLC100,2024-01-29,15862.7326
FSLC100,2024-01-30,16200.5574
FSLC100,2024-01-31,16376.8014
FSLC100,2024-02-01,16487.4216
FSLC100,2024-02-02,16226.6420
FSLC100,2024-02-05,16396.7332
FSLC100,2024-02-06,16254.6321
FSLC100,2024-02-07,16364.0334
FSLC100,2024-02-08,16364.7335
FSLC100,2024-02-09,16232.0996
FSLC100,2024-02-12,16253.0604
FSLC100,2024-02-13,16296.8281
FSLC100,2024-02-14,16363.3587
FSLC100,2024-02-15,16336.3693
FSLC100,2024-02-16,16444.2022
FSLC100,2024-02-19,16577.4946
FSLC100,2024-02-20,16488.7783
FSLC100,2024-02-21,16460.6012
FSLC100,2024-02-22,16482.7417
FSLC100,2024-02-23,16800.0922
FSLC100,2024-02-26,16908.5119
FSLC100,2024-02-27,16934.1159
FSLC100,2024-02-28,17074.8801
FSLC100,2024-02-29,17118.9667
FSLC100,2024-03-01,17214.0005
FSLC100,2024-03-04,17111.7815
FSLC100,2024-03-05,17099.1089
FSLC100,2024-03-06,17121.9439
FSLC100,2024-03-07,17276.6121
FSLC100,2024-03-08,17179.0153
FSLC100,2024-03-11,17366.3566
FSLC100,2024-03-12,17255.0733
FSLC100,2024-03-13,17254.6357
FSLC100,2024-03-14,17253.7497
FSLC100,2024-03-15,17209.2312
FSLC100,2024-03-18,16974.0738
FSLC100,2024-03-19,16983.8391
FSLC100,2024-03-20,17119.9238
FSLC100,2024-03-21,16771.0386
FSLC100,2024-03-22,16631.3094
FSLC100,2024-03-25,16787.2753
FSLC100,2024-03-26,16879.7096
FSLC100,2024-03-27,16816.6726
FSLC100,2024-03-28,17053.2573
FSLC100,2024-03-29,17216.2630
FSLC100,2024-04-01,17164.7582
FSLC100,2024-04-02,17155.0064
FSLC100,2024-04-03,16964.7419
FSLC100,2024-04-04,16906.9254
FSLC100,2024-04-05,16765.8073
FSLC100,2024-04-08,16748.6479
FSLC100,2024-04-09,16799.6521
FSLC100,2024-04-10,17005.4174
FSLC100,2024-04-11,17184.8985
FSLC100,2024-04-12,17164.0353
FSLC100,2024-04-15,17290.9525
FSLC100,2024-04-16,17335.0451
FSLC100,2024-04-17,17187.0565
FSLC100,2024-04-18,17352.1403
FSLC100,2024-04-19,17354.7742
FSLC100,2024-04-22,17315.8112
FSLC100,2024-04-23,17125.5394
FSLC100,2024-04-24,17071.2821
FSLC100,2024-04-25,17066.6232
FSLC100,2024-04-26,17159.5106
FSLC100,2024-04-29,17145.9188
FSLC100,2024-04-30,17101.5240
FSLC100,2024-05-01,16978.3896
FSLC100,2024-05-02,17091.2882
FSLC100,2024-05-03,17100.2105
FSLC100,2024-05-06,17161.1077
FSLC100,2024-05-07,17090.3973
FSLC100,2024-05-08,17015.2252
FSLC100,2024-05-09,17132.2593
FSLC100,2024-05-10,17089.6047
FSLC100,2024-05-13,17045.0686
FSLC100,2024-05-14,17080.7787
FSLC100,2024-05-15,16974.8413
FSLC100,2024-05-16,16885.0487
FSLC100,2024-05-17,16861.8905
FSLC100,2024-05-20,16989.2963
FSLC100,2024-05-21,17026.4166
FSLC100,2024-05-22,16801.5868
FSLC100,2024-05-23,16903.1212
FSLC100,2024-05-24,17009.4769
FSLC100,2024-05-27,17129.5514
FSLC100,2024-05-28,17246.3609
FSLC100,2024-05-29,17138.3469
FSLC100,2024-05-30,16974.1902
FSLC100,2024-05-31,16875.1958
FSLC100,2024-06-03,17178.9351
FSLC100,2024-06-04,16234.0937
FSLC100,2024-06-05,17127.4376
FSLC100,2024-06-06,16843.6098
FSLC100,2024-06-07,17522.3396
FSLC100,2024-06-10,17502.1438
FSLC100,2024-06-11,17689.9149
FSLC100,2024-06-12,17515.5515
FSLC100,2024-06-13,17946.5452
FSLC100,2024-06-14,17749.8117
FSLC100,2024-06-17,17854.8791
FSLC100,2024-06-18,17805.9592
FSLC100,2024-06-19,18025.6707
FSLC100,2024-06-20,18415.0095
FSLC100,2024-06-21,18085.9635
FSLC100,2024-06-24,17695.9294
FSLC100,2024-06-25,17702.6743
FSLC100,2024-06-26,17425.7191
FSLC100,2024-06-27,17276.2303
FSLC100,2024-06-28,17915.8774
FSLC100,2024-07-01,17890.7686
FSLC100,2024-07-02,17936.8306
FSLC100,2024-07-03,17939.8605
FSLC100,2024-07-04,17906.5414
FSLC100,2024-07-05,17970.0631
FSLC100,2024-07-08,17765.0043
FSLC100,2024-07-09,17977.8986
FSLC100,2024-07-10,18003.6403
FSLC100,2024-07-11,18361.3666
FSLC100,2024-07-12,18490.6805
FSLC100,2024-07-15,18449.7523
FSLC100,2024-07-16,18451.2134
FSLC100,2024-07-17,18496.8770
FSLC100,2024-07-18,18631.6514
FSLC100,2024-07-19,18618.6538
FSLC100,2024-07-22,18653.5610
FSLC100,2024-07-23,18632.3905
FSLC100,2024-07-24,18863.7012
FSLC100,2024-07-25,18986.3347
FSLC100,2024-07-26,19126.4443
FSLC100,2024-07-29,19432.6858
FSLC100,2024-07-30,19147.3026
FSLC100,2024-07-31,19091.2174
FSLC100,2024-08-01,19140.8834
FSLC100,2024-08-02,19093.6915
FSLC100,2024-08-05,19023.9956
FSLC100,2024-08-06,19096.4086
FSLC100,2024-08-07,18971.2619
FSLC100,2024-08-08,18878.7929
FSLC100,2024-08-09,18987.0068
FSLC100,2024-08-12,19233.3732
FSLC100,2024-08-13,19295.2928
FSLC100,2024-08-14,19494.3078
FSLC100,2024-08-15,19512.3954
FSLC100,2024-08-16,19539.2169
FSLC100,2024-08-19,19579.5810
FSLC100,2024-08-20,19505.4635
FSLC100,2024-08-21,19667.4953
FSLC100,2024-08-22,19475.5105
FSLC100,2024-08-23,19588.6896
FSLC100,2024-08-26,19592.3002
FSLC100,2024-08-27,19615.5675
FSLC100,2024-08-28,19726.1625
FSLC100,2024-08-29,19772.8815
FSLC100,2024-08-30,19665.6658
FSLC100,2024-09-02,19564.3045
FSLC100,2024-09-03,19583.9268
FSLC100,2024-09-04,19558.8263
FSLC100,2024-09-05,19643.5112
FSLC100,2024-09-06,19179.8255
FSLC100,2024-09-09,19175.1525
FSLC100,2024-09-10,19106.6761
FSLC100,2024-09-11,19135.3491
FSLC100,2024-09-12,19090.0903
FSLC100,2024-09-13,19014.0238
FSLC100,2024-09-16,19194.9412
FSLC100,2024-09-17,19027.8271
FSLC100,2024-09-18,19030.4142
FSLC100,2024-09-19,18772.9682
FSLC100,2024-09-20,18861.9908
FSLC100,2024-09-23,18745.5503
FSLC100,2024-09-24,18638.1861
FSLC100,2024-09-25,18477.0016
FSLC100,2024-09-26,18289.8354
FSLC100,2024-09-27,18297.7682
FSLC100,2024-09-30,18202.3858
FSLC100,2024-10-01,18278.8522
FSLC100,2024-10-02,18340.8596
FSLC100,2024-10-03,18360.4734
FSLC100,2024-10-04,18239.1643
FSLC100,2024-10-07,18197.7750
FSLC100,2024-10-08,18284.6438
FSLC100,2024-10-09,18212.2842
FSLC100,2024-10-10,18300.6942
FSLC100,2024-10-11,18341.6193
FSLC100,2024-10-14,18369.1104
FSLC100,2024-10-15,18060.7825
FSLC100,2024-10-16,18367.3339
FSLC100,2024-10-17,18465.2241
FSLC100,2024-10-18,18599.0728
FSLC100,2024-10-21,18430.9375
FSLC100,2024-10-22,18352.6272
FSLC100,2024-10-23,18387.3486
FSLC100,2024-10-24,18217.3034
FSLC100,2024-10-25,18187.4105
FSLC100,2024-10-28,18447.9750
FSLC100,2024-10-29,18566.5719
FSLC100,2024-10-30,18588.0983
FSLC100,2024-10-31,18512.1472
FSLC100,2024-11-01,18501.3496
FSLC100,2024-11-04,18601.3562
FSLC100,2024-11-05,18408.5206
FSLC100,2024-11-06,18373.7276
FSLC100,2024-11-07,18409.8904
FSLC100,2024-11-08,18627.4480
FSLC100,2024-11-11,18800.3497
FSLC100,2024-11-12,18869.3120
FSLC100,2024-11-13,18968.8537
FSLC100,2024-11-14,18914.3310
FSLC100,2024-11-15,18868.0695
FSLC100,2024-11-18,19010.4017
FSLC100,2024-11-19,19055.5835
FSLC100,2024-11-20,18946.9260
FSLC100,2024-11-21,19032.3018
FSLC100,2024-11-22,19023.2685
FSLC100,2024-11-25,19000.8367
FSLC100,2024-11-26,19031.9446
FSLC100,2024-11-27,18941.2969
FSLC100,2024-11-28,19163.1816
FSLC100,2024-11-29,19161.8761
FSLC100,2024-12-02,19334.5880
FSLC100,2024-12-03,19265.7808
FSLC100,2024-12-04,19225.4818
FSLC100,2024-12-05,19353.3810
FSLC100,2024-12-06,19445.8830
FSLC100,2024-12-09,19532.9103
FSLC100,2024-12-10,19452.2422
FSLC100,2024-12-11,19559.8398
FSLC100,2024-12-12,19785.2106
FSLC100,2024-12-13,19553.5573
FSLC100,2024-12-16,19471.4860
FSLC100,2024-12-17,19164.1184
FSLC100,2024-12-18,19102.5761
FSLC100,2024-12-19,19003.5288
FSLC100,2024-12-20,18967.7735
FSLC100,2024-12-23,18822.4968
FSLC100,2024-12-24,18844.6545
FSLC100,2024-12-25,18765.9146
FSLC100,2024-12-26,18789.9089
FSLC100,2024-12-27,18999.9497
FSLC100,2024-12-30,19019.6917
FSLC100,2024-12-31,19070.5855
FSLC100,2025-01-01,19286.1663
FSLC100,2025-01-02,19391.8210
FSLC100,2025-01-03,19241.6918
FSLC100,2025-01-06,19419.8984
FSLC100,2025-01-07,19492.0389
FSLC100,2025-01-08,19472.2246
FSLC100,2025-01-09,19554.0114
FSLC100,2025-01-10,19618.2198
FSLC100,2025-01-13,19698.8328
FSLC100,2025-01-14,19684.4479
FSLC100,2025-01-15,19922.5659
FSLC100,2025-01-16,20009.1021
FSLC100,2025-01-17,19944.9682
FSLC100,2025-01-20,20127.9157
FSLC100,2025-01-21,20239.0956
FSLC100,2025-01-22,20289.7137
FSLC100,2025-01-23,20623.7784
FSLC100,2025-01-24,20519.6442
FSLC100,2025-01-27,20427.5793
FSLC100,2025-01-28,20519.5193
FSLC100,2025-01-29,20576.1372
FSLC100,2025-01-30,20541.9176
FSLC100,2025-01-31,20696.1281
FSLC100,2025-02-03,20741.8285
FSLC100,2025-02-04,20633.7150
FSLC100,2025-02-05,20499.4140
FSLC100,2025-02-06,20183.7332
FSLC100,2025-02-07,21463.7692
FSLC100,2025-02-10,21581.3185
FSLC100,2025-02-11,21708.7500
FSLC100,2025-02-12,21911.6740
FSLC100,2025-02-13,21862.0342
FSLC100,2025-02-14,22220.7818
FSLC100,2025-02-17,22237.4224
FSLC100,2025-02-18,22383.9485
FSLC100,2025-02-19,22533.2745
FSLC100,2025-02-20,22574.1378
FSLC100,2025-02-21,22610.7460
FSLC100,2025-02-24,22797.4345
FSLC100,2025-02-25,22832.2031
FSLC100,2025-02-26,22731.0607
FSLC100,2025-02-27,22693.0430
FSLC100,2025-02-28,22652.1166
FSLC100,2025-03-03,22924.1637
FSLC100,2025-03-04,23039.2039
FSLC100,2025-03-05,22923.2842
FSLC100,2025-03-06,22862.8543
FSLC100,2025-03-07,22769.3198
FSLC100,2025-03-10,22767.5129
FSLC100,2025-03-11,22757.8719
FSLC100,2025-03-12,22964.3767
FSLC100,2025-03-13,22789.3129
FSLC100,2025-03-14,22953.9855
FSLC100,2025-03-17,22959.4491
FSLC100,2025-03-18,22811.1315
FSLC100,2025-03-19,22958.4523
FSLC100,2025-03-20,23297.2590
FSLC100,2025-03-21,23180.9397
FSLC100,2025-03-24,22701.2083
FSLC100,2025-03-25,22688.4494
FSLC100,2025-03-26,22755.1239
FSLC100,2025-03-27,22813.3448
FSLC100,2025-03-28,22656.7444
FSLC100,2025-03-31,22610.5172
FSLC100,2025-04-01,22539.8288
FSLC100,2025-04-02,22607.5599
FSLC100,2025-04-03,23549.4227
FSLC100,2025-04-04,23350.5772
FSLC100,2025-04-07,23225.3446
FSLC100,2025-04-08,23234.7809
FSLC100,2025-04-09,23254.1392
FSLC100,2025-04-10,23117.8087
FSLC100,2025-04-11,23115.8031
FSLC100,2025-04-14,22989.7149
FSLC100,2025-04-15,22683.7289
FSLC100,2025-04-16,22714.3458
FSLC100,2025-04-17,22802.8127
FSLC100,2025-04-18,22980.6162
FSLC100,2025-04-21,22905.9222
FSLC100,2025-04-22,22894.6500
FSLC100,2025-04-23,22884.3909
FSLC100,2025-04-24,22780.5523
FSLC100,2025-04-25,22662.0885
FSLC100,2025-04-28,22754.6069
FSLC100,2025-04-29,22694.8458
FSLC100,2025-04-30,22821.2274
FSLC100,2025-05-01,22611.4306
FSLC100,2025-05-02,22516.1561
FSLC100,2025-05-05,22680.9363
FSLC100,2025-05-06,22498.8108
FSLC100,2025-05-07,22470.8842
FSLC100,2025-05-08,22613.2419
FSLC100,2025-05-09,22780.6903
FSLC100,2025-05-12,22571.0978
FSLC100,2025-05-13,22248.1665
FSLC100,2025-05-14,22257.7714
FSLC100,2025-05-15,22247.0627
FSLC100,2025-05-16,22226.6556
FSLC100,2025-05-19,21947.5720
FSLC100,2025-05-20,22109.1914
FSLC100,2025-05-21,22418.4185
FSLC100,2025-05-22,22318.7269
FSLC100,2025-05-23,22321.2133
FSLC100,2025-05-26,22243.5042
FSLC100,2025-05-27,22302.4681
FSLC100,2025-05-28,22436.8656
FSLC100,2025-05-29,22697.3446
FSLC100,2025-05-30,23133.0863
FSLC100,2025-06-02,23330.6626
FSLC100,2025-06-03,23194.4814
FSLC100,2025-06-04,23258.1686
FSLC100,2025-06-05,22994.8993
FSLC100,2025-06-06,23015.8409
FSLC100,2025-06-09,22996.5015
FSLC100,2025-06-10,23051.7749
FSLC100,2025-06-11,23079.0250
FSLC100,2025-06-12,23037.3276
FSLC100,2025-06-13,22971.6351
FSLC100,2025-06-16,22983.2275
FSLC100,2025-06-17,22938.4277
FSLC100,2025-06-18,22936.4175
FSLC100,2025-06-19,22968.3493
FSLC100,2025-06-20,23215.6495
FSLC100,2025-06-23,23187.8136
FSLC100,2025-06-24,22998.6766
FSLC100,2025-06-25,23030.4588
FSLC100,2025-06-26,23011.6405
FSLC100,2025-06-27,22967.8231
FSLC100,2025-06-30,23093.8419
FSLC100,2025-07-01,23246.5449
FSLC100,2025-07-02,23411.9306
FSLC100,2025-07-03,23561.4085
FSLC100,2025-07-04,23634.6430
FSLC100,2025-07-07,23618.2449
FSLC100,2025-07-08,23491.7996
FSLC100,2025-07-09,23871.0073
FSLC100,2025-07-10,23988.2578
FSLC100,2025-07-11,24105.5403
FSLC100,2025-07-14,23824.2808
FSLC100,2025-07-15,23940.7981
FSLC100,2025-07-16,24001.9321
FSLC100,2025-07-17,23734.0626
FSLC100,2025-07-18,23698.5791
FSLC100,2025-07-21,23409.3005
FSLC100,2025-07-22,23366.7326
FSLC100,2025-07-23,23502.0456
FSLC100,2025-07-24,23369.6251
FSLC100,2025-07-25,23381.4371
FSLC100,2025-07-28,23362.7272
FSLC100,2025-07-29,23478.7279
FSLC100,2025-07-30,23349.4612
FSLC100,2025-07-31,23439.3950
FSLC100,2025-08-01,23508.8872
FSLC100,2025-08-04,23345.7374
FSLC100,2025-08-05,23309.6523
FSLC100,2025-08-06,23386.2692
FSLC100,2025-08-07,23391.6527
FSLC100,2025-08-08,23338.1924
FSLC100,2025-08-11,23122.7959
FSLC100,2025-08-12,23048.0686
FSLC100,2025-08-13,23102.6253
FSLC100,2025-08-14,23304.8968
FSLC100,2025-08-15,23193.4169
FSLC100,2025-08-18,23173.9464
FSLC100,2025-08-19,23510.5550
FSLC100,2025-08-20,23557.5180
FSLC100,2025-08-21,23404.7660
FSLC100,2025-08-22,23286.4950
FSLC100,2025-08-25,23158.9873
FSLC100,2025-08-26,23435.6231
FSLC100,2025-08-27,23434.0361
FSLC100,2025-08-28,23859.9473
FSLC100,2025-08-29,23862.3736
FSLC100,2025-09-01,23576.3881
FSLC100,2025-09-02,23661.5705
FSLC100,2025-09-03,23707.7764
FSLC100,2025-09-04,24107.7281
FSLC100,2025-09-05,24134.8945
FSLC100,2025-09-08,24279.6710
FSLC100,2025-09-09,24069.5840
FSLC100,2025-09-10,24054.7068
FSLC100,2025-09-11,24010.8405
FSLC100,2025-09-12,24052.3280
FSLC100,2025-09-15,24248.3766
FSLC100,2025-09-16,23976.1099
FSLC100,2025-09-17,23957.1613
FSLC100,2025-09-18,24044.1322
FSLC100,2025-09-19,24134.6706
FSLC100,2025-09-22,22652.9108
FSLC100,2025-09-23,22796.9153
FSLC100,2025-09-24,22838.3409
FSLC100,2025-09-25,22657.6298
FSLC100,2025-09-26,22629.6666
FSLC100,2025-09-29,22782.7482
FSLC100,2025-09-30,23170.5881
FSLC100,2025-10-01,23225.4778
FSLC100,2025-10-02,23418.9921
FSLC100,2025-10-03,23221.8548
FSLC100,2025-10-06,23358.3179
FSLC100,2025-10-07,23363.7118
FSLC100,2025-10-08,23345.9174
FSLC100,2025-10-09,23212.7607
FSLC100,2025-10-10,23256.7197
FSLC100,2025-10-13,23203.0806
FSLC100,2025-10-14,23243.7977
FSLC100,2025-10-15,23384.1768
FSLC100,2025-10-16,23507.5198
FSLC100,2025-10-17,23710.2565
FSLC100,2025-10-20,23491.3347
FSLC100,2025-10-21,23168.2423
FSLC100,2025-10-22,22848.1080
FSLC100,2025-10-23,22616.6214
FSLC100,2025-10-24,22652.2001
FSLC100,2025-10-27,22714.2699
FSLC100,2025-10-28,22738.4506
FSLC100,2025-10-29,22938.0760
FSLC100,2025-10-30,22922.5144
FSLC100,2025-10-31,22674.5232
FSLC100,2025-11-03,22577.7307
FSLC100,2025-11-04,22611.5982
FSLC100,2025-11-05,22749.6367
FSLC100,2025-11-06,23042.0287
FSLC100,2025-11-07,23104.2418
FSLC100,2025-11-10,23038.0203
FSLC100,2025-11-11,23114.3756
FSLC100,2025-11-12,23250.5719
FSLC100,2025-11-13,23263.2881
FSLC100,2025-11-14,23353.4751
FSLC100,2025-11-17,23556.9905
FSLC100,2025-11-18,23790.8387
FSLC100,2025-11-19,23848.4650
FSLC100,2025-11-20,23522.1311
FSLC100,2025-11-21,23359.8953
FSLC100,2025-11-24,23075.6559
FSLC100,2025-11-25,23126.4954
FSLC100,2025-11-26,23372.3843
FSLC100,2025-11-27,23257.8563
FSLC100,2025-11-28,23386.3175
FSLC100,2025-12-01,23892.2452
FSLC100,2025-12-02,23872.0094
FSLC100,2025-12-03,23647.6516
FSLC100,2025-12-04,23503.7867
FSLC100,2025-12-05,23520.9014
FSLC100,2025-12-08,23537.2173
FSLC100,2025-12-09,23571.4661
FSLC100,2025-12-10,23609.2673
FSLC100,2025-12-11,23604.3521
FSLC100,2025-12-12,23753.6378
FSLC100,2025-12-15,23675.0961
FSLC100,2025-12-16,23670.3271
FSLC100,2025-12-17,23558.9562
FSLC100,2025-12-18,23595.5148
FSLC100,2025-12-19,23513.2908
FSLC100,2025-12-22,23444.5062
FSLC100,2025-12-23,23738.5889
FSLC100,2025-12-24,23699.7174
FSLC100,2025-12-25,23708.3355
FSLC100,2025-12-26,23882.4174
FSLC100,2025-12-29,23927.9645
FSLC100,2025-12-30,23787.3390
FSLC100,2025-12-31,23776.3360
FSLC100,2026-01-01,23857.0576
FSLC100,2026-01-02,23987.6371
FSLC100,2026-01-05,23924.6830
FSLC100,2026-01-06,23646.3159
FSLC100,2026-01-07,23479.9350
FSLC100,2026-01-08,23293.4240
FSLC100,2026-01-09,23298.6217
FSLC100,2026-01-12,23331.3736
FSLC100,2026-01-13,23203.1845
FSLC100,2026-01-14,24135.5525
FSLC100,2026-01-15,23469.1948
FSLC100,2026-01-16,23411.0367
FSLC100,2026-01-19,23332.1655
FSLC100,2026-01-20,23798.7743
FSLC100,2026-01-21,24059.4607
FSLC100,2026-01-22,24521.3423
FSLC100,2026-01-23,24669.5205
FSLC100,2026-01-26,25077.4441
FSLC100,2026-01-27,25028.1849
FSLC100,2026-01-28,25036.2420
FSLC100,2026-01-29,24938.1932
FSLC100,2026-01-30,24701.8341
FSLC100,2026-02-02,24934.0171
FSLC100,2026-02-03,25186.2377
FSLC100,2026-02-04,24897.4167
FSLC100,2026-02-05,25339.3587
FSLC100,2026-02-06,25654.8883
FSLC100,2026-02-09,25696.0414
FSLC100,2026-02-10,26107.8915
FSLC100,2026-02-11,26139.6050
FSLC100,2026-02-12,26045.2850
FSLC100,2026-02-13,25870.4525
FSLC100,2026-02-16,25883.0336
FSLC100,2026-02-17,25668.6063
FSLC100,2026-02-18,25644.4975
FSLC100,2026-02-19,25686.6329
FSLC100,2026-02-20,25103.5931
FSLC100,2026-02-23,24853.4901
FSLC100,2026-02-24,25302.3383
FSLC100,2026-02-25,25469.1260
FSLC100,2026-02-26,25448.1342
FSLC100,2026-02-27,25396.8665
FSLC100,2026-03-02,25851.2992
FSLC100,2026-03-03,25593.3446
FSLC100,2026-03-04,26034.6578
FSLC100,2026-03-05,25899.5516
FSLC100,2026-03-06,25909.2491
FSLC100,2026-03-09,25693.9629
FSLC100,2026-03-10,25310.0378
FSLC100,2026-03-11,25176.3162
FSLC100,2026-03-12,25391.3549
FSLC100,2026-03-13,25624.9197
FSLC100,2026-03-16,25882.7151
FSLC100,2026-03-17,24954.5517
FSLC100,2026-03-18,23852.7782
FSLC100,2026-03-19,23897.7299
FSLC100,2026-03-20,23726.7212
FSLC100,2026-03-23,23311.6241
FSLC100,2026-03-24,23216.1717
FSLC100,2026-03-25,23381.4060
FSLC100,2026-03-26,23126.2502
FSLC100,2026-03-27,23622.0156
FSLC100,2026-03-30,23173.6086
FSLC100,2026-03-31,23335.6362
FSLC100,2026-04-01,23220.2063
FSLC100,2026-04-02,23259.0634
FSLC100,2026-04-03,23269.8993
FSLC100,2026-04-06,23024.7104
FSLC100,2026-04-07,22994.9778
FSLC100,2026-04-08,22857.0693
FSLC100,2026-04-09,22733.3200
FSLC100,2026-04-10,22647.1673
FSLC100,2026-04-13,22574.7484
FSLC100,2026-04-14,22736.5920
FSLC100,2026-04-15,22592.8824
FSLC100,2026-04-16,22734.4530
FSLC100,2026-04-17,22878.8271
FSLC100,2026-04-20,22879.2802
FSLC100,2026-04-21,22898.2173
FSLC100,2026-04-22,23065.5096
FSLC100,2026-04-23,23456.3435
FSLC100,2026-04-24,23558.1533
FSLC100,2026-04-27,23293.6940
FSLC100,2026-04-28,23248.0572
FSLC100,2026-04-29,23454.5395
FSLC100,2026-04-30,23890.1347
FSLC100,2026-05-01,23989.2543
FSLC100,2026-05-04,24056.1635
FSLC100,2026-05-05,23615.9646
FSLC100,2026-05-06,23390.5267
FSLC100,2026-05-07,22824.1903
FSLC100,2026-05-08,23209.1686
FSLC100,2026-05-11,23099.6841
FSLC100,2026-05-12,22875.2153
FSLC100,2026-05-13,22733.4489
FSLC100,2026-05-14,22517.9754
FSLC100,2026-05-15,22203.3898
FSLC100,2026-05-18,21972.3922
FSLC100,2026-05-19,21490.4727
FSLC100,2026-05-20,21413.7017
FSLC100,2026-05-21,21211.3610
FSLC100,2026-05-22,21349.5047
FSLC100,2026-05-25,21375.4704
FSLC100,2026-05-26,20940.6098
FSLC100,2026-05-27,21014.5220
FSLC100,2026-05-28,20933.1475
FSLC100,2026-05-29,21035.6771
FSLC100,2026-06-01,21176.0281
FSLC100,2026-06-02,21080.9670
FSLC100,2026-06-03,21060.5765
FSLC100,2026-06-04,21197.8254
FSLC100,2026-06-05,21316.5822
FSLC100,2026-06-08,21967.4659
FSLC100,2026-06-09,21863.4849
FSLC100,2026-06-10,21529.6099
FSLC100,2026-06-11,21605.6346
FSLC100,2026-06-12,21635.7472
FSLC100,2026-06-15,21508.8058
FSLC100,2026-06-16,21210.3399
FSLC100,2026-06-17,21129.6612
FSLC100,2026-06-18,21043.7798
FSLC100,2026-06-19,20926.8604
FSLC100,2026-06-22,20858.4377
FSLC100,2026-06-23,20932.4760
FSLC100,2026-06-24,20988.9415
FSLC100,2026-06-25,21149.7317
FSLC100,2026-06-26,21312.5893
FSLC100,2026-06-29,21437.1171
FSLC100,2026-06-30,21457.1027
FSLC100,2026-07-01,21608.7095
FSLC100,2026-07-02,21685.6984
FSLC100,2026-07-03,21474.5386
FSLC100,2026-07-06,21469.7727
FSLC100,2026-07-07,21375.4280
FSLC100,2026-07-08,21559.8185
FSLC100,2026-07-09,21578.3270
FSLC100,2026-07-10,21737.3504
FSLC100,2026-07-13,21725.0064
FSLC100,2026-07-14,21341.1072
FSLC100,2026-07-15,21452.9752
FSLC100,2026-07-16,21475.1803
FSLC100,2026-07-17,21712.6494
FSLC100,2026-07-20,22054.8032
FSLC100,2026-07-21,22317.5659
FSLC100,2026-07-22,22292.3085
FSLC100,2026-07-23,22006.4664
FSLC100,2026-07-24,22094.5872
FSLC100,2026-07-27,22157.3615
FSLC100,2026-07-28,22022.3758
FSLC100,2026-07-29,21769.1019
FSLC100,2026-07-30,21932.7004
FSLC100,2026-07-31,22031.2992
FSLC100,2026-08-03,22061.4205
FSLC100,2026-08-04,21976.5125
FSLC100,2026-08-05,22050.5302
FSLC100,2026-08-06,22193.9648
FSLC100,2026-08-07,21653.9397
FSLC100,2026-08-10,21711.9198
FSLC100,2026-08-11,21588.1892
FSLC100,2026-08-12,20973.7617
FSLC100,2026-08-13,20992.2018
FSLC100,2026-08-14,20794.7548
FSLC100,2026-08-17,20596.7042
FSLC100,2026-08-18,20423.8569
FSLC100,2026-08-19,20109.7843
FSLC100,2026-08-20,20171.2602
FSLC100,2026-08-21,19929.7193
FSLC100,2026-08-24,20003.1398
FSLC100,2026-08-25,20148.1749
FSLC100,2026-08-26,20069.8394
FSLC100,2026-08-27,20122.0452
FSLC100,2026-08-28,20230.4956
FSLC100,2026-08-31,20374.3477
FSLC100,2026-09-01,20282.4231
FSLC100,2026-09-02,20208.2917
FSLC100,2026-09-03,20080.4627
FSLC100,2026-09-04,20056.2520
FSLC100,2026-09-07,20097.9257
FSLC100,2026-09-08,19952.2345
FSLC100,2026-09-09,20027.4863
FSLC100,2026-09-10,19985.6289
FSLC100,2026-09-11,20069.9833
FSLC100,2026-09-14,19987.1432
FSLC100,2026-09-15,19858.2304
FSLC100,2026-09-16,19711.4341
FSLC100,2026-09-17,19728.9126
FSLC100,2026-09-18,19628.7931
FSLC100,2026-09-21,19737.9826
FSLC100,2026-09-22,19729.6871
FSLC100,2026-09-23,19806.5047
FSLC100,2026-09-24,19630.5292
FSLC100,2026-09-25,18986.5175
FSLC100,2026-09-28,18897.7002
FSLC100,2026-09-29,18663.7376
FSLC100,2026-09-30,18453.5988
FSMC150,2021-01-04,10064.0375
FSMC150,2021-01-05,9961.9081
FSMC150,2021-01-06,10026.6037
FSMC150,2021-01-07,10150.4410
FSMC150,2021-01-08,10205.5998
FSMC150,2021-01-11,10134.0397
FSMC150,2021-01-12,10077.2272
FSMC150,2021-01-13,10019.7564
FSMC150,2021-01-14,10131.1280
FSMC150,2021-01-15,10133.7143
FSMC150,2021-01-18,10314.4095
FSMC150,2021-01-19,10464.4712
FSMC150,2021-01-20,10570.1444
FSMC150,2021-01-21,10518.0219
FSMC150,2021-01-22,10682.4703
FSMC150,2021-01-25,10653.3300
FSMC150,2021-01-26,10526.0649
FSMC150,2021-01-27,10239.4052
FSMC150,2021-01-28,10252.0891
FSMC150,2021-01-29,10288.3600
FSMC150,2021-02-01,10013.8734
FSMC150,2021-02-02,9979.8012
FSMC150,2021-02-03,10020.9159
FSMC150,2021-02-04,10089.1949
FSMC150,2021-02-05,10045.2666
FSMC150,2021-02-08,10185.7953
FSMC150,2021-02-09,10190.8925
FSMC150,2021-02-10,10180.1584
FSMC150,2021-02-11,10230.0366
FSMC150,2021-02-12,9984.6973
FSMC150,2021-02-15,9881.7959
FSMC150,2021-02-16,9903.1880
FSMC150,2021-02-17,10031.8878
FSMC150,2021-02-18,10046.3929
FSMC150,2021-02-19,10233.9174
FSMC150,2021-02-22,10186.9103
FSMC150,2021-02-23,10183.4026
FSMC150,2021-02-24,10261.6999
FSMC150,2021-02-25,10341.5352
FSMC150,2021-02-26,10380.3903
FSMC150,2021-03-01,10450.2034
FSMC150,2021-03-02,10463.6486
FSMC150,2021-03-03,10692.5779
FSMC150,2021-03-04,10662.9300
FSMC150,2021-03-05,10856.3274
FSMC150,2021-03-08,10862.9368
FSMC150,2021-03-09,10825.0363
FSMC150,2021-03-10,10882.6584
FSMC150,2021-03-11,10995.9930
FSMC150,2021-03-12,10796.8585
FSMC150,2021-03-15,10754.1152
FSMC150,2021-03-16,10698.9522
FSMC150,2021-03-17,10728.6573
FSMC150,2021-03-18,10612.8973
FSMC150,2021-03-19,10759.5020
FSMC150,2021-03-22,10728.9373
FSMC150,2021-03-23,10773.4826
FSMC150,2021-03-24,10679.6963
FSMC150,2021-03-25,10589.1742
FSMC150,2021-03-26,10517.6725
FSMC150,2021-03-29,10333.1874
FSMC150,2021-03-30,10064.1482
FSMC150,2021-03-31,9962.7836
FSMC150,2021-04-01,9988.9561
FSMC150,2021-04-02,9934.6139
FSMC150,2021-04-05,9681.0860
FSMC150,2021-04-06,9628.1099
FSMC150,2021-04-07,9587.9926
FSMC150,2021-04-08,9674.9487
FSMC150,2021-04-09,9668.4003
FSMC150,2021-04-12,9616.7984
FSMC150,2021-04-13,9595.2693
FSMC150,2021-04-14,9712.1840
FSMC150,2021-04-15,9778.4465
FSMC150,2021-04-16,9692.0547
FSMC150,2021-04-19,9593.4201
FSMC150,2021-04-20,9592.1487
FSMC150,2021-04-21,9523.2072
FSMC150,2021-04-22,9618.4387
FSMC150,2021-04-23,9522.6812
FSMC150,2021-04-26,9568.7476
FSMC150,2021-04-27,9658.2506
FSMC150,2021-04-28,9532.5508
FSMC150,2021-04-29,9583.7407
FSMC150,2021-04-30,9544.5046
FSMC150,2021-05-03,9724.1741
FSMC150,2021-05-04,9699.4845
FSMC150,2021-05-05,9606.1252
FSMC150,2021-05-06,9473.8495
FSMC150,2021-05-07,9487.3871
FSMC150,2021-05-10,9612.0655
FSMC150,2021-05-11,9473.9471
FSMC150,2021-05-12,9518.6617
FSMC150,2021-05-13,9422.5918
FSMC150,2021-05-14,9398.5656
FSMC150,2021-05-17,9396.1213
FSMC150,2021-05-18,9361.4225
FSMC150,2021-05-19,9310.1982
FSMC150,2021-05-20,9354.5177
FSMC150,2021-05-21,9322.9336
FSMC150,2021-05-24,9402.0058
FSMC150,2021-05-25,9636.2784
FSMC150,2021-05-26,9693.2606
FSMC150,2021-05-27,9801.0803
FSMC150,2021-05-28,9801.5871
FSMC150,2021-05-31,9875.7645
FSMC150,2021-06-01,10018.6694
FSMC150,2021-06-02,9912.5567
FSMC150,2021-06-03,9828.3401
FSMC150,2021-06-04,9718.9246
FSMC150,2021-06-07,9763.5538
FSMC150,2021-06-08,9779.1111
FSMC150,2021-06-09,9811.2379
FSMC150,2021-06-10,9776.0639
FSMC150,2021-06-11,9654.0798
FSMC150,2021-06-14,9675.8892
FSMC150,2021-06-15,9665.0130
FSMC150,2021-06-16,9697.6513
FSMC150,2021-06-17,9692.2197
FSMC150,2021-06-18,9687.2847
FSMC150,2021-06-21,9600.8562
FSMC150,2021-06-22,9499.0026
FSMC150,2021-06-23,9434.5112
FSMC150,2021-06-24,9446.7673
FSMC150,2021-06-25,9451.7159
FSMC150,2021-06-28,9579.3942
FSMC150,2021-06-29,9509.8163
FSMC150,2021-06-30,9506.0171
FSMC150,2021-07-01,9526.1593
FSMC150,2021-07-02,9416.1049
FSMC150,2021-07-05,9350.3241
FSMC150,2021-07-06,9186.6647
FSMC150,2021-07-07,9210.9467
FSMC150,2021-07-08,9200.0847
FSMC150,2021-07-09,9152.3884
FSMC150,2021-07-12,9324.6085
FSMC150,2021-07-13,9309.6017
FSMC150,2021-07-14,9373.2553
FSMC150,2021-07-15,9295.3727
FSMC150,2021-07-16,9348.9415
FSMC150,2021-07-19,9422.3900
FSMC150,2021-07-20,9371.9976
FSMC150,2021-07-21,9416.4447
FSMC150,2021-07-22,9406.3994
FSMC150,2021-07-23,9313.6161
FSMC150,2021-07-26,9344.5702
FSMC150,2021-07-27,9394.0094
FSMC150,2021-07-28,9388.1414
FSMC150,2021-07-29,9294.5757
FSMC150,2021-07-30,9268.5348
FSMC150,2021-08-02,9270.3229
FSMC150,2021-08-03,9269.5983
FSMC150,2021-08-04,9267.9604
FSMC150,2021-08-05,9172.9416
FSMC150,2021-08-06,9148.0793
FSMC150,2021-08-09,9152.4444
FSMC150,2021-08-10,9304.0516
FSMC150,2021-08-11,9432.5357
FSMC150,2021-08-12,9324.4314
FSMC150,2021-08-13,9098.4789
FSMC150,2021-08-16,9302.8871
FSMC150,2021-08-17,9394.8894
FSMC150,2021-08-18,9175.9821
FSMC150,2021-08-19,9184.7777
FSMC150,2021-08-20,9184.8252
FSMC150,2021-08-23,9326.7163
FSMC150,2021-08-24,9324.3142
FSMC150,2021-08-25,9427.9288
FSMC150,2021-08-26,9356.4052
FSMC150,2021-08-27,9406.6190
FSMC150,2021-08-30,9422.8117
FSMC150,2021-08-31,9526.2687
FSMC150,2021-09-01,9510.7106
FSMC150,2021-09-02,9586.1622
FSMC150,2021-09-03,9619.5074
FSMC150,2021-09-06,9629.2422
FSMC150,2021-09-07,9881.1317
FSMC150,2021-09-08,9692.5579
FSMC150,2021-09-09,9779.2258
FSMC150,2021-09-10,9842.9465
FSMC150,2021-09-13,9823.6786
FSMC150,2021-09-14,9701.7628
FSMC150,2021-09-15,9699.7133
FSMC150,2021-09-16,9799.0238
FSMC150,2021-09-17,9829.3400
FSMC150,2021-09-20,9920.2059
FSMC150,2021-09-21,9833.6377
FSMC150,2021-09-22,9950.3518
FSMC150,2021-09-23,10125.2903
FSMC150,2021-09-24,10069.5803
FSMC150,2021-09-27,10059.3950
FSMC150,2021-09-28,10177.8767
FSMC150,2021-09-29,10165.4006
FSMC150,2021-09-30,10233.1494
FSMC150,2021-10-01,10313.3128
FSMC150,2021-10-04,10172.0784
FSMC150,2021-10-05,10161.8826
FSMC150,2021-10-06,10099.6974
FSMC150,2021-10-07,10148.7624
FSMC150,2021-10-08,10172.8039
FSMC150,2021-10-11,10219.5396
FSMC150,2021-10-12,10132.3753
FSMC150,2021-10-13,10187.8861
FSMC150,2021-10-14,10400.7957
FSMC150,2021-10-15,10512.8925
FSMC150,2021-10-18,10428.8717
FSMC150,2021-10-19,10389.1608
FSMC150,2021-10-20,10445.1360
FSMC150,2021-10-21,10407.6303
FSMC150,2021-10-22,10290.4641
FSMC150,2021-10-25,10332.1080
FSMC150,2021-10-26,10229.1122
FSMC150,2021-10-27,10095.2223
FSMC150,2021-10-28,9958.8457
FSMC150,2021-10-29,9987.7464
FSMC150,2021-11-01,10081.6261
FSMC150,2021-11-02,10005.5515
FSMC150,2021-11-03,9973.6679
FSMC150,2021-11-04,9839.9669
FSMC150,2021-11-05,9956.8994
FSMC150,2021-11-08,10052.8386
FSMC150,2021-11-09,10176.3236
FSMC150,2021-11-10,10107.7968
FSMC150,2021-11-11,10188.9419
FSMC150,2021-11-12,10155.8904
FSMC150,2021-11-15,10223.5918
FSMC150,2021-11-16,10110.6184
FSMC150,2021-11-17,10070.4705
FSMC150,2021-11-18,10165.5459
FSMC150,2021-11-19,10178.7078
FSMC150,2021-11-22,10368.0541
FSMC150,2021-11-23,10514.2848
FSMC150,2021-11-24,10399.8774
FSMC150,2021-11-25,10260.1469
FSMC150,2021-11-26,10231.8628
FSMC150,2021-11-29,10256.6455
FSMC150,2021-11-30,10161.7962
FSMC150,2021-12-01,10083.8085
FSMC150,2021-12-02,10087.9951
FSMC150,2021-12-03,9914.6807
FSMC150,2021-12-06,10013.3792
FSMC150,2021-12-07,10163.2431
FSMC150,2021-12-08,10326.5378
FSMC150,2021-12-09,10273.6117
FSMC150,2021-12-10,10144.4162
FSMC150,2021-12-13,10148.0849
FSMC150,2021-12-14,10095.0622
FSMC150,2021-12-15,9997.9381
FSMC150,2021-12-16,10142.9300
FSMC150,2021-12-17,10194.4437
FSMC150,2021-12-20,10196.0040
FSMC150,2021-12-21,10070.5423
FSMC150,2021-12-22,10016.2134
FSMC150,2021-12-23,10202.0326
FSMC150,2021-12-24,10385.2709
FSMC150,2021-12-27,10400.5857
FSMC150,2021-12-28,10601.6567
FSMC150,2021-12-29,10615.1131
FSMC150,2021-12-30,10607.5531
FSMC150,2021-12-31,10590.8513
FSMC150,2022-01-03,10493.0298
FSMC150,2022-01-04,10436.7928
FSMC150,2022-01-05,10632.6526
FSMC150,2022-01-06,10660.0990
FSMC150,2022-01-07,10823.1117
FSMC150,2022-01-10,10570.6057
FSMC150,2022-01-11,10612.8051
FSMC150,2022-01-12,10655.4796
FSMC150,2022-01-13,10661.0402
FSMC150,2022-01-14,10556.9627
FSMC150,2022-01-17,10623.5735
FSMC150,2022-01-18,10710.4946
FSMC150,2022-01-19,10646.0272
FSMC150,2022-01-20,10677.4186
FSMC150,2022-01-21,10527.5208
FSMC150,2022-01-24,10516.3398
FSMC150,2022-01-25,10575.1000
FSMC150,2022-01-26,10398.5495
FSMC150,2022-01-27,10634.6827
FSMC150,2022-01-28,10605.4780
FSMC150,2022-01-31,10593.6123
FSMC150,2022-02-01,10497.4600
FSMC150,2022-02-02,10670.1210
FSMC150,2022-02-03,10572.9964
FSMC150,2022-02-04,10837.4523
FSMC150,2022-02-07,10874.7434
FSMC150,2022-02-08,11044.9774
FSMC150,2022-02-09,11110.7243
FSMC150,2022-02-10,11120.6087
FSMC150,2022-02-11,10980.8365
FSMC150,2022-02-14,11004.9485
FSMC150,2022-02-15,10869.0791
FSMC150,2022-02-16,10863.9411
FSMC150,2022-02-17,10988.2882
FSMC150,2022-02-18,11321.4283
FSMC150,2022-02-21,11505.2653
FSMC150,2022-02-22,11469.9050
FSMC150,2022-02-23,11350.6423
FSMC150,2022-02-24,11180.0225
FSMC150,2022-02-25,11120.3103
FSMC150,2022-02-28,11228.4461
FSMC150,2022-03-01,11185.9395
FSMC150,2022-03-02,11129.6576
FSMC150,2022-03-03,11148.2986
FSMC150,2022-03-04,11187.1532
FSMC150,2022-03-07,11082.5094
FSMC150,2022-03-08,11152.1287
FSMC150,2022-03-09,11209.7632
FSMC150,2022-03-10,11058.1134
FSMC150,2022-03-11,10997.9951
FSMC150,2022-03-14,10998.3136
FSMC150,2022-03-15,10974.0493
FSMC150,2022-03-16,11010.6723
FSMC150,2022-03-17,11134.3492
FSMC150,2022-03-18,11313.2170
FSMC150,2022-03-21,11348.8934
FSMC150,2022-03-22,11413.8330
FSMC150,2022-03-23,11563.3106
FSMC150,2022-03-24,11563.3298
FSMC150,2022-03-25,11494.5591
FSMC150,2022-03-28,11512.7190
FSMC150,2022-03-29,11728.8151
FSMC150,2022-03-30,11594.5856
FSMC150,2022-03-31,11643.5177
FSMC150,2022-04-01,11479.4893
FSMC150,2022-04-04,11656.5247
FSMC150,2022-04-05,11553.4251
FSMC150,2022-04-06,11514.5784
FSMC150,2022-04-07,11496.8770
FSMC150,2022-04-08,11438.1004
FSMC150,2022-04-11,11382.1161
FSMC150,2022-04-12,11348.2736
FSMC150,2022-04-13,11304.2972
FSMC150,2022-04-14,11255.2989
FSMC150,2022-04-15,11073.7484
FSMC150,2022-04-18,11165.1471
FSMC150,2022-04-19,11347.3548
FSMC150,2022-04-20,11453.9218
FSMC150,2022-04-21,11241.7891
FSMC150,2022-04-22,11191.5969
FSMC150,2022-04-25,11174.8244
FSMC150,2022-04-26,11388.5879
FSMC150,2022-04-27,11412.1084
FSMC150,2022-04-28,11438.2846
FSMC150,2022-04-29,11409.0188
FSMC150,2022-05-02,11495.7528
FSMC150,2022-05-03,11523.4033
FSMC150,2022-05-04,11598.2485
FSMC150,2022-05-05,11470.1040
FSMC150,2022-05-06,11339.8283
FSMC150,2022-05-09,11241.2408
FSMC150,2022-05-10,11184.4374
FSMC150,2022-05-11,11067.0466
FSMC150,2022-05-12,11184.8205
FSMC150,2022-05-13,11239.7336
FSMC150,2022-05-16,11317.9104
FSMC150,2022-05-17,11027.5610
FSMC150,2022-05-18,11102.8447
FSMC150,2022-05-19,11129.9306
FSMC150,2022-05-20,11830.1751
FSMC150,2022-05-23,11881.5821
FSMC150,2022-05-24,12400.4993
FSMC150,2022-05-25,12496.2144
FSMC150,2022-05-26,12736.2012
FSMC150,2022-05-27,13190.0467
FSMC150,2022-05-30,13114.4083
FSMC150,2022-05-31,13381.1458
FSMC150,2022-06-01,13131.8478
FSMC150,2022-06-02,12540.7918
FSMC150,2022-06-03,12731.0272
FSMC150,2022-06-06,12556.6213
FSMC150,2022-06-07,13223.4424
FSMC150,2022-06-08,13131.4286
FSMC150,2022-06-09,12674.0179
FSMC150,2022-06-10,12542.3648
FSMC150,2022-06-13,12014.6102
FSMC150,2022-06-14,11811.9081
FSMC150,2022-06-15,11722.3026
FSMC150,2022-06-16,11715.1133
FSMC150,2022-06-17,11813.0224
FSMC150,2022-06-20,11938.0732
FSMC150,2022-06-21,11246.3509
FSMC150,2022-06-22,11315.6305
FSMC150,2022-06-23,11302.2901
FSMC150,2022-06-24,11363.8008
FSMC150,2022-06-27,11449.2106
FSMC150,2022-06-28,11231.8281
FSMC150,2022-06-29,11635.0075
FSMC150,2022-06-30,11412.6075
FSMC150,2022-07-01,11367.8012
FSMC150,2022-07-04,11338.9779
FSMC150,2022-07-05,11024.5222
FSMC150,2022-07-06,11211.3970
FSMC150,2022-07-07,11241.2245
FSMC150,2022-07-08,11085.9441
FSMC150,2022-07-11,11079.5119
FSMC150,2022-07-12,11039.8103
FSMC150,2022-07-13,11135.6342
FSMC150,2022-07-14,11157.5390
FSMC150,2022-07-15,11056.2712
FSMC150,2022-07-18,10875.2420
FSMC150,2022-07-19,10878.8052
FSMC150,2022-07-20,10933.8188
FSMC150,2022-07-21,11033.7025
FSMC150,2022-07-22,11095.9292
FSMC150,2022-07-25,11238.9914
FSMC150,2022-07-26,11355.8711
FSMC150,2022-07-27,11244.4101
FSMC150,2022-07-28,11151.0678
FSMC150,2022-07-29,11209.8518
FSMC150,2022-08-01,11242.0117
FSMC150,2022-08-02,11405.7205
FSMC150,2022-08-03,11417.1244
FSMC150,2022-08-04,11401.4428
FSMC150,2022-08-05,11431.8052
FSMC150,2022-08-08,11423.2687
FSMC150,2022-08-09,11549.4055
FSMC150,2022-08-10,11589.2170
FSMC150,2022-08-11,11672.1823
FSMC150,2022-08-12,11541.8485
FSMC150,2022-08-15,11736.7180
FSMC150,2022-08-16,11793.9737
FSMC150,2022-08-17,11870.4588
FSMC150,2022-08-18,11889.1300
FSMC150,2022-08-19,11929.0280
FSMC150,2022-08-22,12073.3423
FSMC150,2022-08-23,12261.6258
FSMC150,2022-08-24,12345.2498
FSMC150,2022-08-25,12275.4508
FSMC150,2022-08-26,12369.4476
FSMC150,2022-08-29,12386.3796
FSMC150,2022-08-30,12389.6159
FSMC150,2022-08-31,12343.9493
FSMC150,2022-09-01,12292.0193
FSMC150,2022-09-02,12380.9421
FSMC150,2022-09-05,12316.5287
FSMC150,2022-09-06,12337.2305
FSMC150,2022-09-07,12365.6104
FSMC150,2022-09-08,12437.2297
FSMC150,2022-09-09,12381.5439
FSMC150,2022-09-12,12439.4705
FSMC150,2022-09-13,12599.5707
FSMC150,2022-09-14,12504.9583
FSMC150,2022-09-15,12513.9385
FSMC150,2022-09-16,12494.3289
FSMC150,2022-09-19,12497.9463
FSMC150,2022-09-20,12597.9024
FSMC150,2022-09-21,12583.8406
FSMC150,2022-09-22,12594.2976
FSMC150,2022-09-23,12749.5987
FSMC150,2022-09-26,12833.7775
FSMC150,2022-09-27,12964.6220
FSMC150,2022-09-28,13029.5921
FSMC150,2022-09-29,13106.1731
FSMC150,2022-09-30,13024.2371
FSMC150,2022-10-03,12931.1414
FSMC150,2022-10-04,12930.4391
FSMC150,2022-10-05,13016.9083
FSMC150,2022-10-06,13034.9164
FSMC150,2022-10-07,12876.1014
FSMC150,2022-10-10,12808.0324
FSMC150,2022-10-11,12864.7786
FSMC150,2022-10-12,12911.3124
FSMC150,2022-10-13,12945.6149
FSMC150,2022-10-14,12820.4418
FSMC150,2022-10-17,12852.2598
FSMC150,2022-10-18,12845.7240
FSMC150,2022-10-19,12948.8315
FSMC150,2022-10-20,13010.6292
FSMC150,2022-10-21,13055.2261
FSMC150,2022-10-24,12991.4499
FSMC150,2022-10-25,13121.1168
FSMC150,2022-10-26,13074.9709
FSMC150,2022-10-27,13030.4610
FSMC150,2022-10-28,12762.8908
FSMC150,2022-10-31,12796.5716
FSMC150,2022-11-01,12689.3545
FSMC150,2022-11-02,12559.7645
FSMC150,2022-11-03,12627.7688
FSMC150,2022-11-04,12508.8676
FSMC150,2022-11-07,12374.3451
FSMC150,2022-11-08,12436.7569
FSMC150,2022-11-09,12575.6711
FSMC150,2022-11-10,12546.2437
FSMC150,2022-11-11,12445.0362
FSMC150,2022-11-14,12384.7851
FSMC150,2022-11-15,12606.6446
FSMC150,2022-11-16,12448.5907
FSMC150,2022-11-17,12389.8157
FSMC150,2022-11-18,12393.8277
FSMC150,2022-11-21,12443.0515
FSMC150,2022-11-22,12502.3888
FSMC150,2022-11-23,12680.5368
FSMC150,2022-11-24,12520.8406
FSMC150,2022-11-25,12560.0462
FSMC150,2022-11-28,12406.1052
FSMC150,2022-11-29,12450.1323
FSMC150,2022-11-30,12481.5486
FSMC150,2022-12-01,12512.1461
FSMC150,2022-12-02,12622.4335
FSMC150,2022-12-05,12646.2265
FSMC150,2022-12-06,12879.8926
FSMC150,2022-12-07,12751.8210
FSMC150,2022-12-08,12717.1662
FSMC150,2022-12-09,12672.1952
FSMC150,2022-12-12,13041.5313
FSMC150,2022-12-13,13014.0766
FSMC150,2022-12-14,12979.9794
FSMC150,2022-12-15,13210.4383
FSMC150,2022-12-16,13338.4974
FSMC150,2022-12-19,13347.4725
FSMC150,2022-12-20,13344.2455
FSMC150,2022-12-21,13398.6403
FSMC150,2022-12-22,13602.2538
FSMC150,2022-12-23,13705.3316
FSMC150,2022-12-26,13602.6861
FSMC150,2022-12-27,13627.9524
FSMC150,2022-12-28,13324.0255
FSMC150,2022-12-29,13332.7492
FSMC150,2022-12-30,13169.5661
FSMC150,2023-01-02,13098.3964
FSMC150,2023-01-03,13079.1806
FSMC150,2023-01-04,12752.1618
FSMC150,2023-01-05,12803.2146
FSMC150,2023-01-06,12903.2176
FSMC150,2023-01-09,12882.0128
FSMC150,2023-01-10,12822.1572
FSMC150,2023-01-11,12744.6434
FSMC150,2023-01-12,12729.7287
FSMC150,2023-01-13,12795.4613
FSMC150,2023-01-16,12784.4512
FSMC150,2023-01-17,12774.3302
FSMC150,2023-01-18,13050.3486
FSMC150,2023-01-19,13116.9069
FSMC150,2023-01-20,13124.9303
FSMC150,2023-01-23,13330.0484
FSMC150,2023-01-24,13353.5847
FSMC150,2023-01-25,13421.1727
FSMC150,2023-01-26,13650.6169
FSMC150,2023-01-27,13703.7567
FSMC150,2023-01-30,13733.6187
FSMC150,2023-01-31,13503.0390
FSMC150,2023-02-01,13359.2198
FSMC150,2023-02-02,13401.9847
FSMC150,2023-02-03,13636.8310
FSMC150,2023-02-06,13682.1804
FSMC150,2023-02-07,13754.2621
FSMC150,2023-02-08,13804.5598
FSMC150,2023-02-09,13848.0202
FSMC150,2023-02-10,13897.4682
FSMC150,2023-02-13,14124.7656
FSMC150,2023-02-14,14150.9476
FSMC150,2023-02-15,14190.2402
FSMC150,2023-02-16,14136.4011
FSMC150,2023-02-17,14418.5206
FSMC150,2023-02-20,14361.2834
FSMC150,2023-02-21,14239.1239
FSMC150,2023-02-22,14176.3632
FSMC150,2023-02-23,13959.9902
FSMC150,2023-02-24,13907.8727
FSMC150,2023-02-27,14196.5998
FSMC150,2023-02-28,14083.5648
FSMC150,2023-03-01,14052.6012
FSMC150,2023-03-02,14035.1975
FSMC150,2023-03-03,14101.4084
FSMC150,2023-03-06,13967.2570
FSMC150,2023-03-07,14057.1356
FSMC150,2023-03-08,14090.8296
FSMC150,2023-03-09,14197.5053
FSMC150,2023-03-10,14354.0913
FSMC150,2023-03-13,14170.3329
FSMC150,2023-03-14,14136.1445
FSMC150,2023-03-15,14315.9754
FSMC150,2023-03-16,14241.1690
FSMC150,2023-03-17,14253.1573
FSMC150,2023-03-20,14206.5483
FSMC150,2023-03-21,14269.9648
FSMC150,2023-03-22,14129.5588
FSMC150,2023-03-23,14139.1405
FSMC150,2023-03-24,14038.9400
FSMC150,2023-03-27,14194.3325
FSMC150,2023-03-28,14167.1316
FSMC150,2023-03-29,14152.4247
FSMC150,2023-03-30,13810.8400
FSMC150,2023-03-31,13771.7039
FSMC150,2023-04-03,13621.3552
FSMC150,2023-04-04,13622.4647
FSMC150,2023-04-05,13716.4698
FSMC150,2023-04-06,13921.7657
FSMC150,2023-04-07,13653.1237
FSMC150,2023-04-10,13691.3680
FSMC150,2023-04-11,13718.5396
FSMC150,2023-04-12,13646.1908
FSMC150,2023-04-13,13609.5323
FSMC150,2023-04-14,13370.9098
FSMC150,2023-04-17,13384.6020
FSMC150,2023-04-18,13490.6123
FSMC150,2023-04-19,13895.2559
FSMC150,2023-04-20,13755.7687
FSMC150,2023-04-21,13707.4857
FSMC150,2023-04-24,13524.0542
FSMC150,2023-04-25,13418.5642
FSMC150,2023-04-26,13727.6915
FSMC150,2023-04-27,13488.3127
FSMC150,2023-04-28,13883.4529
FSMC150,2023-05-01,13825.2406
FSMC150,2023-05-02,13806.5088
FSMC150,2023-05-03,13694.4942
FSMC150,2023-05-04,13539.0189
FSMC150,2023-05-05,13362.5262
FSMC150,2023-05-08,13425.9952
FSMC150,2023-05-09,13585.1841
FSMC150,2023-05-10,13698.5062
FSMC150,2023-05-11,13799.3710
FSMC150,2023-05-12,13769.8644
FSMC150,2023-05-15,13383.8017
FSMC150,2023-05-16,13551.9133
FSMC150,2023-05-17,13428.1536
FSMC150,2023-05-18,13620.3201
FSMC150,2023-05-19,13546.0805
FSMC150,2023-05-22,13564.2190
FSMC150,2023-05-23,13492.6912
FSMC150,2023-05-24,13502.0101
FSMC150,2023-05-25,13654.2113
FSMC150,2023-05-26,13763.9500
FSMC150,2023-05-29,14005.9195
FSMC150,2023-05-30,14317.4821
FSMC150,2023-05-31,14232.4954
FSMC150,2023-06-01,14182.1541
FSMC150,2023-06-02,13961.8263
FSMC150,2023-06-05,14174.8772
FSMC150,2023-06-06,14022.9055
FSMC150,2023-06-07,13999.3608
FSMC150,2023-06-08,14132.8133
FSMC150,2023-06-09,14183.3900
FSMC150,2023-06-12,14331.5688
FSMC150,2023-06-13,14369.3578
FSMC150,2023-06-14,14376.1252
FSMC150,2023-06-15,14313.8621
FSMC150,2023-06-16,13947.4168
FSMC150,2023-06-19,14049.5539
FSMC150,2023-06-20,14066.9091
FSMC150,2023-06-21,14175.7691
FSMC150,2023-06-22,14140.9887
FSMC150,2023-06-23,14381.4058
FSMC150,2023-06-26,14439.4202
FSMC150,2023-06-27,14417.2780
FSMC150,2023-06-28,14489.4071
FSMC150,2023-06-29,14846.7009
FSMC150,2023-06-30,14844.5498
FSMC150,2023-07-03,15140.5308
FSMC150,2023-07-04,15146.1144
FSMC150,2023-07-05,15214.2619
FSMC150,2023-07-06,15331.4750
FSMC150,2023-07-07,15546.5286
FSMC150,2023-07-10,15639.9935
FSMC150,2023-07-11,15694.0956
FSMC150,2023-07-12,15680.4949
FSMC150,2023-07-13,15767.5890
FSMC150,2023-07-14,15846.8884
FSMC150,2023-07-17,16048.7303
FSMC150,2023-07-18,15969.0348
FSMC150,2023-07-19,15960.7434
FSMC150,2023-07-20,15756.7107
FSMC150,2023-07-21,15773.3708
FSMC150,2023-07-24,15828.7028
FSMC150,2023-07-25,15970.8288
FSMC150,2023-07-26,15976.2059
FSMC150,2023-07-27,16237.8541
FSMC150,2023-07-28,16309.5716
FSMC150,2023-07-31,16371.3887
FSMC150,2023-08-01,16562.0761
FSMC150,2023-08-02,16569.0737
FSMC150,2023-08-03,16575.1106
FSMC150,2023-08-04,16544.2487
FSMC150,2023-08-07,16324.4947
FSMC150,2023-08-08,16371.3986
FSMC150,2023-08-09,16563.7652
FSMC150,2023-08-10,16581.6152
FSMC150,2023-08-11,16256.0145
FSMC150,2023-08-14,16247.3224
FSMC150,2023-08-15,16373.4693
FSMC150,2023-08-16,16614.9880
FSMC150,2023-08-17,16774.1707
FSMC150,2023-08-18,16845.7533
FSMC150,2023-08-21,16952.5013
FSMC150,2023-08-22,17011.0147
FSMC150,2023-08-23,17227.2498
FSMC150,2023-08-24,17226.2165
FSMC150,2023-08-25,17198.4624
FSMC150,2023-08-28,17231.9001
FSMC150,2023-08-29,17415.9858
FSMC150,2023-08-30,17324.3747
FSMC150,2023-08-31,17419.2081
FSMC150,2023-09-01,17377.5802
FSMC150,2023-09-04,17527.5302
FSMC150,2023-09-05,17381.7624
FSMC150,2023-09-06,17508.1180
FSMC150,2023-09-07,17454.4140
FSMC150,2023-09-08,17419.4787
FSMC150,2023-09-11,17205.3896
FSMC150,2023-09-12,17382.6645
FSMC150,2023-09-13,17268.9214
FSMC150,2023-09-14,17421.4331
FSMC150,2023-09-15,17013.1089
FSMC150,2023-09-18,16776.5443
FSMC150,2023-09-19,16438.3398
FSMC150,2023-09-20,16629.8399
FSMC150,2023-09-21,16340.4894
FSMC150,2023-09-22,16317.5811
FSMC150,2023-09-25,16438.2899
FSMC150,2023-09-26,16432.7659
FSMC150,2023-09-27,16429.3935
FSMC150,2023-09-28,16391.4217
FSMC150,2023-09-29,16453.5397
FSMC150,2023-10-02,16354.2446
FSMC150,2023-10-03,16414.5045
FSMC150,2023-10-04,16321.4159
FSMC150,2023-10-05,16410.7879
FSMC150,2023-10-06,16306.5484
FSMC150,2023-10-09,16174.8795
FSMC150,2023-10-10,16052.7045
FSMC150,2023-10-11,16054.6540
FSMC150,2023-10-12,16043.7418
FSMC150,2023-10-13,15956.8353
FSMC150,2023-10-16,15874.9064
FSMC150,2023-10-17,15874.7414
FSMC150,2023-10-18,15740.6817
FSMC150,2023-10-19,15747.6377
FSMC150,2023-10-20,15605.0995
FSMC150,2023-10-23,15578.7149
FSMC150,2023-10-24,15720.9412
FSMC150,2023-10-25,15949.2675
FSMC150,2023-10-26,16025.6013
FSMC150,2023-10-27,16073.7355
FSMC150,2023-10-30,16165.5440
FSMC150,2023-10-31,16178.6875
FSMC150,2023-11-01,16188.3011
FSMC150,2023-11-02,16349.9136
FSMC150,2023-11-03,16430.0052
FSMC150,2023-11-06,16392.5678
FSMC150,2023-11-07,16226.6507
FSMC150,2023-11-08,16305.8121
FSMC150,2023-11-09,16524.1677
FSMC150,2023-11-10,16363.6197
FSMC150,2023-11-13,16556.1381
FSMC150,2023-11-14,16651.1688
FSMC150,2023-11-15,16503.2026
FSMC150,2023-11-16,16367.8448
FSMC150,2023-11-17,16166.0777
FSMC150,2023-11-20,16161.3298
FSMC150,2023-11-21,16080.0479
FSMC150,2023-11-22,15921.5975
FSMC150,2023-11-23,15970.5793
FSMC150,2023-11-24,15691.4250
FSMC150,2023-11-27,15508.7084
FSMC150,2023-11-28,15502.3164
FSMC150,2023-11-29,15461.8897
FSMC150,2023-11-30,15441.8346
FSMC150,2023-12-01,15452.1824
FSMC150,2023-12-04,15464.8214
FSMC150,2023-12-05,15526.9215
FSMC150,2023-12-06,15584.8173
FSMC150,2023-12-07,15643.1422
FSMC150,2023-12-08,15678.2665
FSMC150,2023-12-11,15627.6051
FSMC150,2023-12-12,15634.2501
FSMC150,2023-12-13,15471.8330
FSMC150,2023-12-14,15604.3687
FSMC150,2023-12-15,15665.9073
FSMC150,2023-12-18,15678.9375
FSMC150,2023-12-19,15936.7315
FSMC150,2023-12-20,16127.7628
FSMC150,2023-12-21,16181.5478
FSMC150,2023-12-22,16155.2892
FSMC150,2023-12-25,16147.9129
FSMC150,2023-12-26,16115.1304
FSMC150,2023-12-27,16179.7594
FSMC150,2023-12-28,16037.5944
FSMC150,2023-12-29,15825.1527
FSMC150,2024-01-01,16128.6378
FSMC150,2024-01-02,16286.1748
FSMC150,2024-01-03,16202.1447
FSMC150,2024-01-04,16396.5861
FSMC150,2024-01-05,16467.0060
FSMC150,2024-01-08,15851.2300
FSMC150,2024-01-09,16010.1363
FSMC150,2024-01-10,16016.8725
FSMC150,2024-01-11,15956.4140
FSMC150,2024-01-12,15817.8447
FSMC150,2024-01-15,15922.8237
FSMC150,2024-01-16,16003.4369
FSMC150,2024-01-17,15961.0299
FSMC150,2024-01-18,15916.0122
FSMC150,2024-01-19,16158.3063
FSMC150,2024-01-22,16258.4704
FSMC150,2024-01-23,16182.3822
FSMC150,2024-01-24,16148.2885
FSMC150,2024-01-25,16112.8816
FSMC150,2024-01-26,16090.5664
FSMC150,2024-01-29,16050.2047
FSMC150,2024-01-30,16412.2937
FSMC150,2024-01-31,16593.6274
FSMC150,2024-02-01,16591.7614
FSMC150,2024-02-02,16308.0359
FSMC150,2024-02-05,16557.0194
FSMC150,2024-02-06,16412.3933
FSMC150,2024-02-07,16534.9198
FSMC150,2024-02-08,16647.9873
FSMC150,2024-02-09,16421.5803
FSMC150,2024-02-12,16500.5047
FSMC150,2024-02-13,16534.2393
FSMC150,2024-02-14,16726.9964
FSMC150,2024-02-15,16740.5963
FSMC150,2024-02-16,16875.4644
FSMC150,2024-02-19,17034.4008
FSMC150,2024-02-20,17021.0791
FSMC150,2024-02-21,16970.0747
FSMC150,2024-02-22,17003.1279
FSMC150,2024-02-23,17378.8888
FSMC150,2024-02-26,17522.5390
FSMC150,2024-02-27,17516.5777
FSMC150,2024-02-28,17586.0395
FSMC150,2024-02-29,17551.2517
FSMC150,2024-03-01,17692.1618
FSMC150,2024-03-04,17596.0668
FSMC150,2024-03-05,17629.1895
FSMC150,2024-03-06,17612.1914
FSMC150,2024-03-07,17767.9449
FSMC150,2024-03-08,17458.1228
FSMC150,2024-03-11,17681.0304
FSMC150,2024-03-12,17500.6856
FSMC150,2024-03-13,17588.3206
FSMC150,2024-03-14,17636.1683
FSMC150,2024-03-15,17638.6408
FSMC150,2024-03-18,17428.9651
FSMC150,2024-03-19,17573.0024
FSMC150,2024-03-20,17836.2936
FSMC150,2024-03-21,17433.4361
FSMC150,2024-03-22,17289.8218
FSMC150,2024-03-25,17551.7609
FSMC150,2024-03-26,17733.3324
FSMC150,2024-03-27,17632.1877
FSMC150,2024-03-28,17889.7596
FSMC150,2024-03-29,18181.6102
FSMC150,2024-04-01,18088.7836
FSMC150,2024-04-02,18093.6888
FSMC150,2024-04-03,17870.4925
FSMC150,2024-04-04,17808.5513
FSMC150,2024-04-05,17609.2484
FSMC150,2024-04-08,17561.1563
FSMC150,2024-04-09,17698.7632
FSMC150,2024-04-10,17911.1126
FSMC150,2024-04-11,18076.5134
FSMC150,2024-04-12,18151.4799
FSMC150,2024-04-15,18241.3944
FSMC150,2024-04-16,18320.2400
FSMC150,2024-04-17,18128.4829
FSMC150,2024-04-18,18334.8770
FSMC150,2024-04-19,18368.2490
FSMC150,2024-04-22,18391.9839
FSMC150,2024-04-23,18212.6004
FSMC150,2024-04-24,18189.9456
FSMC150,2024-04-25,18098.4801
FSMC150,2024-04-26,18336.6908
FSMC150,2024-04-29,18263.3898
FSMC150,2024-04-30,18140.8855
FSMC150,2024-05-01,17948.0135
FSMC150,2024-05-02,18036.5707
FSMC150,2024-05-03,17982.3580
FSMC150,2024-05-06,18076.7543
FSMC150,2024-05-07,18013.0727
FSMC150,2024-05-08,18023.0310
FSMC150,2024-05-09,18192.0672
FSMC150,2024-05-10,18165.6860
FSMC150,2024-05-13,18043.2284
FSMC150,2024-05-14,18077.7859
FSMC150,2024-05-15,17866.0407
FSMC150,2024-05-16,17800.6982
FSMC150,2024-05-17,17737.7891
FSMC150,2024-05-20,17799.6359
FSMC150,2024-05-21,17938.5023
FSMC150,2024-05-22,17739.0515
FSMC150,2024-05-23,17916.1681
FSMC150,2024-05-24,18030.5191
FSMC150,2024-05-27,18142.3434
FSMC150,2024-05-28,18204.1920
FSMC150,2024-05-29,18031.0465
FSMC150,2024-05-30,17752.9621
FSMC150,2024-05-31,17583.6110
FSMC150,2024-06-03,17926.5829
FSMC150,2024-06-04,16940.7925
FSMC150,2024-06-05,17972.9096
FSMC150,2024-06-06,17558.8291
FSMC150,2024-06-07,18311.6493
FSMC150,2024-06-10,18399.2155
FSMC150,2024-06-11,18665.7721
FSMC150,2024-06-12,18445.2425
FSMC150,2024-06-13,18990.6106
FSMC150,2024-06-14,18778.6281
FSMC150,2024-06-17,19038.0995
FSMC150,2024-06-18,18850.2883
FSMC150,2024-06-19,19003.4573
FSMC150,2024-06-20,19487.0640
FSMC150,2024-06-21,19062.9113
FSMC150,2024-06-24,18650.9919
FSMC150,2024-06-25,18664.4782
FSMC150,2024-06-26,18384.6643
FSMC150,2024-06-27,18222.7791
FSMC150,2024-06-28,19036.2652
FSMC150,2024-07-01,18900.0790
FSMC150,2024-07-02,18942.2930
FSMC150,2024-07-03,18983.8368
FSMC150,2024-07-04,18844.6355
FSMC150,2024-07-05,18870.8737
FSMC150,2024-07-08,18563.8619
FSMC150,2024-07-09,18811.5142
FSMC150,2024-07-10,18699.8214
FSMC150,2024-07-11,19093.8999
FSMC150,2024-07-12,19272.2384
FSMC150,2024-07-15,19170.0698
FSMC150,2024-07-16,19210.0567
FSMC150,2024-07-17,19343.3160
FSMC150,2024-07-18,19592.6755
FSMC150,2024-07-19,19658.9202
FSMC150,2024-07-22,19747.1222
FSMC150,2024-07-23,19616.8110
FSMC150,2024-07-24,19936.2982
FSMC150,2024-07-25,20023.5346
FSMC150,2024-07-26,20230.8837
FSMC150,2024-07-29,20617.7505
FSMC150,2024-07-30,20260.9305
FSMC150,2024-07-31,20118.1500
FSMC150,2024-08-01,20211.1795
FSMC150,2024-08-02,20046.1193
FSMC150,2024-08-05,19931.7799
FSMC150,2024-08-06,20096.7692
FSMC150,2024-08-07,19893.1190
FSMC150,2024-08-08,19747.9935
FSMC150,2024-08-09,19821.9304
FSMC150,2024-08-12,20039.0954
FSMC150,2024-08-13,20023.0248
FSMC150,2024-08-14,20159.6076
FSMC150,2024-08-15,20208.7022
FSMC150,2024-08-16,20208.0344
FSMC150,2024-08-19,20190.3730
FSMC150,2024-08-20,20067.1102
FSMC150,2024-08-21,20392.0270
FSMC150,2024-08-22,20213.1025
FSMC150,2024-08-23,20310.8752
FSMC150,2024-08-26,20416.7824
FSMC150,2024-08-27,20520.6167
FSMC150,2024-08-28,20741.4724
FSMC150,2024-08-29,20705.7314
FSMC150,2024-08-30,20578.3422
FSMC150,2024-09-02,20393.7603
FSMC150,2024-09-03,20445.4391
FSMC150,2024-09-04,20385.1486
FSMC150,2024-09-05,20539.9415
FSMC150,2024-09-06,20090.5190
FSMC150,2024-09-09,20089.6542
FSMC150,2024-09-10,19918.9853
FSMC150,2024-09-11,19993.2723
FSMC150,2024-09-12,19928.5794
FSMC150,2024-09-13,19882.7850
FSMC150,2024-09-16,20166.3854
FSMC150,2024-09-17,19794.9841
FSMC150,2024-09-18,19731.3369
FSMC150,2024-09-19,19444.8139
FSMC150,2024-09-20,19541.7962
FSMC150,2024-09-23,19400.2466
FSMC150,2024-09-24,19151.2469
FSMC150,2024-09-25,18906.7481
FSMC150,2024-09-26,18605.0259
FSMC150,2024-09-27,18549.8272
FSMC150,2024-09-30,18483.5519
FSMC150,2024-10-01,18499.7344
FSMC150,2024-10-02,18512.4070
FSMC150,2024-10-03,18549.6906
FSMC150,2024-10-04,18376.2334
FSMC150,2024-10-07,18428.6848
FSMC150,2024-10-08,18548.8250
FSMC150,2024-10-09,18519.8128
FSMC150,2024-10-10,18628.7120
FSMC150,2024-10-11,18721.4113
FSMC150,2024-10-14,18765.0157
FSMC150,2024-10-15,18433.2198
FSMC150,2024-10-16,18732.9062
FSMC150,2024-10-17,18874.1495
FSMC150,2024-10-18,19040.9672
FSMC150,2024-10-21,18838.2837
FSMC150,2024-10-22,18712.6159
FSMC150,2024-10-23,18815.3877
FSMC150,2024-10-24,18565.1509
FSMC150,2024-10-25,18569.0462
FSMC150,2024-10-28,18790.9600
FSMC150,2024-10-29,19039.8603
FSMC150,2024-10-30,19026.6439
FSMC150,2024-10-31,18964.9075
FSMC150,2024-11-01,18968.0627
FSMC150,2024-11-04,19134.3896
FSMC150,2024-11-05,18817.9201
FSMC150,2024-11-06,18725.2631
FSMC150,2024-11-07,18782.0233
FSMC150,2024-11-08,18990.7399
FSMC150,2024-11-11,19337.7564
FSMC150,2024-11-12,19396.7721
FSMC150,2024-11-13,19398.5556
FSMC150,2024-11-14,19328.3958
FSMC150,2024-11-15,19231.9991
FSMC150,2024-11-18,19325.0516
FSMC150,2024-11-19,19326.1539
FSMC150,2024-11-20,19110.3824
FSMC150,2024-11-21,19312.2835
FSMC150,2024-11-22,19322.2862
FSMC150,2024-11-25,19309.8223
FSMC150,2024-11-26,19282.8202
FSMC150,2024-11-27,19122.7610
FSMC150,2024-11-28,19430.8464
FSMC150,2024-11-29,19413.0982
FSMC150,2024-12-02,19605.4444
FSMC150,2024-12-03,19444.1465
FSMC150,2024-12-04,19306.6516
FSMC150,2024-12-05,19485.9135
FSMC150,2024-12-06,19490.4834
FSMC150,2024-12-09,19681.1913
FSMC150,2024-12-10,19630.1043
FSMC150,2024-12-11,19730.0101
FSMC150,2024-12-12,19917.2147
FSMC150,2024-12-13,19733.8511
FSMC150,2024-12-16,19626.8067
FSMC150,2024-12-17,19292.1281
FSMC150,2024-12-18,19188.4183
FSMC150,2024-12-19,19113.0824
FSMC150,2024-12-20,19067.2107
FSMC150,2024-12-23,18877.5859
FSMC150,2024-12-24,18914.7267
FSMC150,2024-12-25,18774.3039
FSMC150,2024-12-26,18790.4748
FSMC150,2024-12-27,18957.1919
FSMC150,2024-12-30,18950.8525
FSMC150,2024-12-31,19083.6745
FSMC150,2025-01-01,19365.0549
FSMC150,2025-01-02,19415.0008
FSMC150,2025-01-03,19180.8386
FSMC150,2025-01-06,19369.5712
FSMC150,2025-01-07,19453.1313
FSMC150,2025-01-08,19310.0462
FSMC150,2025-01-09,19470.7306
FSMC150,2025-01-10,19518.3965
FSMC150,2025-01-13,19590.1390
FSMC150,2025-01-14,19451.0380
FSMC150,2025-01-15,19711.6940
FSMC150,2025-01-16,19810.2602
FSMC150,2025-01-17,19716.7585
FSMC150,2025-01-20,19880.9439
FSMC150,2025-01-21,20020.6799
FSMC150,2025-01-22,20000.1133
FSMC150,2025-01-23,20244.3839
FSMC150,2025-01-24,20033.5113
FSMC150,2025-01-27,20019.9926
FSMC150,2025-01-28,20081.0723
FSMC150,2025-01-29,20157.7367
FSMC150,2025-01-30,20058.4051
FSMC150,2025-01-31,20212.4808
FSMC150,2025-02-03,20353.0883
FSMC150,2025-02-04,20276.1687
FSMC150,2025-02-05,20215.7177
FSMC150,2025-02-06,19940.6920
FSMC150,2025-02-07,21262.5737
FSMC150,2025-02-10,21343.6909
FSMC150,2025-02-11,21467.2096
FSMC150,2025-02-12,21778.1529
FSMC150,2025-02-13,21739.4161
FSMC150,2025-02-14,22087.3390
FSMC150,2025-02-17,22244.5284
FSMC150,2025-02-18,22254.3311
FSMC150,2025-02-19,22426.2182
FSMC150,2025-02-20,22546.5962
FSMC150,2025-02-21,22581.2916
FSMC150,2025-02-24,22795.9781
FSMC150,2025-02-25,22675.7939
FSMC150,2025-02-26,22541.5639
FSMC150,2025-02-27,22509.4966
FSMC150,2025-02-28,22454.5126
FSMC150,2025-03-03,22681.5660
FSMC150,2025-03-04,22963.1067
FSMC150,2025-03-05,22888.8012
FSMC150,2025-03-06,22861.8456
FSMC150,2025-03-07,22825.8748
FSMC150,2025-03-10,22882.5661
FSMC150,2025-03-11,22879.2880
FSMC150,2025-03-12,23172.1791
FSMC150,2025-03-13,22939.6608
FSMC150,2025-03-14,23235.5022
FSMC150,2025-03-17,23245.0478
FSMC150,2025-03-18,23136.7269
FSMC150,2025-03-19,23297.2161
FSMC150,2025-03-20,23707.8748
FSMC150,2025-03-21,23624.0950
FSMC150,2025-03-24,23085.2368
FSMC150,2025-03-25,22974.7178
FSMC150,2025-03-26,23012.2777
FSMC150,2025-03-27,23087.9038
FSMC150,2025-03-28,22886.4138
FSMC150,2025-03-31,22881.4333
FSMC150,2025-04-01,22966.8823
FSMC150,2025-04-02,22802.9119
FSMC150,2025-04-03,23844.4006
FSMC150,2025-04-04,23665.6629
FSMC150,2025-04-07,23343.5900
FSMC150,2025-04-08,23376.9346
FSMC150,2025-04-09,23319.8378
FSMC150,2025-04-10,22915.1807
FSMC150,2025-04-11,22922.7069
FSMC150,2025-04-14,22797.9020
FSMC150,2025-04-15,22478.6175
FSMC150,2025-04-16,22526.0823
FSMC150,2025-04-17,22491.3141
FSMC150,2025-04-18,22765.0998
FSMC150,2025-04-21,22657.6168
FSMC150,2025-04-22,22617.4642
FSMC150,2025-04-23,22515.9497
FSMC150,2025-04-24,22360.3174
FSMC150,2025-04-25,22210.2658
FSMC150,2025-04-28,22359.8547
FSMC150,2025-04-29,22310.1768
FSMC150,2025-04-30,22321.9281
FSMC150,2025-05-01,22130.7194
FSMC150,2025-05-02,21948.8689
FSMC150,2025-05-05,22076.7814
FSMC150,2025-05-06,21775.7886
FSMC150,2025-05-07,21740.3176
FSMC150,2025-05-08,21865.8687
FSMC150,2025-05-09,22078.3925
FSMC150,2025-05-12,21777.3879
FSMC150,2025-05-13,21424.1358
FSMC150,2025-05-14,21600.4083
FSMC150,2025-05-15,21528.0004
FSMC150,2025-05-16,21495.6226
FSMC150,2025-05-19,21236.1015
FSMC150,2025-05-20,21422.5259
FSMC150,2025-05-21,21767.6700
FSMC150,2025-05-22,21699.3068
FSMC150,2025-05-23,21912.0584
FSMC150,2025-05-26,21897.0472
FSMC150,2025-05-27,21953.0962
FSMC150,2025-05-28,22047.2434
FSMC150,2025-05-29,22364.3004
FSMC150,2025-05-30,22875.3582
FSMC150,2025-06-02,23256.6956
FSMC150,2025-06-03,23206.1618
FSMC150,2025-06-04,23311.1725
FSMC150,2025-06-05,23076.9391
FSMC150,2025-06-06,23251.7200
FSMC150,2025-06-09,23151.3065
FSMC150,2025-06-10,23260.9051
FSMC150,2025-06-11,23296.1223
FSMC150,2025-06-12,23176.2316
FSMC150,2025-06-13,23243.9116
FSMC150,2025-06-16,23218.7614
FSMC150,2025-06-17,23104.4722
FSMC150,2025-06-18,23199.0543
FSMC150,2025-06-19,23232.5223
FSMC150,2025-06-20,23322.8794
FSMC150,2025-06-23,23074.9143
FSMC150,2025-06-24,22877.9242
FSMC150,2025-06-25,22948.9286
FSMC150,2025-06-26,22922.5485
FSMC150,2025-06-27,22891.4906
FSMC150,2025-06-30,23087.7556
FSMC150,2025-07-01,23280.3513
FSMC150,2025-07-02,23510.7852
FSMC150,2025-07-03,23680.5382
FSMC150,2025-07-04,23855.3283
FSMC150,2025-07-07,23729.0237
FSMC150,2025-07-08,23515.0652
FSMC150,2025-07-09,23918.9002
FSMC150,2025-07-10,24037.0093
FSMC150,2025-07-11,24054.4169
FSMC150,2025-07-14,23623.9294
FSMC150,2025-07-15,23720.3962
FSMC150,2025-07-16,23845.1553
FSMC150,2025-07-17,23576.6598
FSMC150,2025-07-18,23614.4891
FSMC150,2025-07-21,23477.7754
FSMC150,2025-07-22,23438.4077
FSMC150,2025-07-23,23672.0660
FSMC150,2025-07-24,23493.1627
FSMC150,2025-07-25,23647.5973
FSMC150,2025-07-28,23662.5277
FSMC150,2025-07-29,23810.2377
FSMC150,2025-07-30,23619.1093
FSMC150,2025-07-31,23766.5733
FSMC150,2025-08-01,23820.3776
FSMC150,2025-08-04,23608.8962
FSMC150,2025-08-05,23505.8816
FSMC150,2025-08-06,23624.4332
FSMC150,2025-08-07,23659.2476
FSMC150,2025-08-08,23610.4581
FSMC150,2025-08-11,23391.6176
FSMC150,2025-08-12,23358.7754
FSMC150,2025-08-13,23464.1464
FSMC150,2025-08-14,23754.2728
FSMC150,2025-08-15,23705.4896
FSMC150,2025-08-18,23613.6599
FSMC150,2025-08-19,23954.0465
FSMC150,2025-08-20,24041.8271
FSMC150,2025-08-21,23829.4178
FSMC150,2025-08-22,23489.6930
FSMC150,2025-08-25,23338.8615
FSMC150,2025-08-26,23771.4384
FSMC150,2025-08-27,23670.8252
FSMC150,2025-08-28,24014.5154
FSMC150,2025-08-29,23978.3535
FSMC150,2025-09-01,23626.8138
FSMC150,2025-09-02,23680.8272
FSMC150,2025-09-03,23719.0300
FSMC150,2025-09-04,24069.3675
FSMC150,2025-09-05,24065.9433
FSMC150,2025-09-08,24085.2759
FSMC150,2025-09-09,23868.3977
FSMC150,2025-09-10,23812.2563
FSMC150,2025-09-11,23837.4508
FSMC150,2025-09-12,23735.3183
FSMC150,2025-09-15,23869.0326
FSMC150,2025-09-16,23495.7631
FSMC150,2025-09-17,23474.9445
FSMC150,2025-09-18,23602.2252
FSMC150,2025-09-19,23542.0259
FSMC150,2025-09-22,22044.5742
FSMC150,2025-09-23,22359.7059
FSMC150,2025-09-24,22405.8949
FSMC150,2025-09-25,22294.2881
FSMC150,2025-09-26,22152.2803
FSMC150,2025-09-29,22333.1427
FSMC150,2025-09-30,22732.5825
FSMC150,2025-10-01,22819.9680
FSMC150,2025-10-02,23105.1362
FSMC150,2025-10-03,23002.5878
FSMC150,2025-10-06,23116.9803
FSMC150,2025-10-07,23180.1718
FSMC150,2025-10-08,23178.1026
FSMC150,2025-10-09,23000.3905
FSMC150,2025-10-10,23056.4781
FSMC150,2025-10-13,23099.4325
FSMC150,2025-10-14,23220.0686
FSMC150,2025-10-15,23385.4550
FSMC150,2025-10-16,23580.8047
FSMC150,2025-10-17,23742.4506
FSMC150,2025-10-20,23594.7284
FSMC150,2025-10-21,23206.8203
FSMC150,2025-10-22,22871.9848
FSMC150,2025-10-23,22627.2918
FSMC150,2025-10-24,22582.1810
FSMC150,2025-10-27,22646.0612
FSMC150,2025-10-28,22629.0866
FSMC150,2025-10-29,22952.0805
FSMC150,2025-10-30,22966.3000
FSMC150,2025-10-31,22681.7375
FSMC150,2025-11-03,22758.7702
FSMC150,2025-11-04,22822.4863
FSMC150,2025-11-05,23045.1238
FSMC150,2025-11-06,23348.5864
FSMC150,2025-11-07,23674.9059
FSMC150,2025-11-10,23560.0460
FSMC150,2025-11-11,23495.1196
FSMC150,2025-11-12,23571.0565
FSMC150,2025-11-13,23670.5959
FSMC150,2025-11-14,23804.8177
FSMC150,2025-11-17,24108.9043
FSMC150,2025-11-18,24319.8464
FSMC150,2025-11-19,24544.2955
FSMC150,2025-11-20,24137.8884
FSMC150,2025-11-21,23900.4366
FSMC150,2025-11-24,23615.8646
FSMC150,2025-11-25,23609.4747
FSMC150,2025-11-26,24078.3880
FSMC150,2025-11-27,23946.8353
FSMC150,2025-11-28,24106.5243
FSMC150,2025-12-01,24657.1807
FSMC150,2025-12-02,24583.1967
FSMC150,2025-12-03,24254.1640
FSMC150,2025-12-04,24090.2467
FSMC150,2025-12-05,24083.6942
FSMC150,2025-12-08,24128.4987
FSMC150,2025-12-09,24330.5596
FSMC150,2025-12-10,24452.6854
FSMC150,2025-12-11,24565.1540
FSMC150,2025-12-12,24599.6471
FSMC150,2025-12-15,24480.2436
FSMC150,2025-12-16,24602.9574
FSMC150,2025-12-17,24466.6399
FSMC150,2025-12-18,24684.3435
FSMC150,2025-12-19,24604.2693
FSMC150,2025-12-22,24438.2328
FSMC150,2025-12-23,24704.7178
FSMC150,2025-12-24,24717.9624
FSMC150,2025-12-25,24727.6731
FSMC150,2025-12-26,24747.2141
FSMC150,2025-12-29,24757.0280
FSMC150,2025-12-30,24725.9143
FSMC150,2025-12-31,24487.0456
FSMC150,2026-01-01,24617.2903
FSMC150,2026-01-02,24825.6917
FSMC150,2026-01-05,24713.7680
FSMC150,2026-01-06,24335.7451
FSMC150,2026-01-07,24181.6399
FSMC150,2026-01-08,24079.6741
FSMC150,2026-01-09,23979.4907
FSMC150,2026-01-12,24009.7106
FSMC150,2026-01-13,23805.0076
FSMC150,2026-01-14,24828.5375
FSMC150,2026-01-15,24087.8394
FSMC150,2026-01-16,24105.5479
FSMC150,2026-01-19,24013.4916
FSMC150,2026-01-20,24508.4812
FSMC150,2026-01-21,24771.6215
FSMC150,2026-01-22,25426.6418
FSMC150,2026-01-23,25602.6603
FSMC150,2026-01-26,25950.1589
FSMC150,2026-01-27,25738.7502
FSMC150,2026-01-28,25648.2977
FSMC150,2026-01-29,25557.4890
FSMC150,2026-01-30,25423.8677
FSMC150,2026-02-02,25801.6535
FSMC150,2026-02-03,26148.0188
FSMC150,2026-02-04,25802.2364
FSMC150,2026-02-05,26271.9278
FSMC150,2026-02-06,26656.2249
FSMC150,2026-02-09,26662.0946
FSMC150,2026-02-10,27169.6881
FSMC150,2026-02-11,27090.3808
FSMC150,2026-02-12,27015.7375
FSMC150,2026-02-13,26692.0694
FSMC150,2026-02-16,26741.9367
FSMC150,2026-02-17,26519.7336
FSMC150,2026-02-18,26451.7286
FSMC150,2026-02-19,26546.8340
FSMC150,2026-02-20,25837.4230
FSMC150,2026-02-23,25655.3852
FSMC150,2026-02-24,26113.4178
FSMC150,2026-02-25,26410.3615
FSMC150,2026-02-26,26353.4641
FSMC150,2026-02-27,26345.6010
FSMC150,2026-03-02,26786.6805
FSMC150,2026-03-03,26398.5638
FSMC150,2026-03-04,26966.4562
FSMC150,2026-03-05,26685.0728
FSMC150,2026-03-06,26822.0245
FSMC150,2026-03-09,26815.9568
FSMC150,2026-03-10,26290.9178
FSMC150,2026-03-11,26109.7215
FSMC150,2026-03-12,26139.0866
FSMC150,2026-03-13,26312.6989
FSMC150,2026-03-16,26726.6862
FSMC150,2026-03-17,25514.8344
FSMC150,2026-03-18,24292.1691
FSMC150,2026-03-19,24240.6669
FSMC150,2026-03-20,24168.1752
FSMC150,2026-03-23,23760.2269
FSMC150,2026-03-24,23707.2428
FSMC150,2026-03-25,23942.2945
FSMC150,2026-03-26,23699.5143
FSMC150,2026-03-27,24210.4648
FSMC150,2026-03-30,23667.2723
FSMC150,2026-03-31,24047.9656
FSMC150,2026-04-01,23854.9898
FSMC150,2026-04-02,23798.1108
FSMC150,2026-04-03,23723.3693
FSMC150,2026-04-06,23431.6275
FSMC150,2026-04-07,23438.4146
FSMC150,2026-04-08,23260.6155
FSMC150,2026-04-09,22975.8409
FSMC150,2026-04-10,22801.9990
FSMC150,2026-04-13,22718.5048
FSMC150,2026-04-14,22843.5069
FSMC150,2026-04-15,22744.7141
FSMC150,2026-04-16,22962.5061
FSMC150,2026-04-17,23128.3373
FSMC150,2026-04-20,23177.0133
FSMC150,2026-04-21,23198.5279
FSMC150,2026-04-22,23224.1501
FSMC150,2026-04-23,23452.9325
FSMC150,2026-04-24,23636.6149
FSMC150,2026-04-27,23443.5979
FSMC150,2026-04-28,23398.4732
FSMC150,2026-04-29,23674.2556
FSMC150,2026-04-30,24152.9450
FSMC150,2026-05-01,24214.3083
FSMC150,2026-05-04,24347.5384
FSMC150,2026-05-05,23716.0718
FSMC150,2026-05-06,23442.3515
FSMC150,2026-05-07,22870.8212
FSMC150,2026-05-08,23365.3772
FSMC150,2026-05-11,23275.8962
FSMC150,2026-05-12,23179.1000
FSMC150,2026-05-13,22962.0516
FSMC150,2026-05-14,22656.7227
FSMC150,2026-05-15,22367.8470
FSMC150,2026-05-18,22113.7880
FSMC150,2026-05-19,21532.1898
FSMC150,2026-05-20,21437.2314
FSMC150,2026-05-21,21159.7536
FSMC150,2026-05-22,21413.9959
FSMC150,2026-05-25,21332.1344
FSMC150,2026-05-26,20898.3043
FSMC150,2026-05-27,20983.4547
FSMC150,2026-05-28,20898.0360
FSMC150,2026-05-29,21191.3994
FSMC150,2026-06-01,21373.3985
FSMC150,2026-06-02,21325.9650
FSMC150,2026-06-03,21320.1085
FSMC150,2026-06-04,21561.6939
FSMC150,2026-06-05,21705.6568
FSMC150,2026-06-08,22410.0295
FSMC150,2026-06-09,22316.9074
FSMC150,2026-06-10,21808.9473
FSMC150,2026-06-11,21872.1818
FSMC150,2026-06-12,21983.6707
FSMC150,2026-06-15,21871.3482
FSMC150,2026-06-16,21638.1543
FSMC150,2026-06-17,21508.1939
FSMC150,2026-06-18,21376.4421
FSMC150,2026-06-19,21272.0586
FSMC150,2026-06-22,21201.7654
FSMC150,2026-06-23,21288.4008
FSMC150,2026-06-24,21375.5047
FSMC150,2026-06-25,21612.9010
FSMC150,2026-06-26,21782.3798
FSMC150,2026-06-29,21943.8539
FSMC150,2026-06-30,21929.1233
FSMC150,2026-07-01,22201.8800
FSMC150,2026-07-02,22329.6204
FSMC150,2026-07-03,22148.8480
FSMC150,2026-07-06,22149.8194
FSMC150,2026-07-07,22062.8169
FSMC150,2026-07-08,22316.2544
FSMC150,2026-07-09,22256.1889
FSMC150,2026-07-10,22539.6655
FSMC150,2026-07-13,22644.7457
FSMC150,2026-07-14,22129.0901
FSMC150,2026-07-15,22372.5713
FSMC150,2026-07-16,22506.8002
FSMC150,2026-07-17,22626.6408
FSMC150,2026-07-20,22999.7218
FSMC150,2026-07-21,23271.9182
FSMC150,2026-07-22,23301.8187
FSMC150,2026-07-23,22965.6830
FSMC150,2026-07-24,23136.8208
FSMC150,2026-07-27,23206.0121
FSMC150,2026-07-28,23013.1303
FSMC150,2026-07-29,22615.8607
FSMC150,2026-07-30,22938.4980
FSMC150,2026-07-31,23144.2581
FSMC150,2026-08-03,23266.5575
FSMC150,2026-08-04,23394.4776
FSMC150,2026-08-05,23524.5795
FSMC150,2026-08-06,23658.3180
FSMC150,2026-08-07,23048.4781
FSMC150,2026-08-10,23211.8274
FSMC150,2026-08-11,23008.6697
FSMC150,2026-08-12,22289.5898
FSMC150,2026-08-13,22353.3923
FSMC150,2026-08-14,22069.9738
FSMC150,2026-08-17,21796.0445
FSMC150,2026-08-18,21677.0669
FSMC150,2026-08-19,21289.7524
FSMC150,2026-08-20,21288.4294
FSMC150,2026-08-21,20992.9340
FSMC150,2026-08-24,21188.2602
FSMC150,2026-08-25,21269.9268
FSMC150,2026-08-26,21117.2517
FSMC150,2026-08-27,21266.1871
FSMC150,2026-08-28,21397.3271
FSMC150,2026-08-31,21574.3953
FSMC150,2026-09-01,21515.5625
FSMC150,2026-09-02,21511.0417
FSMC150,2026-09-03,21341.6787
FSMC150,2026-09-04,21384.0442
FSMC150,2026-09-07,21469.1114
FSMC150,2026-09-08,21436.0334
FSMC150,2026-09-09,21592.2491
FSMC150,2026-09-10,21524.5369
FSMC150,2026-09-11,21614.8200
FSMC150,2026-09-14,21387.3091
FSMC150,2026-09-15,21257.4794
FSMC150,2026-09-16,21091.0883
FSMC150,2026-09-17,21112.8534
FSMC150,2026-09-18,21121.4508
FSMC150,2026-09-21,21300.0874
FSMC150,2026-09-22,21193.4885
FSMC150,2026-09-23,21211.0766
FSMC150,2026-09-24,20882.8205
FSMC150,2026-09-25,20033.1597
FSMC150,2026-09-28,19938.0647
FSMC150,2026-09-29,19754.9265
FSMC150,2026-09-30,19516.8731
FSSC250,2021-01-04,10109.1443
FSSC250,2021-01-05,10062.6289
FSSC250,2021-01-06,10112.9145
FSSC250,2021-01-07,10282.4886
FSSC250,2021-01-08,10398.7065
FSSC250,2021-01-11,10274.1883
FSSC250,2021-01-12,10236.3094
FSSC250,2021-01-13,10186.0898
FSSC250,2021-01-14,10400.2064
FSSC250,2021-01-15,10407.1154
FSSC250,2021-01-18,10642.7206
FSSC250,2021-01-19,10815.1465
FSSC250,2021-01-20,10896.1637
FSSC250,2021-01-21,10810.2364
FSSC250,2021-01-22,11076.3889
FSSC250,2021-01-25,10969.6920
FSSC250,2021-01-26,10854.2245
FSSC250,2021-01-27,10526.2138
FSSC250,2021-01-28,10549.6359
FSSC250,2021-01-29,10544.9106
FSSC250,2021-02-01,10261.2367
FSSC250,2021-02-02,10251.5846
FSSC250,2021-02-03,10310.3391
FSSC250,2021-02-04,10448.8767
FSSC250,2021-02-05,10366.4115
FSSC250,2021-02-08,10552.3467
FSSC250,2021-02-09,10551.2868
FSSC250,2021-02-10,10492.0201
FSSC250,2021-02-11,10547.6922
FSSC250,2021-02-12,10359.3762
FSSC250,2021-02-15,10243.0540
FSSC250,2021-02-16,10265.4389
FSSC250,2021-02-17,10442.2979
FSSC250,2021-02-18,10455.1875
FSSC250,2021-02-19,10686.2419
FSSC250,2021-02-22,10595.6806
FSSC250,2021-02-23,10586.6924
FSSC250,2021-02-24,10759.0290
FSSC250,2021-02-25,10859.2997
FSSC250,2021-02-26,10969.9815
FSSC250,2021-03-01,11130.3637
FSSC250,2021-03-02,11151.1899
FSSC250,2021-03-03,11481.4099
FSSC250,2021-03-04,11452.1266
FSSC250,2021-03-05,11687.1711
FSSC250,2021-03-08,11696.9754
FSSC250,2021-03-09,11619.0708
FSSC250,2021-03-10,11618.6242
FSSC250,2021-03-11,11749.1225
FSSC250,2021-03-12,11522.7836
FSSC250,2021-03-15,11558.0703
FSSC250,2021-03-16,11531.3787
FSSC250,2021-03-17,11488.1973
FSSC250,2021-03-18,11336.4220
FSSC250,2021-03-19,11422.3510
FSSC250,2021-03-22,11300.4064
FSSC250,2021-03-23,11265.7285
FSSC250,2021-03-24,11149.1337
FSSC250,2021-03-25,11045.0328
FSSC250,2021-03-26,10996.9019
FSSC250,2021-03-29,10795.3199
FSSC250,2021-03-30,10472.9284
FSSC250,2021-03-31,10326.2445
FSSC250,2021-04-01,10401.8701
FSSC250,2021-04-02,10401.0358
FSSC250,2021-04-05,10048.8174
FSSC250,2021-04-06,10039.6090
FSSC250,2021-04-07,10028.4310
FSSC250,2021-04-08,10135.8327
FSSC250,2021-04-09,10111.7291
FSSC250,2021-04-12,10068.7333
FSSC250,2021-04-13,10049.6744
FSSC250,2021-04-14,10183.0123
FSSC250,2021-04-15,10248.9522
FSSC250,2021-04-16,10108.4603
FSSC250,2021-04-19,9937.1750
FSSC250,2021-04-20,9948.7058
FSSC250,2021-04-21,9814.4682
FSSC250,2021-04-22,9952.6923
FSSC250,2021-04-23,9798.9909
FSSC250,2021-04-26,9912.1006
FSSC250,2021-04-27,10018.1828
FSSC250,2021-04-28,9843.0479
FSSC250,2021-04-29,9911.5679
FSSC250,2021-04-30,9890.7160
FSSC250,2021-05-03,10104.0884
FSSC250,2021-05-04,10071.2449
FSSC250,2021-05-05,10009.1852
FSSC250,2021-05-06,9865.1715
FSSC250,2021-05-07,9894.3751
FSSC250,2021-05-10,10047.6573
FSSC250,2021-05-11,9855.5288
FSSC250,2021-05-12,9835.5060
FSSC250,2021-05-13,9778.5568
FSSC250,2021-05-14,9719.8350
FSSC250,2021-05-17,9700.6951
FSSC250,2021-05-18,9615.7383
FSSC250,2021-05-19,9635.8589
FSSC250,2021-05-20,9699.9265
FSSC250,2021-05-21,9681.9774
FSSC250,2021-05-24,9722.8552
FSSC250,2021-05-25,9974.4461
FSSC250,2021-05-26,10005.1649
FSSC250,2021-05-27,10085.8820
FSSC250,2021-05-28,10107.0075
FSSC250,2021-05-31,10136.1382
FSSC250,2021-06-01,10326.2061
FSSC250,2021-06-02,10306.3974
FSSC250,2021-06-03,10122.2673
FSSC250,2021-06-04,9932.3717
FSSC250,2021-06-07,9981.5998
FSSC250,2021-06-08,9987.2403
FSSC250,2021-06-09,10023.9577
FSSC250,2021-06-10,9961.9166
FSSC250,2021-06-11,9815.0100
FSSC250,2021-06-14,9814.0120
FSSC250,2021-06-15,9823.3341
FSSC250,2021-06-16,9825.4293
FSSC250,2021-06-17,9842.6042
FSSC250,2021-06-18,9845.2356
FSSC250,2021-06-21,9676.8620
FSSC250,2021-06-22,9608.7027
FSSC250,2021-06-23,9551.9936
FSSC250,2021-06-24,9575.3898
FSSC250,2021-06-25,9553.0792
FSSC250,2021-06-28,9742.8444
FSSC250,2021-06-29,9664.2728
FSSC250,2021-06-30,9717.0241
FSSC250,2021-07-01,9755.3041
FSSC250,2021-07-02,9671.8043
FSSC250,2021-07-05,9576.3716
FSSC250,2021-07-06,9345.0236
FSSC250,2021-07-07,9391.2567
FSSC250,2021-07-08,9466.0543
FSSC250,2021-07-09,9425.6750
FSSC250,2021-07-12,9609.3961
FSSC250,2021-07-13,9602.3792
FSSC250,2021-07-14,9658.7265
FSSC250,2021-07-15,9516.8637
FSSC250,2021-07-16,9568.7865
FSSC250,2021-07-19,9722.5476
FSSC250,2021-07-20,9637.6806
FSSC250,2021-07-21,9766.1628
FSSC250,2021-07-22,9718.9637
FSSC250,2021-07-23,9644.1295
FSSC250,2021-07-26,9661.7251
FSSC250,2021-07-27,9781.1160
FSSC250,2021-07-28,9754.9560
FSSC250,2021-07-29,9604.4625
FSSC250,2021-07-30,9638.2560
FSSC250,2021-08-02,9685.4571
FSSC250,2021-08-03,9668.3429
FSSC250,2021-08-04,9621.1459
FSSC250,2021-08-05,9509.9774
FSSC250,2021-08-06,9431.0886
FSSC250,2021-08-09,9506.4934
FSSC250,2021-08-10,9716.1884
FSSC250,2021-08-11,9812.1881
FSSC250,2021-08-12,9635.9567
FSSC250,2021-08-13,9371.9448
FSSC250,2021-08-16,9633.9464
FSSC250,2021-08-17,9747.2890
FSSC250,2021-08-18,9458.0905
FSSC250,2021-08-19,9438.2584
FSSC250,2021-08-20,9504.1393
FSSC250,2021-08-23,9684.3492
FSSC250,2021-08-24,9793.3016
FSSC250,2021-08-25,9950.0123
FSSC250,2021-08-26,9838.2298
FSSC250,2021-08-27,9874.7057
FSSC250,2021-08-30,9867.9917
FSSC250,2021-08-31,10020.9046
FSSC250,2021-09-01,10009.2264
FSSC250,2021-09-02,10108.1529
FSSC250,2021-09-03,10206.0900
FSSC250,2021-09-06,10252.7805
FSSC250,2021-09-07,10550.0512
FSSC250,2021-09-08,10356.1152
FSSC250,2021-09-09,10364.8781
FSSC250,2021-09-10,10498.4100
FSSC250,2021-09-13,10487.5143
FSSC250,2021-09-14,10462.8703
FSSC250,2021-09-15,10489.6064
FSSC250,2021-09-16,10657.0211
FSSC250,2021-09-17,10693.7548
FSSC250,2021-09-20,10779.7259
FSSC250,2021-09-21,10701.6814
FSSC250,2021-09-22,10819.9600
FSSC250,2021-09-23,11043.8214
FSSC250,2021-09-24,10932.0217
FSSC250,2021-09-27,10904.6299
FSSC250,2021-09-28,11078.6798
FSSC250,2021-09-29,11110.8505
FSSC250,2021-09-30,11239.1907
FSSC250,2021-10-01,11345.4066
FSSC250,2021-10-04,11185.2886
FSSC250,2021-10-05,11148.9649
FSSC250,2021-10-06,11064.6916
FSSC250,2021-10-07,11053.4892
FSSC250,2021-10-08,11201.0263
FSSC250,2021-10-11,11284.5532
FSSC250,2021-10-12,11142.9128
FSSC250,2021-10-13,11243.7977
FSSC250,2021-10-14,11508.8458
FSSC250,2021-10-15,11676.6815
FSSC250,2021-10-18,11567.8631
FSSC250,2021-10-19,11543.6267
FSSC250,2021-10-20,11639.5916
FSSC250,2021-10-21,11560.4912
FSSC250,2021-10-22,11481.5327
FSSC250,2021-10-25,11467.3457
FSSC250,2021-10-26,11376.8995
FSSC250,2021-10-27,11216.2330
FSSC250,2021-10-28,10979.2177
FSSC250,2021-10-29,11042.3301
FSSC250,2021-11-01,11187.3385
FSSC250,2021-11-02,11123.0532
FSSC250,2021-11-03,11107.9480
FSSC250,2021-11-04,10966.5678
FSSC250,2021-11-05,11173.2025
FSSC250,2021-11-08,11298.5000
FSSC250,2021-11-09,11558.4365
FSSC250,2021-11-10,11402.6038
FSSC250,2021-11-11,11581.9393
FSSC250,2021-11-12,11582.7483
FSSC250,2021-11-15,11637.6954
FSSC250,2021-11-16,11456.4390
FSSC250,2021-11-17,11383.7517
FSSC250,2021-11-18,11489.4229
FSSC250,2021-11-19,11458.7545
FSSC250,2021-11-22,11608.6467
FSSC250,2021-11-23,11795.7365
FSSC250,2021-11-24,11634.9003
FSSC250,2021-11-25,11386.5377
FSSC250,2021-11-26,11294.4027
FSSC250,2021-11-29,11285.7623
FSSC250,2021-11-30,11266.1901
FSSC250,2021-12-01,11087.3937
FSSC250,2021-12-02,11103.8247
FSSC250,2021-12-03,10902.8280
FSSC250,2021-12-06,10982.8551
FSSC250,2021-12-07,11197.0043
FSSC250,2021-12-08,11368.0598
FSSC250,2021-12-09,11325.6047
FSSC250,2021-12-10,11162.5185
FSSC250,2021-12-13,11148.5284
FSSC250,2021-12-14,11155.0594
FSSC250,2021-12-15,11001.6462
FSSC250,2021-12-16,11283.4881
FSSC250,2021-12-17,11314.6987
FSSC250,2021-12-20,11321.9564
FSSC250,2021-12-21,11155.9345
FSSC250,2021-12-22,11162.1383
FSSC250,2021-12-23,11338.6307
FSSC250,2021-12-24,11638.5757
FSSC250,2021-12-27,11592.3870
FSSC250,2021-12-28,11882.8904
FSSC250,2021-12-29,11931.4059
FSSC250,2021-12-30,11922.3570
FSSC250,2021-12-31,11846.0715
FSSC250,2022-01-03,11820.3133
FSSC250,2022-01-04,11724.3848
FSSC250,2022-01-05,11990.0157
FSSC250,2022-01-06,11925.6845
FSSC250,2022-01-07,12051.3948
FSSC250,2022-01-10,11784.5064
FSSC250,2022-01-11,11872.3326
FSSC250,2022-01-12,11915.1710
FSSC250,2022-01-13,11888.2974
FSSC250,2022-01-14,11717.8523
FSSC250,2022-01-17,11830.2945
FSSC250,2022-01-18,11853.7943
FSSC250,2022-01-19,11864.2788
FSSC250,2022-01-20,11842.9793
FSSC250,2022-01-21,11776.7485
FSSC250,2022-01-24,11709.7659
FSSC250,2022-01-25,11710.4751
FSSC250,2022-01-26,11488.7613
FSSC250,2022-01-27,11881.2125
FSSC250,2022-01-28,11779.9160
FSSC250,2022-01-31,11736.4879
FSSC250,2022-02-01,11586.8603
FSSC250,2022-02-02,11808.5711
FSSC250,2022-02-03,11737.8433
FSSC250,2022-02-04,12128.5584
FSSC250,2022-02-07,12155.0341
FSSC250,2022-02-08,12329.3427
FSSC250,2022-02-09,12379.5707
FSSC250,2022-02-10,12408.3349
FSSC250,2022-02-11,12200.8088
FSSC250,2022-02-14,12151.6640
FSSC250,2022-02-15,11980.1136
FSSC250,2022-02-16,11985.0075
FSSC250,2022-02-17,12205.9440
FSSC250,2022-02-18,12658.2153
FSSC250,2022-02-21,12865.9231
FSSC250,2022-02-22,12863.6862
FSSC250,2022-02-23,12751.7061
FSSC250,2022-02-24,12491.9781
FSSC250,2022-02-25,12459.0007
FSSC250,2022-02-28,12618.0063
FSSC250,2022-03-01,12534.9346
FSSC250,2022-03-02,12385.0563
FSSC250,2022-03-03,12396.2348
FSSC250,2022-03-04,12478.7249
FSSC250,2022-03-07,12399.5195
FSSC250,2022-03-08,12441.0074
FSSC250,2022-03-09,12495.0208
FSSC250,2022-03-10,12271.1858
FSSC250,2022-03-11,12155.0480
FSSC250,2022-03-14,12236.4136
FSSC250,2022-03-15,12141.3338
FSSC250,2022-03-16,12189.0145
FSSC250,2022-03-17,12324.3168
FSSC250,2022-03-18,12591.2205
FSSC250,2022-03-21,12554.0440
FSSC250,2022-03-22,12586.6164
FSSC250,2022-03-23,12783.1359
FSSC250,2022-03-24,12811.9693
FSSC250,2022-03-25,12755.9202
FSSC250,2022-03-28,12709.4399
FSSC250,2022-03-29,13006.5158
FSSC250,2022-03-30,12818.8751
FSSC250,2022-03-31,12934.9189
FSSC250,2022-04-01,12752.8202
FSSC250,2022-04-04,12891.7985
FSSC250,2022-04-05,12798.9890
FSSC250,2022-04-06,12770.7316
FSSC250,2022-04-07,12712.7938
FSSC250,2022-04-08,12672.6278
FSSC250,2022-04-11,12705.8268
FSSC250,2022-04-12,12610.1659
FSSC250,2022-04-13,12563.1207
FSSC250,2022-04-14,12447.6884
FSSC250,2022-04-15,12363.7003
FSSC250,2022-04-18,12556.6123
FSSC250,2022-04-19,12779.0657
FSSC250,2022-04-20,12951.1909
FSSC250,2022-04-21,12769.1436
FSSC250,2022-04-22,12690.0826
FSSC250,2022-04-25,12618.5049
FSSC250,2022-04-26,12902.4928
FSSC250,2022-04-27,12894.9198
FSSC250,2022-04-28,13006.1834
FSSC250,2022-04-29,12939.6633
FSSC250,2022-05-02,13051.2490
FSSC250,2022-05-03,13001.4044
FSSC250,2022-05-04,13112.6413
FSSC250,2022-05-05,12855.3781
FSSC250,2022-05-06,12747.1830
FSSC250,2022-05-09,12565.0781
FSSC250,2022-05-10,12505.2576
FSSC250,2022-05-11,12312.8203
FSSC250,2022-05-12,12468.2637
FSSC250,2022-05-13,12504.7303
FSSC250,2022-05-16,12597.0971
FSSC250,2022-05-17,12307.5830
FSSC250,2022-05-18,12534.3719
FSSC250,2022-05-19,12540.4268
FSSC250,2022-05-20,13367.7005
FSSC250,2022-05-23,13502.4110
FSSC250,2022-05-24,14179.6135
FSSC250,2022-05-25,14425.2522
FSSC250,2022-05-26,14711.7106
FSSC250,2022-05-27,15375.6865
FSSC250,2022-05-30,15198.3199
FSSC250,2022-05-31,15587.7236
FSSC250,2022-06-01,15219.5030
FSSC250,2022-06-02,14423.0543
FSSC250,2022-06-03,14678.7807
FSSC250,2022-06-06,14429.8019
FSSC250,2022-06-07,15253.4215
FSSC250,2022-06-08,15147.7819
FSSC250,2022-06-09,14474.1731
FSSC250,2022-06-10,14370.6104
FSSC250,2022-06-13,13727.5313
FSSC250,2022-06-14,13581.8626
FSSC250,2022-06-15,13439.5686
FSSC250,2022-06-16,13465.6702
FSSC250,2022-06-17,13691.4979
FSSC250,2022-06-20,13880.9906
FSSC250,2022-06-21,12931.4993
FSSC250,2022-06-22,13043.7754
FSSC250,2022-06-23,13014.0296
FSSC250,2022-06-24,13099.5563
FSSC250,2022-06-27,13123.0718
FSSC250,2022-06-28,12903.2214
FSSC250,2022-06-29,13493.6023
FSSC250,2022-06-30,13203.4535
FSSC250,2022-07-01,13125.4300
FSSC250,2022-07-04,13212.9240
FSSC250,2022-07-05,12714.5055
FSSC250,2022-07-06,13108.0808
FSSC250,2022-07-07,13270.1585
FSSC250,2022-07-08,13051.3060
FSSC250,2022-07-11,13095.2735
FSSC250,2022-07-12,13023.7796
FSSC250,2022-07-13,13084.1985
FSSC250,2022-07-14,13027.5659
FSSC250,2022-07-15,12915.3381
FSSC250,2022-07-18,12580.3527
FSSC250,2022-07-19,12602.8691
FSSC250,2022-07-20,12608.4245
FSSC250,2022-07-21,12798.0984
FSSC250,2022-07-22,12913.4569
FSSC250,2022-07-25,13119.2643
FSSC250,2022-07-26,13283.3409
FSSC250,2022-07-27,13137.2670
FSSC250,2022-07-28,13113.9695
FSSC250,2022-07-29,13220.0671
FSSC250,2022-08-01,13290.4321
FSSC250,2022-08-02,13605.2816
FSSC250,2022-08-03,13588.5329
FSSC250,2022-08-04,13600.4698
FSSC250,2022-08-05,13646.5291
FSSC250,2022-08-08,13668.7927
FSSC250,2022-08-09,13855.5275
FSSC250,2022-08-10,13955.3598
FSSC250,2022-08-11,13990.2462
FSSC250,2022-08-12,13740.0496
FSSC250,2022-08-15,14001.9373
FSSC250,2022-08-16,14168.4163
FSSC250,2022-08-17,14332.0307
FSSC250,2022-08-18,14463.9141
FSSC250,2022-08-19,14455.8620
FSSC250,2022-08-22,14722.6015
FSSC250,2022-08-23,14969.0360
FSSC250,2022-08-24,15037.3332
FSSC250,2022-08-25,14951.5686
FSSC250,2022-08-26,15165.6268
FSSC250,2022-08-29,15226.1423
FSSC250,2022-08-30,15249.4430
FSSC250,2022-08-31,15113.9396
FSSC250,2022-09-01,15049.0245
FSSC250,2022-09-02,15255.1654
FSSC250,2022-09-05,15091.7150
FSSC250,2022-09-06,15145.5419
FSSC250,2022-09-07,15174.2175
FSSC250,2022-09-08,15151.4498
FSSC250,2022-09-09,15034.9458
FSSC250,2022-09-12,15105.5155
FSSC250,2022-09-13,15306.7325
FSSC250,2022-09-14,15129.0803
FSSC250,2022-09-15,15121.1131
FSSC250,2022-09-16,15066.4278
FSSC250,2022-09-19,15033.4636
FSSC250,2022-09-20,15025.6080
FSSC250,2022-09-21,15012.3102
FSSC250,2022-09-22,15057.1638
FSSC250,2022-09-23,15213.1310
FSSC250,2022-09-26,15401.6863
FSSC250,2022-09-27,15459.4974
FSSC250,2022-09-28,15514.6944
FSSC250,2022-09-29,15531.4473
FSSC250,2022-09-30,15430.6796
FSSC250,2022-10-03,15209.2488
FSSC250,2022-10-04,15208.5864
FSSC250,2022-10-05,15254.3137
FSSC250,2022-10-06,15262.0509
FSSC250,2022-10-07,15084.2054
FSSC250,2022-10-10,14958.1851
FSSC250,2022-10-11,14933.2417
FSSC250,2022-10-12,14850.3725
FSSC250,2022-10-13,14840.0792
FSSC250,2022-10-14,14646.0548
FSSC250,2022-10-17,14688.3567
FSSC250,2022-10-18,14675.0843
FSSC250,2022-10-19,14850.2264
FSSC250,2022-10-20,14966.6737
FSSC250,2022-10-21,15140.0823
FSSC250,2022-10-24,14969.4393
FSSC250,2022-10-25,15092.2274
FSSC250,2022-10-26,15076.7781
FSSC250,2022-10-27,15033.3275
FSSC250,2022-10-28,14767.8223
FSSC250,2022-10-31,14803.5221
FSSC250,2022-11-01,14672.8522
FSSC250,2022-11-02,14503.4529
FSSC250,2022-11-03,14565.8322
FSSC250,2022-11-04,14443.2242
FSSC250,2022-11-07,14196.3239
FSSC250,2022-11-08,14206.9516
FSSC250,2022-11-09,14390.5117
FSSC250,2022-11-10,14310.9744
FSSC250,2022-11-11,14169.1430
FSSC250,2022-11-14,14106.2033
FSSC250,2022-11-15,14467.0901
FSSC250,2022-11-16,14365.8440
FSSC250,2022-11-17,14218.1407
FSSC250,2022-11-18,14314.5563
FSSC250,2022-11-21,14430.9491
FSSC250,2022-11-22,14560.7933
FSSC250,2022-11-23,14883.2138
FSSC250,2022-11-24,14685.4139
FSSC250,2022-11-25,14734.2551
FSSC250,2022-11-28,14395.8636
FSSC250,2022-11-29,14547.9903
FSSC250,2022-11-30,14471.2333
FSSC250,2022-12-01,14523.1562
FSSC250,2022-12-02,14529.9179
FSSC250,2022-12-05,14615.3470
FSSC250,2022-12-06,14877.9570
FSSC250,2022-12-07,14724.0287
FSSC250,2022-12-08,14649.6158
FSSC250,2022-12-09,14453.2374
FSSC250,2022-12-12,14871.5298
FSSC250,2022-12-13,14923.3891
FSSC250,2022-12-14,14852.4919
FSSC250,2022-12-15,15276.0983
FSSC250,2022-12-16,15541.2273
FSSC250,2022-12-19,15404.2299
FSSC250,2022-12-20,15416.2448
FSSC250,2022-12-21,15415.5915
FSSC250,2022-12-22,15663.3514
FSSC250,2022-12-23,15827.0413
FSSC250,2022-12-26,15684.0471
FSSC250,2022-12-27,15706.6523
FSSC250,2022-12-28,15278.4682
FSSC250,2022-12-29,15254.9905
FSSC250,2022-12-30,15066.2293
FSSC250,2023-01-02,14952.0609
FSSC250,2023-01-03,14984.2134
FSSC250,2023-01-04,14631.5028
FSSC250,2023-01-05,14821.2645
FSSC250,2023-01-06,14788.6498
FSSC250,2023-01-09,14826.8113
FSSC250,2023-01-10,14770.3804
FSSC250,2023-01-11,14632.4968
FSSC250,2023-01-12,14713.8194
FSSC250,2023-01-13,14805.1581
FSSC250,2023-01-16,14821.6450
FSSC250,2023-01-17,14873.1744
FSSC250,2023-01-18,15096.3995
FSSC250,2023-01-19,15196.6412
FSSC250,2023-01-20,15171.0986
FSSC250,2023-01-23,15481.5177
FSSC250,2023-01-24,15371.4585
FSSC250,2023-01-25,15395.5842
FSSC250,2023-01-26,15683.0305
FSSC250,2023-01-27,15815.5841
FSSC250,2023-01-30,15923.9632
FSSC250,2023-01-31,15659.4919
FSSC250,2023-02-01,15448.8294
FSSC250,2023-02-02,15445.9891
FSSC250,2023-02-03,15834.4241
FSSC250,2023-02-06,16080.8216
FSSC250,2023-02-07,16208.4923
FSSC250,2023-02-08,16300.4624
FSSC250,2023-02-09,16350.1169
FSSC250,2023-02-10,16324.2883
FSSC250,2023-02-13,16570.7872
FSSC250,2023-02-14,16687.4855
FSSC250,2023-02-15,16670.2874
FSSC250,2023-02-16,16639.8702
FSSC250,2023-02-17,17031.1952
FSSC250,2023-02-20,16983.7825
FSSC250,2023-02-21,16697.9742
FSSC250,2023-02-22,16662.3787
FSSC250,2023-02-23,16476.9879
FSSC250,2023-02-24,16321.7996
FSSC250,2023-02-27,16777.8897
FSSC250,2023-02-28,16530.5692
FSSC250,2023-03-01,16470.5978
FSSC250,2023-03-02,16464.0666
FSSC250,2023-03-03,16570.2837
FSSC250,2023-03-06,16431.9147
FSSC250,2023-03-07,16454.6804
FSSC250,2023-03-08,16537.1032
FSSC250,2023-03-09,16705.1348
FSSC250,2023-03-10,16849.8708
FSSC250,2023-03-13,16556.1770
FSSC250,2023-03-14,16470.9481
FSSC250,2023-03-15,16613.6470
FSSC250,2023-03-16,16634.6139
FSSC250,2023-03-17,16753.7540
FSSC250,2023-03-20,16741.7527
FSSC250,2023-03-21,16835.5622
FSSC250,2023-03-22,16557.6477
FSSC250,2023-03-23,16512.8605
FSSC250,2023-03-24,16343.9438
FSSC250,2023-03-27,16592.0694
FSSC250,2023-03-28,16450.0249
FSSC250,2023-03-29,16434.4296
FSSC250,2023-03-30,15834.6155
FSSC250,2023-03-31,15796.9990
FSSC250,2023-04-03,15700.3513
FSSC250,2023-04-04,15766.7956
FSSC250,2023-04-05,15733.8750
FSSC250,2023-04-06,16033.0299
FSSC250,2023-04-07,15718.1986
FSSC250,2023-04-10,15691.4576
FSSC250,2023-04-11,15704.3963
FSSC250,2023-04-12,15579.3127
FSSC250,2023-04-13,15479.1564
FSSC250,2023-04-14,15117.2964
FSSC250,2023-04-17,15116.8949
FSSC250,2023-04-18,15256.1742
FSSC250,2023-04-19,15795.2065
FSSC250,2023-04-20,15570.9979
FSSC250,2023-04-21,15397.0112
FSSC250,2023-04-24,15123.7714
FSSC250,2023-04-25,14996.8735
FSSC250,2023-04-26,15431.4975
FSSC250,2023-04-27,15149.6931
FSSC250,2023-04-28,15740.1196
FSSC250,2023-05-01,15656.2359
FSSC250,2023-05-02,15706.3564
FSSC250,2023-05-03,15620.3299
FSSC250,2023-05-04,15406.6032
FSSC250,2023-05-05,15157.0667
FSSC250,2023-05-08,15198.3687
FSSC250,2023-05-09,15353.5816
FSSC250,2023-05-10,15537.5255
FSSC250,2023-05-11,15608.0471
FSSC250,2023-05-12,15562.2482
FSSC250,2023-05-15,14975.2331
FSSC250,2023-05-16,15136.5025
FSSC250,2023-05-17,14943.0151
FSSC250,2023-05-18,15302.2248
FSSC250,2023-05-19,15192.7165
FSSC250,2023-05-22,15176.2910
FSSC250,2023-05-23,15069.3182
FSSC250,2023-05-24,15042.5956
FSSC250,2023-05-25,15361.5957
FSSC250,2023-05-26,15559.2701
FSSC250,2023-05-29,15888.7552
FSSC250,2023-05-30,16338.2375
FSSC250,2023-05-31,16172.7147
FSSC250,2023-06-01,16107.1771
FSSC250,2023-06-02,15757.2111
FSSC250,2023-06-05,16050.7401
FSSC250,2023-06-06,15860.7019
FSSC250,2023-06-07,15819.4243
FSSC250,2023-06-08,15997.2502
FSSC250,2023-06-09,16139.1604
FSSC250,2023-06-12,16320.9505
FSSC250,2023-06-13,16436.5423
FSSC250,2023-06-14,16464.5635
FSSC250,2023-06-15,16390.1751
FSSC250,2023-06-16,16063.1676
FSSC250,2023-06-19,16258.8357
FSSC250,2023-06-20,16278.0000
FSSC250,2023-06-21,16423.6082
FSSC250,2023-06-22,16377.6416
FSSC250,2023-06-23,16639.0424
FSSC250,2023-06-26,16501.6508
FSSC250,2023-06-27,16434.4753
FSSC250,2023-06-28,16510.5598
FSSC250,2023-06-29,16852.0793
FSSC250,2023-06-30,16650.2592
FSSC250,2023-07-03,17064.7516
FSSC250,2023-07-04,17074.1314
FSSC250,2023-07-05,17049.3792
FSSC250,2023-07-06,17224.2680
FSSC250,2023-07-07,17511.5277
FSSC250,2023-07-10,17571.9998
FSSC250,2023-07-11,17724.3265
FSSC250,2023-07-12,17697.2024
FSSC250,2023-07-13,17811.0067
FSSC250,2023-07-14,17934.8021
FSSC250,2023-07-17,18220.4529
FSSC250,2023-07-18,18106.5140
FSSC250,2023-07-19,18191.6097
FSSC250,2023-07-20,17949.6833
FSSC250,2023-07-21,18053.0888
FSSC250,2023-07-24,18151.7716
FSSC250,2023-07-25,18275.3630
FSSC250,2023-07-26,18243.2234
FSSC250,2023-07-27,18591.8249
FSSC250,2023-07-28,18668.9625
FSSC250,2023-07-31,18728.3083
FSSC250,2023-08-01,19012.8732
FSSC250,2023-08-02,18960.8629
FSSC250,2023-08-03,18881.5938
FSSC250,2023-08-04,18890.3609
FSSC250,2023-08-07,18632.5917
FSSC250,2023-08-08,18644.9288
FSSC250,2023-08-09,18865.4292
FSSC250,2023-08-10,18938.0183
FSSC250,2023-08-11,18386.4131
FSSC250,2023-08-14,18423.3997
FSSC250,2023-08-15,18727.8784
FSSC250,2023-08-16,19105.6147
FSSC250,2023-08-17,19276.6427
FSSC250,2023-08-18,19397.9433
FSSC250,2023-08-21,19580.9229
FSSC250,2023-08-22,19611.1852
FSSC250,2023-08-23,19887.3819
FSSC250,2023-08-24,19870.7412
FSSC250,2023-08-25,19677.6854
FSSC250,2023-08-28,19612.2637
FSSC250,2023-08-29,19720.4258
FSSC250,2023-08-30,19463.8175
FSSC250,2023-08-31,19586.4513
FSSC250,2023-09-01,19509.4251
FSSC250,2023-09-04,19642.2979
FSSC250,2023-09-05,19609.9700
FSSC250,2023-09-06,19773.9552
FSSC250,2023-09-07,19705.6657
FSSC250,2023-09-08,19624.8794
FSSC250,2023-09-11,19135.9908
FSSC250,2023-09-12,19332.2662
FSSC250,2023-09-13,19066.4747
FSSC250,2023-09-14,19264.9658
FSSC250,2023-09-15,18804.8415
FSSC250,2023-09-18,18529.3122
FSSC250,2023-09-19,18133.8824
FSSC250,2023-09-20,18356.9601
FSSC250,2023-09-21,18001.1275
FSSC250,2023-09-22,17974.2204
FSSC250,2023-09-25,18198.1401
FSSC250,2023-09-26,18202.5288
FSSC250,2023-09-27,18187.5383
FSSC250,2023-09-28,18187.7849
FSSC250,2023-09-29,18218.9314
FSSC250,2023-10-02,18065.5018
FSSC250,2023-10-03,18303.9758
FSSC250,2023-10-04,18271.7765
FSSC250,2023-10-05,18342.4721
FSSC250,2023-10-06,18336.1629
FSSC250,2023-10-09,18179.2077
FSSC250,2023-10-10,18006.6677
FSSC250,2023-10-11,17899.7049
FSSC250,2023-10-12,17795.1787
FSSC250,2023-10-13,17535.9287
FSSC250,2023-10-16,17455.0840
FSSC250,2023-10-17,17472.7798
FSSC250,2023-10-18,17298.1863
FSSC250,2023-10-19,17289.1298
FSSC250,2023-10-20,17175.6263
FSSC250,2023-10-23,17284.7557
FSSC250,2023-10-24,17537.6319
FSSC250,2023-10-25,17815.6472
FSSC250,2023-10-26,17877.3964
FSSC250,2023-10-27,18007.8705
FSSC250,2023-10-30,18202.9028
FSSC250,2023-10-31,18292.8430
FSSC250,2023-11-01,18178.7381
FSSC250,2023-11-02,18284.1528
FSSC250,2023-11-03,18321.3492
FSSC250,2023-11-06,18231.3550
FSSC250,2023-11-07,17936.1824
FSSC250,2023-11-08,17983.2214
FSSC250,2023-11-09,18214.7169
FSSC250,2023-11-10,17937.4342
FSSC250,2023-11-13,18295.4651
FSSC250,2023-11-14,18419.9748
FSSC250,2023-11-15,18159.2628
FSSC250,2023-11-16,18045.8308
FSSC250,2023-11-17,17878.4436
FSSC250,2023-11-20,17833.1639
FSSC250,2023-11-21,17899.0345
FSSC250,2023-11-22,17683.9638
FSSC250,2023-11-23,17672.8127
FSSC250,2023-11-24,17271.1479
FSSC250,2023-11-27,17009.5146
FSSC250,2023-11-28,16998.4615
FSSC250,2023-11-29,16954.1798
FSSC250,2023-11-30,16978.9248
FSSC250,2023-12-01,16964.5567
FSSC250,2023-12-04,17013.8443
FSSC250,2023-12-05,17145.7046
FSSC250,2023-12-06,17187.4860
FSSC250,2023-12-07,17266.3984
FSSC250,2023-12-08,17329.3792
FSSC250,2023-12-11,17256.7554
FSSC250,2023-12-12,17134.9305
FSSC250,2023-12-13,17005.0748
FSSC250,2023-12-14,17114.7161
FSSC250,2023-12-15,17196.2039
FSSC250,2023-12-18,17369.2446
FSSC250,2023-12-19,17632.2462
FSSC250,2023-12-20,17913.1666
FSSC250,2023-12-21,18057.8812
FSSC250,2023-12-22,18005.4226
FSSC250,2023-12-25,18099.9866
FSSC250,2023-12-26,17971.0783
FSSC250,2023-12-27,17948.3375
FSSC250,2023-12-28,17721.2116
FSSC250,2023-12-29,17439.6127
FSSC250,2024-01-01,17701.9304
FSSC250,2024-01-02,17902.9860
FSSC250,2024-01-03,17669.9689
FSSC250,2024-01-04,17907.9296
FSSC250,2024-01-05,17961.4138
FSSC250,2024-01-08,17194.6750
FSSC250,2024-01-09,17375.4964
FSSC250,2024-01-10,17392.8508
FSSC250,2024-01-11,17334.2904
FSSC250,2024-01-12,17151.8758
FSSC250,2024-01-15,17347.6365
FSSC250,2024-01-16,17619.4234
FSSC250,2024-01-17,17524.5451
FSSC250,2024-01-18,17385.5961
FSSC250,2024-01-19,17668.6543
FSSC250,2024-01-22,17779.1891
FSSC250,2024-01-23,17668.7528
FSSC250,2024-01-24,17717.5852
FSSC250,2024-01-25,17740.1927
FSSC250,2024-01-26,17780.5438
FSSC250,2024-01-29,17640.7202
FSSC250,2024-01-30,18020.7376
FSSC250,2024-01-31,18277.9961
FSSC250,2024-02-01,18187.4008
FSSC250,2024-02-02,17811.2133
FSSC250,2024-02-05,18057.6880
FSSC250,2024-02-06,17838.5350
FSSC250,2024-02-07,18034.7816
FSSC250,2024-02-08,18228.8244
FSSC250,2024-02-09,17934.3715
FSSC250,2024-02-12,18006.0877
FSSC250,2024-02-13,17969.8378
FSSC250,2024-02-14,18105.6326
FSSC250,2024-02-15,18030.1840
FSSC250,2024-02-16,18151.9673
FSSC250,2024-02-19,18330.6120
FSSC250,2024-02-20,18100.0249
FSSC250,2024-02-21,17989.2874
FSSC250,2024-02-22,17857.3377
FSSC250,2024-02-23,18438.6970
FSSC250,2024-02-26,18782.4794
FSSC250,2024-02-27,18846.3344
FSSC250,2024-02-28,18990.6779
FSSC250,2024-02-29,18920.6300
FSSC250,2024-03-01,18971.3702
FSSC250,2024-03-04,19116.8332
FSSC250,2024-03-05,19161.9239
FSSC250,2024-03-06,19209.7384
FSSC250,2024-03-07,19433.2704
FSSC250,2024-03-08,19159.3527
FSSC250,2024-03-11,19449.3812
FSSC250,2024-03-12,19109.5292
FSSC250,2024-03-13,19346.1602
FSSC250,2024-03-14,19381.7272
FSSC250,2024-03-15,19349.8838
FSSC250,2024-03-18,19153.9431
FSSC250,2024-03-19,19429.7213
FSSC250,2024-03-20,19683.6693
FSSC250,2024-03-21,19244.7705
FSSC250,2024-03-22,19017.7563
FSSC250,2024-03-25,19487.8749
FSSC250,2024-03-26,19740.8204
FSSC250,2024-03-27,19630.1271
FSSC250,2024-03-28,19910.6682
FSSC250,2024-03-29,20363.1546
FSSC250,2024-04-01,20221.8005
FSSC250,2024-04-02,20303.2569
FSSC250,2024-04-03,20088.1914
FSSC250,2024-04-04,20120.3096
FSSC250,2024-04-05,19836.8203
FSSC250,2024-04-08,19667.3557
FSSC250,2024-04-09,19925.8354
FSSC250,2024-04-10,20147.2521
FSSC250,2024-04-11,20406.7696
FSSC250,2024-04-12,20463.0475
FSSC250,2024-04-15,20562.2277
FSSC250,2024-04-16,20508.1412
FSSC250,2024-04-17,20332.1436
FSSC250,2024-04-18,20693.6829
FSSC250,2024-04-19,20725.9787
FSSC250,2024-04-22,20760.7624
FSSC250,2024-04-23,20571.8295
FSSC250,2024-04-24,20648.4551
FSSC250,2024-04-25,20500.4119
FSSC250,2024-04-26,20742.1214
FSSC250,2024-04-29,20649.3068
FSSC250,2024-04-30,20494.1541
FSSC250,2024-05-01,20318.8031
FSSC250,2024-05-02,20271.5205
FSSC250,2024-05-03,20250.2302
FSSC250,2024-05-06,20324.1175
FSSC250,2024-05-07,20056.5857
FSSC250,2024-05-08,20226.0824
FSSC250,2024-05-09,20487.6917
FSSC250,2024-05-10,20483.5728
FSSC250,2024-05-13,20366.3921
FSSC250,2024-05-14,20435.0855
FSSC250,2024-05-15,20211.2492
FSSC250,2024-05-16,20039.0853
FSSC250,2024-05-17,19972.4923
FSSC250,2024-05-20,20070.6236
FSSC250,2024-05-21,20174.2016
FSSC250,2024-05-22,19832.9899
FSSC250,2024-05-23,20066.9901
FSSC250,2024-05-24,20296.0149
FSSC250,2024-05-27,20384.9087
FSSC250,2024-05-28,20486.0822
FSSC250,2024-05-29,20233.0080
FSSC250,2024-05-30,19884.0666
FSSC250,2024-05-31,19710.9552
FSSC250,2024-06-03,20226.9408
FSSC250,2024-06-04,19037.4406
FSSC250,2024-06-05,20367.1148
FSSC250,2024-06-06,19872.8534
FSSC250,2024-06-07,20825.4068
FSSC250,2024-06-10,20939.8516
FSSC250,2024-06-11,21277.7901
FSSC250,2024-06-12,20980.5198
FSSC250,2024-06-13,21776.4246
FSSC250,2024-06-14,21456.2484
FSSC250,2024-06-17,21870.9187
FSSC250,2024-06-18,21657.3005
FSSC250,2024-06-19,21900.1051
FSSC250,2024-06-20,22478.2196
FSSC250,2024-06-21,22029.0801
FSSC250,2024-06-24,21396.3165
FSSC250,2024-06-25,21313.3729
FSSC250,2024-06-26,20990.2433
FSSC250,2024-06-27,20683.3172
FSSC250,2024-06-28,21664.4208
FSSC250,2024-07-01,21439.8482
FSSC250,2024-07-02,21509.7706
FSSC250,2024-07-03,21700.3949
FSSC250,2024-07-04,21457.1628
FSSC250,2024-07-05,21627.9905
FSSC250,2024-07-08,21114.4104
FSSC250,2024-07-09,21417.0979
FSSC250,2024-07-10,21363.9359
FSSC250,2024-07-11,21822.1593
FSSC250,2024-07-12,22025.5290
FSSC250,2024-07-15,21811.4316
FSSC250,2024-07-16,21846.4741
FSSC250,2024-07-17,22066.9751
FSSC250,2024-07-18,22398.0947
FSSC250,2024-07-19,22539.8170
FSSC250,2024-07-22,22587.1429
FSSC250,2024-07-23,22474.5396
FSSC250,2024-07-24,22827.8050
FSSC250,2024-07-25,22986.4410
FSSC250,2024-07-26,23291.6228
FSSC250,2024-07-29,23773.4746
FSSC250,2024-07-30,23335.1788
FSSC250,2024-07-31,23117.2030
FSSC250,2024-08-01,23366.4632
FSSC250,2024-08-02,23178.8145
FSSC250,2024-08-05,22917.4151
FSSC250,2024-08-06,23179.0765
FSSC250,2024-08-07,22770.7094
FSSC250,2024-08-08,22507.3298
FSSC250,2024-08-09,22677.8476
FSSC250,2024-08-12,22650.5782
FSSC250,2024-08-13,22592.5180
FSSC250,2024-08-14,22769.0642
FSSC250,2024-08-15,22853.4652
FSSC250,2024-08-16,22741.5182
FSSC250,2024-08-19,22682.6688
FSSC250,2024-08-20,22533.0383
FSSC250,2024-08-21,22843.6522
FSSC250,2024-08-22,22866.2148
FSSC250,2024-08-23,22796.7224
FSSC250,2024-08-26,22963.9111
FSSC250,2024-08-27,23254.8158
FSSC250,2024-08-28,23591.7954
FSSC250,2024-08-29,23521.2399
FSSC250,2024-08-30,23476.0105
FSSC250,2024-09-02,23076.5046
FSSC250,2024-09-03,23129.8266
FSSC250,2024-09-04,22964.2264
FSSC250,2024-09-05,22903.3489
FSSC250,2024-09-06,22316.1125
FSSC250,2024-09-09,22401.3226
FSSC250,2024-09-10,22141.7385
FSSC250,2024-09-11,22375.2888
FSSC250,2024-09-12,22298.8805
FSSC250,2024-09-13,22220.9511
FSSC250,2024-09-16,22698.2679
FSSC250,2024-09-17,22071.2241
FSSC250,2024-09-18,22060.1626
FSSC250,2024-09-19,21583.3192
FSSC250,2024-09-20,21671.4292
FSSC250,2024-09-23,21487.1000
FSSC250,2024-09-24,21191.8646
FSSC250,2024-09-25,20728.5141
FSSC250,2024-09-26,20209.2848
FSSC250,2024-09-27,20029.6083
FSSC250,2024-09-30,19901.9185
FSSC250,2024-10-01,19858.2441
FSSC250,2024-10-02,19917.3082
FSSC250,2024-10-03,19989.9263
FSSC250,2024-10-04,19802.8583
FSSC250,2024-10-07,19803.8968
FSSC250,2024-10-08,19931.9813
FSSC250,2024-10-09,19850.8639
FSSC250,2024-10-10,19995.1506
FSSC250,2024-10-11,20114.4529
FSSC250,2024-10-14,20148.3133
FSSC250,2024-10-15,19657.1167
FSSC250,2024-10-16,20095.5449
FSSC250,2024-10-17,20099.5015
FSSC250,2024-10-18,20397.1514
FSSC250,2024-10-21,20233.5983
FSSC250,2024-10-22,19919.6928
FSSC250,2024-10-23,20100.6607
FSSC250,2024-10-24,19720.2184
FSSC250,2024-10-25,19828.1385
FSSC250,2024-10-28,20242.0932
FSSC250,2024-10-29,20476.2315
FSSC250,2024-10-30,20420.9145
FSSC250,2024-10-31,20327.6139
FSSC250,2024-11-01,20371.6683
FSSC250,2024-11-04,20535.9658
FSSC250,2024-11-05,20149.3284
FSSC250,2024-11-06,20170.7777
FSSC250,2024-11-07,20251.5592
FSSC250,2024-11-08,20450.8414
FSSC250,2024-11-11,20785.6233
FSSC250,2024-11-12,20875.7055
FSSC250,2024-11-13,20972.0111
FSSC250,2024-11-14,20922.4331
FSSC250,2024-11-15,20713.7188
FSSC250,2024-11-18,20911.1624
FSSC250,2024-11-19,20849.9614
FSSC250,2024-11-20,20495.1207
FSSC250,2024-11-21,20714.6614
FSSC250,2024-11-22,20733.0599
FSSC250,2024-11-25,20712.6812
FSSC250,2024-11-26,20649.9621
FSSC250,2024-11-27,20472.3722
FSSC250,2024-11-28,21094.8789
FSSC250,2024-11-29,20988.5526
FSSC250,2024-12-02,21447.4729
FSSC250,2024-12-03,21379.5876
FSSC250,2024-12-04,21237.9305
FSSC250,2024-12-05,21329.5832
FSSC250,2024-12-06,21371.5663
FSSC250,2024-12-09,21701.0030
FSSC250,2024-12-10,21616.7238
FSSC250,2024-12-11,21714.3591
FSSC250,2024-12-12,21824.0194
FSSC250,2024-12-13,21846.6681
FSSC250,2024-12-16,21585.3541
FSSC250,2024-12-17,21129.5714
FSSC250,2024-12-18,20935.3015
FSSC250,2024-12-19,20880.3274
FSSC250,2024-12-20,20720.3438
FSSC250,2024-12-23,20563.2203
FSSC250,2024-12-24,20693.3140
FSSC250,2024-12-25,20512.8596
FSSC250,2024-12-26,20485.5157
FSSC250,2024-12-27,20797.6960
FSSC250,2024-12-30,20958.6495
FSSC250,2024-12-31,21137.5552
FSSC250,2025-01-01,21529.2949
FSSC250,2025-01-02,21643.4696
FSSC250,2025-01-03,21395.3538
FSSC250,2025-01-06,21631.2653
FSSC250,2025-01-07,21897.5858
FSSC250,2025-01-08,21623.6767
FSSC250,2025-01-09,21832.0926
FSSC250,2025-01-10,21770.9128
FSSC250,2025-01-13,21669.7890
FSSC250,2025-01-14,21438.4101
FSSC250,2025-01-15,21758.5544
FSSC250,2025-01-16,21903.5713
FSSC250,2025-01-17,21561.2974
FSSC250,2025-01-20,21844.8124
FSSC250,2025-01-21,21975.9422
FSSC250,2025-01-22,21957.0641
FSSC250,2025-01-23,22211.7379
FSSC250,2025-01-24,21726.2310
FSSC250,2025-01-27,21742.0534
FSSC250,2025-01-28,21957.4692
FSSC250,2025-01-29,22061.6763
FSSC250,2025-01-30,21997.9562
FSSC250,2025-01-31,22135.4516
FSSC250,2025-02-03,22292.4715
FSSC250,2025-02-04,22071.5927
FSSC250,2025-02-05,21962.0875
FSSC250,2025-02-06,21802.1413
FSSC250,2025-02-07,23369.3520
FSSC250,2025-02-10,23512.3843
FSSC250,2025-02-11,23605.2558
FSSC250,2025-02-12,23720.9321
FSSC250,2025-02-13,23768.5683
FSSC250,2025-02-14,24239.5994
FSSC250,2025-02-17,24476.4590
FSSC250,2025-02-18,24552.5833
FSSC250,2025-02-19,24793.8390
FSSC250,2025-02-20,25080.2092
FSSC250,2025-02-21,25158.1172
FSSC250,2025-02-24,25501.1526
FSSC250,2025-02-25,25313.7639
FSSC250,2025-02-26,25237.0503
FSSC250,2025-02-27,25161.5236
FSSC250,2025-02-28,25094.0002
FSSC250,2025-03-03,25288.2819
FSSC250,2025-03-04,25762.3477
FSSC250,2025-03-05,25666.1523
FSSC250,2025-03-06,25540.7796
FSSC250,2025-03-07,25447.5310
FSSC250,2025-03-10,25364.6284
FSSC250,2025-03-11,25377.9845
FSSC250,2025-03-12,25785.8179
FSSC250,2025-03-13,25502.9059
FSSC250,2025-03-14,25687.5924
FSSC250,2025-03-17,25774.8329
FSSC250,2025-03-18,25837.9972
FSSC250,2025-03-19,26091.4525
FSSC250,2025-03-20,26693.8948
FSSC250,2025-03-21,26515.5366
FSSC250,2025-03-24,25817.6606
FSSC250,2025-03-25,25532.8977
FSSC250,2025-03-26,25383.6794
FSSC250,2025-03-27,25421.4612
FSSC250,2025-03-28,25095.2270
FSSC250,2025-03-31,25181.8867
FSSC250,2025-04-01,25358.4411
FSSC250,2025-04-02,25122.7235
FSSC250,2025-04-03,26235.3272
FSSC250,2025-04-04,26025.3699
FSSC250,2025-04-07,25509.6745
FSSC250,2025-04-08,25534.0061
FSSC250,2025-04-09,25485.7679
FSSC250,2025-04-10,25048.3309
FSSC250,2025-04-11,25044.7903
FSSC250,2025-04-14,24739.5316
FSSC250,2025-04-15,24431.8513
FSSC250,2025-04-16,24579.4163
FSSC250,2025-04-17,24532.5300
FSSC250,2025-04-18,24790.8496
FSSC250,2025-04-21,24749.8084
FSSC250,2025-04-22,24639.1453
FSSC250,2025-04-23,24377.8980
FSSC250,2025-04-24,24011.3823
FSSC250,2025-04-25,23875.0828
FSSC250,2025-04-28,24236.9140
FSSC250,2025-04-29,24086.5681
FSSC250,2025-04-30,24076.3065
FSSC250,2025-05-01,23918.3722
FSSC250,2025-05-02,23628.3778
FSSC250,2025-05-05,23822.1282
FSSC250,2025-05-06,23328.5017
FSSC250,2025-05-07,23366.6015
FSSC250,2025-05-08,23558.6371
FSSC250,2025-05-09,23875.6300
FSSC250,2025-05-12,23468.5925
FSSC250,2025-05-13,23168.1595
FSSC250,2025-05-14,23441.8847
FSSC250,2025-05-15,23458.4088
FSSC250,2025-05-16,23438.8990
FSSC250,2025-05-19,23085.7914
FSSC250,2025-05-20,23321.9242
FSSC250,2025-05-21,23818.0920
FSSC250,2025-05-22,23802.6011
FSSC250,2025-05-23,24127.1362
FSSC250,2025-05-26,24052.6334
FSSC250,2025-05-27,24033.6130
FSSC250,2025-05-28,24033.2023
FSSC250,2025-05-29,24423.9655
FSSC250,2025-05-30,25172.7567
FSSC250,2025-06-02,25712.5074
FSSC250,2025-06-03,25806.4950
FSSC250,2025-06-04,25993.8430
FSSC250,2025-06-05,25594.8455
FSSC250,2025-06-06,25860.6412
FSSC250,2025-06-09,25675.8943
FSSC250,2025-06-10,25866.4380
FSSC250,2025-06-11,25936.3752
FSSC250,2025-06-12,25704.0610
FSSC250,2025-06-13,25777.2558
FSSC250,2025-06-16,25540.2977
FSSC250,2025-06-17,25396.1820
FSSC250,2025-06-18,25321.5161
FSSC250,2025-06-19,25337.1136
FSSC250,2025-06-20,25541.2950
FSSC250,2025-06-23,25197.0316
FSSC250,2025-06-24,25011.1457
FSSC250,2025-06-25,25129.0050
FSSC250,2025-06-26,24995.6317
FSSC250,2025-06-27,25012.0633
FSSC250,2025-06-30,25389.2190
FSSC250,2025-07-01,25478.3464
FSSC250,2025-07-02,25662.4959
FSSC250,2025-07-03,25780.2679
FSSC250,2025-07-04,26036.5188
FSSC250,2025-07-07,25841.1875
FSSC250,2025-07-08,25545.2721
FSSC250,2025-07-09,26048.1302
FSSC250,2025-07-10,26233.4083
FSSC250,2025-07-11,26236.7413
FSSC250,2025-07-14,25806.3303
FSSC250,2025-07-15,25894.3846
FSSC250,2025-07-16,25874.6984
FSSC250,2025-07-17,25371.2849
FSSC250,2025-07-18,25324.2213
FSSC250,2025-07-21,25286.1824
FSSC250,2025-07-22,25365.5825
FSSC250,2025-07-23,25727.3477
FSSC250,2025-07-24,25590.8228
FSSC250,2025-07-25,25906.7684
FSSC250,2025-07-28,25721.1201
FSSC250,2025-07-29,26081.9380
FSSC250,2025-07-30,25810.4587
FSSC250,2025-07-31,26034.1338
FSSC250,2025-08-01,26247.3759
FSSC250,2025-08-04,26018.6816
FSSC250,2025-08-05,26051.2645
FSSC250,2025-08-06,26172.6186
FSSC250,2025-08-07,26132.8435
FSSC250,2025-08-08,26025.5875
FSSC250,2025-08-11,25819.9809
FSSC250,2025-08-12,25578.1121
FSSC250,2025-08-13,25518.1582
FSSC250,2025-08-14,25826.9226
FSSC250,2025-08-15,25907.5160
FSSC250,2025-08-18,25908.1572
FSSC250,2025-08-19,26225.4247
FSSC250,2025-08-20,26345.5501
FSSC250,2025-08-21,26081.8139
FSSC250,2025-08-22,25591.0746
FSSC250,2025-08-25,25363.4012
FSSC250,2025-08-26,25914.3360
FSSC250,2025-08-27,25870.1142
FSSC250,2025-08-28,26365.5807
FSSC250,2025-08-29,26137.4952
FSSC250,2025-09-01,25659.3466
FSSC250,2025-09-02,25610.1256
FSSC250,2025-09-03,25616.5330
FSSC250,2025-09-04,25951.1560
FSSC250,2025-09-05,25913.9776
FSSC250,2025-09-08,26117.4271
FSSC250,2025-09-09,25925.5509
FSSC250,2025-09-10,25861.1094
FSSC250,2025-09-11,26076.4633
FSSC250,2025-09-12,25847.7182
FSSC250,2025-09-15,26103.8837
FSSC250,2025-09-16,25628.2480
FSSC250,2025-09-17,25604.3866
FSSC250,2025-09-18,25888.4632
FSSC250,2025-09-19,25698.7186
FSSC250,2025-09-22,23821.0258
FSSC250,2025-09-23,24090.1668
FSSC250,2025-09-24,24037.1556
FSSC250,2025-09-25,23890.6135
FSSC250,2025-09-26,23788.6935
FSSC250,2025-09-29,23890.5116
FSSC250,2025-09-30,24284.0256
FSSC250,2025-10-01,24306.5235
FSSC250,2025-10-02,24650.8937
FSSC250,2025-10-03,24553.2183
FSSC250,2025-10-06,24689.6155
FSSC250,2025-10-07,24837.8378
FSSC250,2025-10-08,24672.0752
FSSC250,2025-10-09,24718.7416
FSSC250,2025-10-10,24783.8672
FSSC250,2025-10-13,24954.4576
FSSC250,2025-10-14,25128.3745
FSSC250,2025-10-15,25222.7063
FSSC250,2025-10-16,25347.3682
FSSC250,2025-10-17,25463.2935
FSSC250,2025-10-20,25394.6231
FSSC250,2025-10-21,25029.4847
FSSC250,2025-10-22,24544.3728
FSSC250,2025-10-23,24235.6392
FSSC250,2025-10-24,24120.8126
FSSC250,2025-10-27,24118.3148
FSSC250,2025-10-28,23905.7521
FSSC250,2025-10-29,24135.9219
FSSC250,2025-10-30,24238.0725
FSSC250,2025-10-31,23650.8208
FSSC250,2025-11-03,23803.3222
FSSC250,2025-11-04,23893.0530
FSSC250,2025-11-05,24270.0216
FSSC250,2025-11-06,24470.9750
FSSC250,2025-11-07,24701.2702
FSSC250,2025-11-10,24589.4786
FSSC250,2025-11-11,24497.0795
FSSC250,2025-11-12,24718.6741
FSSC250,2025-11-13,24845.5501
FSSC250,2025-11-14,24863.8602
FSSC250,2025-11-17,25276.1253
FSSC250,2025-11-18,25644.1684
FSSC250,2025-11-19,25863.0088
FSSC250,2025-11-20,25233.4286
FSSC250,2025-11-21,25048.9709
FSSC250,2025-11-24,24702.9519
FSSC250,2025-11-25,24525.5474
FSSC250,2025-11-26,25019.1012
FSSC250,2025-11-27,24995.9470
FSSC250,2025-11-28,25107.6568
FSSC250,2025-12-01,25780.0924
FSSC250,2025-12-02,25840.6974
FSSC250,2025-12-03,25503.1793
FSSC250,2025-12-04,25131.5908
FSSC250,2025-12-05,25207.3718
FSSC250,2025-12-08,25353.4257
FSSC250,2025-12-09,25681.7196
FSSC250,2025-12-10,25709.9470
FSSC250,2025-12-11,25762.0256
FSSC250,2025-12-12,25675.2900
FSSC250,2025-12-15,25626.3107
FSSC250,2025-12-16,25803.8222
FSSC250,2025-12-17,25718.2927
FSSC250,2025-12-18,25957.8033
FSSC250,2025-12-19,25820.2510
FSSC250,2025-12-22,25580.7738
FSSC250,2025-12-23,25900.9250
FSSC250,2025-12-24,25992.8199
FSSC250,2025-12-25,26056.9613
FSSC250,2025-12-26,26110.1177
FSSC250,2025-12-29,26288.8449
FSSC250,2025-12-30,26229.5023
FSSC250,2025-12-31,26040.1896
FSSC250,2026-01-01,26258.6947
FSSC250,2026-01-02,26547.7200
FSSC250,2026-01-05,26567.3463
FSSC250,2026-01-06,26110.9288
FSSC250,2026-01-07,25935.9944
FSSC250,2026-01-08,25957.8481
FSSC250,2026-01-09,25870.6038
FSSC250,2026-01-12,26070.6396
FSSC250,2026-01-13,25784.7721
FSSC250,2026-01-14,26940.5926
FSSC250,2026-01-15,26035.6914
FSSC250,2026-01-16,26155.3824
FSSC250,2026-01-19,26091.2371
FSSC250,2026-01-20,26889.1162
FSSC250,2026-01-21,27295.1988
FSSC250,2026-01-22,28187.3106
FSSC250,2026-01-23,28345.7357
FSSC250,2026-01-26,28932.9954
FSSC250,2026-01-27,28873.8835
FSSC250,2026-01-28,29088.6249
FSSC250,2026-01-29,29008.1979
FSSC250,2026-01-30,28944.9939
FSSC250,2026-02-02,29407.7218
FSSC250,2026-02-03,29691.1984
FSSC250,2026-02-04,29192.2963
FSSC250,2026-02-05,29673.5986
FSSC250,2026-02-06,29933.3353
FSSC250,2026-02-09,29979.2928
FSSC250,2026-02-10,30623.2712
FSSC250,2026-02-11,30686.3153
FSSC250,2026-02-12,30555.1003
FSSC250,2026-02-13,30120.1229
FSSC250,2026-02-16,30195.0406
FSSC250,2026-02-17,30007.0405
FSSC250,2026-02-18,29798.0235
FSSC250,2026-02-19,29860.3628
FSSC250,2026-02-20,28950.7154
FSSC250,2026-02-23,28703.8185
FSSC250,2026-02-24,29185.6074
FSSC250,2026-02-25,29761.9452
FSSC250,2026-02-26,29733.4795
FSSC250,2026-02-27,29722.2556
FSSC250,2026-03-02,30284.8223
FSSC250,2026-03-03,29600.8467
FSSC250,2026-03-04,30404.2474
FSSC250,2026-03-05,30010.3368
FSSC250,2026-03-06,30200.4169
FSSC250,2026-03-09,30286.1829
FSSC250,2026-03-10,29665.2580
FSSC250,2026-03-11,29354.4578
FSSC250,2026-03-12,29563.4805
FSSC250,2026-03-13,29686.6021
FSSC250,2026-03-16,30081.8353
FSSC250,2026-03-17,28564.9562
FSSC250,2026-03-18,26947.3012
FSSC250,2026-03-19,27005.2620
FSSC250,2026-03-20,26946.7870
FSSC250,2026-03-23,26377.8544
FSSC250,2026-03-24,26290.1295
FSSC250,2026-03-25,26630.5680
FSSC250,2026-03-26,26098.5888
FSSC250,2026-03-27,26712.8189
FSSC250,2026-03-30,26106.0427
FSSC250,2026-03-31,26628.3739
FSSC250,2026-04-01,26336.2115
FSSC250,2026-04-02,26474.5632
FSSC250,2026-04-03,26495.7115
FSSC250,2026-04-06,26075.9143
FSSC250,2026-04-07,26086.6685
FSSC250,2026-04-08,25795.1013
FSSC250,2026-04-09,25493.8912
FSSC250,2026-04-10,25430.7939
FSSC250,2026-04-13,25180.3838
FSSC250,2026-04-14,25500.5333
FSSC250,2026-04-15,25422.7024
FSSC250,2026-04-16,25642.2873
FSSC250,2026-04-17,25700.2465
FSSC250,2026-04-20,25614.2499
FSSC250,2026-04-21,25730.2136
FSSC250,2026-04-22,25994.1734
FSSC250,2026-04-23,26212.5272
FSSC250,2026-04-24,26620.3035
FSSC250,2026-04-27,26374.9806
FSSC250,2026-04-28,26357.9481
FSSC250,2026-04-29,26884.2340
FSSC250,2026-04-30,27400.4147
FSSC250,2026-05-01,27416.8697
FSSC250,2026-05-04,27689.2949
FSSC250,2026-05-05,26816.3100
FSSC250,2026-05-06,26536.5814
FSSC250,2026-05-07,25830.1868
FSSC250,2026-05-08,26335.8426
FSSC250,2026-05-11,26359.8787
FSSC250,2026-05-12,26328.3403
FSSC250,2026-05-13,25946.8591
FSSC250,2026-05-14,25649.0450
FSSC250,2026-05-15,25178.9657
FSSC250,2026-05-18,24875.5475
FSSC250,2026-05-19,24225.9582
FSSC250,2026-05-20,24038.2555
FSSC250,2026-05-21,23789.8435
FSSC250,2026-05-22,24063.2519
FSSC250,2026-05-25,23954.4703
FSSC250,2026-05-26,23269.6006
FSSC250,2026-05-27,23383.6883
FSSC250,2026-05-28,23309.5960
FSSC250,2026-05-29,23801.4807
FSSC250,2026-06-01,24084.2650
FSSC250,2026-06-02,24107.3081
FSSC250,2026-06-03,24271.7099
FSSC250,2026-06-04,24635.6767
FSSC250,2026-06-05,24970.4560
FSSC250,2026-06-08,25716.6634
FSSC250,2026-06-09,25688.8281
FSSC250,2026-06-10,24874.4147
FSSC250,2026-06-11,25164.2399
FSSC250,2026-06-12,25422.4984
FSSC250,2026-06-15,25155.0947
FSSC250,2026-06-16,24889.6683
FSSC250,2026-06-17,24764.0025
FSSC250,2026-06-18,24559.9873
FSSC250,2026-06-19,24286.1939
FSSC250,2026-06-22,24158.1597
FSSC250,2026-06-23,24114.0503
FSSC250,2026-06-24,24220.5493
FSSC250,2026-06-25,24604.8902
FSSC250,2026-06-26,24807.1440
FSSC250,2026-06-29,25162.7443
FSSC250,2026-06-30,25308.1825
FSSC250,2026-07-01,25706.7725
FSSC250,2026-07-02,25952.1847
FSSC250,2026-07-03,25559.0841
FSSC250,2026-07-06,25555.2502
FSSC250,2026-07-07,25437.4642
FSSC250,2026-07-08,25845.6845
FSSC250,2026-07-09,25758.8332
FSSC250,2026-07-10,26069.5555
FSSC250,2026-07-13,26029.0308
FSSC250,2026-07-14,25405.4430
FSSC250,2026-07-15,25792.8877
FSSC250,2026-07-16,26130.1676
FSSC250,2026-07-17,26307.1549
FSSC250,2026-07-20,26872.7199
FSSC250,2026-07-21,27284.5244
FSSC250,2026-07-22,27311.5445
FSSC250,2026-07-23,26830.9043
FSSC250,2026-07-24,26940.3741
FSSC250,2026-07-27,27128.4235
FSSC250,2026-07-28,27071.3302
FSSC250,2026-07-29,26524.1403
FSSC250,2026-07-30,26974.9362
FSSC250,2026-07-31,27271.7313
FSSC250,2026-08-03,27493.7686
FSSC250,2026-08-04,27604.5054
FSSC250,2026-08-05,27814.1271
FSSC250,2026-08-06,28050.1831
FSSC250,2026-08-07,27207.6279
FSSC250,2026-08-10,27437.6190
FSSC250,2026-08-11,27166.9541
FSSC250,2026-08-12,26277.1601
FSSC250,2026-08-13,26493.8838
FSSC250,2026-08-14,26074.3920
FSSC250,2026-08-17,25645.0597
FSSC250,2026-08-18,25522.5546
FSSC250,2026-08-19,24997.1850
FSSC250,2026-08-20,25069.8376
FSSC250,2026-08-21,24639.0085
FSSC250,2026-08-24,24965.8658
FSSC250,2026-08-25,25009.5064
FSSC250,2026-08-26,24864.6526
FSSC250,2026-08-27,25029.6271
FSSC250,2026-08-28,25348.5012
FSSC250,2026-08-31,25630.5008
FSSC250,2026-09-01,25696.4725
FSSC250,2026-09-02,25640.8649
FSSC250,2026-09-03,25550.7830
FSSC250,2026-09-04,25524.2384
FSSC250,2026-09-07,25551.9747
FSSC250,2026-09-08,25354.9343
FSSC250,2026-09-09,25545.7189
FSSC250,2026-09-10,25511.1408
FSSC250,2026-09-11,25741.1896
FSSC250,2026-09-14,25460.7188
FSSC250,2026-09-15,25115.0754
FSSC250,2026-09-16,24853.3480
FSSC250,2026-09-17,24854.1162
FSSC250,2026-09-18,24875.5716
FSSC250,2026-09-21,25103.5551
FSSC250,2026-09-22,25042.8237
FSSC250,2026-09-23,24996.0820
FSSC250,2026-09-24,24647.9275
FSSC250,2026-09-25,23456.0815
FSSC250,2026-09-28,23219.1042
FSSC250,2026-09-29,23006.1155
FSSC250,2026-09-30,22637.0031
FS500,2021-01-04,10074.6635
FS500,2021-01-05,10003.8938
FS500,2021-01-06,10045.2377
FS500,2021-01-07,10137.7866
FS500,2021-01-08,10188.4051
FS500,2021-01-11,10137.6897
FS500,2021-01-12,10121.8059
FS500,2021-01-13,10067.5727
FS500,2021-01-14,10155.5830
FS500,2021-01-15,10168.0587
FS500,2021-01-18,10342.8196
FS500,2021-01-19,10475.8078
FS500,2021-01-20,10550.4725
FS500,2021-01-21,10471.4115
FS500,2021-01-22,10581.4802
FS500,2021-01-25,10530.4316
FS500,2021-01-26,10426.0015
FS500,2021-01-27,10177.9740
FS500,2021-01-28,10138.3923
FS500,2021-01-29,10150.6226
FS500,2021-02-01,9913.5723
FS500,2021-02-02,9917.4255
FS500,2021-02-03,9936.7325
FS500,2021-02-04,10028.0935
FS500,2021-02-05,10021.5957
FS500,2021-02-08,10137.9946
FS500,2021-02-09,10124.4270
FS500,2021-02-10,10143.3242
FS500,2021-02-11,10163.9124
FS500,2021-02-12,9950.8078
FS500,2021-02-15,9849.7666
FS500,2021-02-16,9872.9979
FS500,2021-02-17,9995.9084
FS500,2021-02-18,10014.6204
FS500,2021-02-19,10173.8286
FS500,2021-02-22,10158.4958
FS500,2021-02-23,10219.0150
FS500,2021-02-24,10288.1675
FS500,2021-02-25,10360.0234
FS500,2021-02-26,10433.1932
FS500,2021-03-01,10505.8054
FS500,2021-03-02,10496.9190
FS500,2021-03-03,10655.9044
FS500,2021-03-04,10611.8954
FS500,2021-03-05,10825.2961
FS500,2021-03-08,10878.2201
FS500,2021-03-09,10847.5478
FS500,2021-03-10,10879.4995
FS500,2021-03-11,10936.3954
FS500,2021-03-12,10795.5529
FS500,2021-03-15,10771.1892
FS500,2021-03-16,10729.7009
FS500,2021-03-17,10741.6616
FS500,2021-03-18,10656.4532
FS500,2021-03-19,10743.6266
FS500,2021-03-22,10670.2689
FS500,2021-03-23,10698.6128
FS500,2021-03-24,10640.3265
FS500,2021-03-25,10585.1641
FS500,2021-03-26,10520.4902
FS500,2021-03-29,10360.1955
FS500,2021-03-30,10084.8236
FS500,2021-03-31,9992.9953
FS500,2021-04-01,9986.5826
FS500,2021-04-02,9976.4515
FS500,2021-04-05,9793.8763
FS500,2021-04-06,9746.9403
FS500,2021-04-07,9761.1996
FS500,2021-04-08,9802.6183
FS500,2021-04-09,9793.9452
FS500,2021-04-12,9758.6486
FS500,2021-04-13,9742.7218
FS500,2021-04-14,9846.3525
FS500,2021-04-15,9910.8585
FS500,2021-04-16,9847.2527
FS500,2021-04-19,9764.7062
FS500,2021-04-20,9746.4374
FS500,2021-04-21,9692.0497
FS500,2021-04-22,9796.6910
FS500,2021-04-23,9721.5065
FS500,2021-04-26,9775.1751
FS500,2021-04-27,9865.8508
FS500,2021-04-28,9770.0968
FS500,2021-04-29,9796.3323
FS500,2021-04-30,9764.6497
FS500,2021-05-03,9965.6005
FS500,2021-05-04,9949.2154
FS500,2021-05-05,9884.4548
FS500,2021-05-06,9733.6149
FS500,2021-05-07,9717.1001
FS500,2021-05-10,9798.8740
FS500,2021-05-11,9697.9824
FS500,2021-05-12,9721.7171
FS500,2021-05-13,9629.9921
FS500,2021-05-14,9588.9324
FS500,2021-05-17,9579.5645
FS500,2021-05-18,9534.9639
FS500,2021-05-19,9487.4725
FS500,2021-05-20,9540.2366
FS500,2021-05-21,9497.5414
FS500,2021-05-24,9580.4405
FS500,2021-05-25,9803.7090
FS500,2021-05-26,9861.9139
FS500,2021-05-27,9986.6366
FS500,2021-05-28,9977.7902
FS500,2021-05-31,10018.1958
FS500,2021-06-01,10110.1265
FS500,2021-06-02,10017.4254
FS500,2021-06-03,9939.0133
FS500,2021-06-04,9840.0274
FS500,2021-06-07,9922.8037
FS500,2021-06-08,9894.7182
FS500,2021-06-09,9917.7821
FS500,2021-06-10,9900.2032
FS500,2021-06-11,9823.4617
FS500,2021-06-14,9843.7785
FS500,2021-06-15,9872.9675
FS500,2021-06-16,9905.9467
FS500,2021-06-17,9874.9245
FS500,2021-06-18,9846.1234
FS500,2021-06-21,9758.6508
FS500,2021-06-22,9658.9393
FS500,2021-06-23,9633.6536
FS500,2021-06-24,9628.7475
FS500,2021-06-25,9633.2520
FS500,2021-06-28,9762.9012
FS500,2021-06-29,9744.4769
FS500,2021-06-30,9751.8663
FS500,2021-07-01,9788.7044
FS500,2021-07-02,9687.6134
FS500,2021-07-05,9620.5550
FS500,2021-07-06,9453.6842
FS500,2021-07-07,9435.7579
FS500,2021-07-08,9430.9994
FS500,2021-07-09,9410.0618
FS500,2021-07-12,9573.9625
FS500,2021-07-13,9550.1357
FS500,2021-07-14,9611.6913
FS500,2021-07-15,9521.0828
FS500,2021-07-16,9567.4893
FS500,2021-07-19,9671.5089
FS500,2021-07-20,9650.4974
FS500,2021-07-21,9684.8948
FS500,2021-07-22,9678.7897
FS500,2021-07-23,9611.7622
FS500,2021-07-26,9645.6752
FS500,2021-07-27,9695.1041
FS500,2021-07-28,9668.4024
FS500,2021-07-29,9599.5857
FS500,2021-07-30,9602.1312
FS500,2021-08-02,9621.7962
FS500,2021-08-03,9673.3712
FS500,2021-08-04,9685.3653
FS500,2021-08-05,9581.6162
FS500,2021-08-06,9572.3640
FS500,2021-08-09,9556.6126
FS500,2021-08-10,9705.8178
FS500,2021-08-11,9797.8678
FS500,2021-08-12,9715.3871
FS500,2021-08-13,9545.0849
FS500,2021-08-16,9753.3834
FS500,2021-08-17,9826.1287
FS500,2021-08-18,9614.8954
FS500,2021-08-19,9613.3950
FS500,2021-08-20,9637.1872
FS500,2021-08-23,9769.4174
FS500,2021-08-24,9795.3479
FS500,2021-08-25,9894.7868
FS500,2021-08-26,9827.7461
FS500,2021-08-27,9893.8931
FS500,2021-08-30,9892.5125
FS500,2021-08-31,10008.4020
FS500,2021-09-01,9992.6869
FS500,2021-09-02,10047.5417
FS500,2021-09-03,10104.6601
FS500,2021-09-06,10113.4603
FS500,2021-09-07,10329.9931
FS500,2021-09-08,10182.9896
FS500,2021-09-09,10233.0561
FS500,2021-09-10,10294.7432
FS500,2021-09-13,10295.5181
FS500,2021-09-14,10185.1436
FS500,2021-09-15,10203.9046
FS500,2021-09-16,10282.9623
FS500,2021-09-17,10280.9084
FS500,2021-09-20,10325.4424
FS500,2021-09-21,10281.2417
FS500,2021-09-22,10408.7904
FS500,2021-09-23,10574.6336
FS500,2021-09-24,10530.6841
FS500,2021-09-27,10549.4232
FS500,2021-09-28,10651.9740
FS500,2021-09-29,10580.9415
FS500,2021-09-30,10625.7561
FS500,2021-10-01,10673.4198
FS500,2021-10-04,10544.9471
FS500,2021-10-05,10541.8711
FS500,2021-10-06,10465.5878
FS500,2021-10-07,10503.8046
FS500,2021-10-08,10519.2711
FS500,2021-10-11,10525.0874
FS500,2021-10-12,10473.5789
FS500,2021-10-13,10546.7077
FS500,2021-10-14,10773.4455
FS500,2021-10-15,10896.3072
FS500,2021-10-18,10806.5525
FS500,2021-10-19,10785.2021
FS500,2021-10-20,10850.4245
FS500,2021-10-21,10833.7098
FS500,2021-10-22,10759.5737
FS500,2021-10-25,10773.6573
FS500,2021-10-26,10710.9672
FS500,2021-10-27,10594.4412
FS500,2021-10-28,10425.8752
FS500,2021-10-29,10461.0819
FS500,2021-11-01,10531.1368
FS500,2021-11-02,10487.3795
FS500,2021-11-03,10485.5217
FS500,2021-11-04,10349.4184
FS500,2021-11-05,10430.9293
FS500,2021-11-08,10511.9616
FS500,2021-11-09,10588.4322
FS500,2021-11-10,10502.2850
FS500,2021-11-11,10582.8371
FS500,2021-11-12,10587.2757
FS500,2021-11-15,10606.7694
FS500,2021-11-16,10507.8822
FS500,2021-11-17,10482.6831
FS500,2021-11-18,10528.5182
FS500,2021-11-19,10565.9298
FS500,2021-11-22,10706.3322
FS500,2021-11-23,10848.8265
FS500,2021-11-24,10828.2741
FS500,2021-11-25,10700.2167
FS500,2021-11-26,10660.5630
FS500,2021-11-29,10696.4860
FS500,2021-11-30,10609.9601
FS500,2021-12-01,10571.7790
FS500,2021-12-02,10595.3159
FS500,2021-12-03,10489.1057
FS500,2021-12-06,10559.9321
FS500,2021-12-07,10663.9233
FS500,2021-12-08,10777.0796
FS500,2021-12-09,10735.0125
FS500,2021-12-10,10627.1525
FS500,2021-12-13,10663.0067
FS500,2021-12-14,10661.6479
FS500,2021-12-15,10562.9416
FS500,2021-12-16,10677.8897
FS500,2021-12-17,10708.3300
FS500,2021-12-20,10760.9589
FS500,2021-12-21,10601.9881
FS500,2021-12-22,10548.5036
FS500,2021-12-23,10697.7299
FS500,2021-12-24,10889.0245
FS500,2021-12-27,10868.2265
FS500,2021-12-28,11042.6016
FS500,2021-12-29,11055.4677
FS500,2021-12-30,11084.2069
FS500,2021-12-31,11044.3560
FS500,2022-01-03,10944.7949
FS500,2022-01-04,10937.1880
FS500,2022-01-05,11155.0254
FS500,2022-01-06,11150.1733
FS500,2022-01-07,11288.3134
FS500,2022-01-10,11029.5778
FS500,2022-01-11,11052.6978
FS500,2022-01-12,11094.7883
FS500,2022-01-13,11097.3185
FS500,2022-01-14,11036.2150
FS500,2022-01-17,11101.5378
FS500,2022-01-18,11181.5083
FS500,2022-01-19,11167.7282
FS500,2022-01-20,11203.4455
FS500,2022-01-21,11097.6219
FS500,2022-01-24,11078.1357
FS500,2022-01-25,11118.6569
FS500,2022-01-26,10957.8824
FS500,2022-01-27,11121.7192
FS500,2022-01-28,11087.2594
FS500,2022-01-31,11052.0859
FS500,2022-02-01,11021.0026
FS500,2022-02-02,11168.5360
FS500,2022-02-03,11069.1437
FS500,2022-02-04,11331.3341
FS500,2022-02-07,11355.8952
FS500,2022-02-08,11518.7696
FS500,2022-02-09,11540.3404
FS500,2022-02-10,11575.2521
FS500,2022-02-11,11470.8132
FS500,2022-02-14,11466.5369
FS500,2022-02-15,11352.5916
FS500,2022-02-16,11362.6041
FS500,2022-02-17,11439.4640
FS500,2022-02-18,11726.2620
FS500,2022-02-21,11913.8448
FS500,2022-02-22,11830.2927
FS500,2022-02-23,11736.6177
FS500,2022-02-24,11528.2252
FS500,2022-02-25,11476.2275
FS500,2022-02-28,11536.6508
FS500,2022-03-01,11510.2004
FS500,2022-03-02,11461.2676
FS500,2022-03-03,11462.3335
FS500,2022-03-04,11509.5299
FS500,2022-03-07,11449.8385
FS500,2022-03-08,11508.5037
FS500,2022-03-09,11565.3466
FS500,2022-03-10,11423.5616
FS500,2022-03-11,11383.4294
FS500,2022-03-14,11413.5879
FS500,2022-03-15,11392.8679
FS500,2022-03-16,11419.8013
FS500,2022-03-17,11505.4890
FS500,2022-03-18,11710.4755
FS500,2022-03-21,11735.5565
FS500,2022-03-22,11746.2733
FS500,2022-03-23,11908.9288
FS500,2022-03-24,11905.5144
FS500,2022-03-25,11832.7939
FS500,2022-03-28,11851.8577
FS500,2022-03-29,11990.9380
FS500,2022-03-30,11884.1726
FS500,2022-03-31,11887.2699
FS500,2022-04-01,11764.5431
FS500,2022-04-04,11869.1973
FS500,2022-04-05,11812.1554
FS500,2022-04-06,11840.5128
FS500,2022-04-07,11851.3742
FS500,2022-04-08,11759.9597
FS500,2022-04-11,11721.5400
FS500,2022-04-12,11703.6241
FS500,2022-04-13,11674.7741
FS500,2022-04-14,11578.0235
FS500,2022-04-15,11455.8808
FS500,2022-04-18,11562.1024
FS500,2022-04-19,11714.6314
FS500,2022-04-20,11794.9043
FS500,2022-04-21,11626.4862
FS500,2022-04-22,11595.9485
FS500,2022-04-25,11515.9118
FS500,2022-04-26,11693.4927
FS500,2022-04-27,11700.0210
FS500,2022-04-28,11772.1754
FS500,2022-04-29,11702.8200
FS500,2022-05-02,11793.9025
FS500,2022-05-03,11824.1440
FS500,2022-05-04,11920.4576
FS500,2022-05-05,11831.1277
FS500,2022-05-06,11718.4436
FS500,2022-05-09,11612.9017
FS500,2022-05-10,11557.9769
FS500,2022-05-11,11431.7789
FS500,2022-05-12,11497.5517
FS500,2022-05-13,11554.7712
FS500,2022-05-16,11610.9966
FS500,2022-05-17,11389.4223
FS500,2022-05-18,11458.6183
FS500,2022-05-19,11482.7382
FS500,2022-05-20,12109.0016
FS500,2022-05-23,12116.3559
FS500,2022-05-24,12595.0729
FS500,2022-05-25,12668.1234
FS500,2022-05-26,12862.7965
FS500,2022-05-27,13295.0365
FS500,2022-05-30,13228.3231
FS500,2022-05-31,13502.0977
FS500,2022-06-01,13265.0787
FS500,2022-06-02,12756.1058
FS500,2022-06-03,12918.1697
FS500,2022-06-06,12745.9852
FS500,2022-06-07,13362.2345
FS500,2022-06-08,13325.7084
FS500,2022-06-09,12944.9182
FS500,2022-06-10,12823.1894
FS500,2022-06-13,12309.0423
FS500,2022-06-14,12152.4462
FS500,2022-06-15,12061.1365
FS500,2022-06-16,12031.4992
FS500,2022-06-17,12112.3376
FS500,2022-06-20,12214.7678
FS500,2022-06-21,11566.9558
FS500,2022-06-22,11620.7649
FS500,2022-06-23,11635.3770
FS500,2022-06-24,11696.0537
FS500,2022-06-27,11770.8970
FS500,2022-06-28,11548.8787
FS500,2022-06-29,11913.8267
FS500,2022-06-30,11696.4950
FS500,2022-07-01,11670.5885
FS500,2022-07-04,11662.2487
FS500,2022-07-05,11346.0483
FS500,2022-07-06,11491.7532
FS500,2022-07-07,11514.6737
FS500,2022-07-08,11395.6645
FS500,2022-07-11,11375.7601
FS500,2022-07-12,11370.1379
FS500,2022-07-13,11486.2837
FS500,2022-07-14,11518.8222
FS500,2022-07-15,11409.9049
FS500,2022-07-18,11221.2478
FS500,2022-07-19,11218.2223
FS500,2022-07-20,11262.5646
FS500,2022-07-21,11346.6342
FS500,2022-07-22,11365.1000
FS500,2022-07-25,11473.0112
FS500,2022-07-26,11553.1199
FS500,2022-07-27,11463.5938
FS500,2022-07-28,11400.9836
FS500,2022-07-29,11488.0212
FS500,2022-08-01,11535.4933
FS500,2022-08-02,11705.0418
FS500,2022-08-03,11700.4685
FS500,2022-08-04,11702.1879
FS500,2022-08-05,11730.2639
FS500,2022-08-08,11754.1123
FS500,2022-08-09,11884.3871
FS500,2022-08-10,11892.1189
FS500,2022-08-11,11985.6493
FS500,2022-08-12,11826.2253
FS500,2022-08-15,11974.8840
FS500,2022-08-16,11990.9058
FS500,2022-08-17,12031.1988
FS500,2022-08-18,12074.4200
FS500,2022-08-19,12148.9387
FS500,2022-08-22,12275.4716
FS500,2022-08-23,12455.2630
FS500,2022-08-24,12515.3923
FS500,2022-08-25,12480.0149
FS500,2022-08-26,12524.7698
FS500,2022-08-29,12535.1332
FS500,2022-08-30,12500.6604
FS500,2022-08-31,12499.5984
FS500,2022-09-01,12448.7129
FS500,2022-09-02,12492.0997
FS500,2022-09-05,12440.5751
FS500,2022-09-06,12512.2066
FS500,2022-09-07,12498.3802
FS500,2022-09-08,12551.5328
FS500,2022-09-09,12514.6713
FS500,2022-09-12,12565.0648
FS500,2022-09-13,12658.4280
FS500,2022-09-14,12584.6618
FS500,2022-09-15,12578.6178
FS500,2022-09-16,12583.5873
FS500,2022-09-19,12570.6546
FS500,2022-09-20,12627.9984
FS500,2022-09-21,12627.9441
FS500,2022-09-22,12651.8598
FS500,2022-09-23,12844.2751
FS500,2022-09-26,12890.9131
FS500,2022-09-27,13042.1799
FS500,2022-09-28,13065.4415
FS500,2022-09-29,13117.1151
FS500,2022-09-30,13078.9509
FS500,2022-10-03,12913.1550
FS500,2022-10-04,12947.8255
FS500,2022-10-05,12965.7461
FS500,2022-10-06,12980.1352
FS500,2022-10-07,12889.5274
FS500,2022-10-10,12821.7809
FS500,2022-10-11,12855.4179
FS500,2022-10-12,12901.1641
FS500,2022-10-13,12921.8705
FS500,2022-10-14,12836.6986
FS500,2022-10-17,12855.7209
FS500,2022-10-18,12850.5557
FS500,2022-10-19,12964.9406
FS500,2022-10-20,13000.2939
FS500,2022-10-21,13035.8182
FS500,2022-10-24,12978.8114
FS500,2022-10-25,13078.9668
FS500,2022-10-26,13027.7416
FS500,2022-10-27,13032.6111
FS500,2022-10-28,12827.5356
FS500,2022-10-31,12859.1037
FS500,2022-11-01,12758.1578
FS500,2022-11-02,12643.3756
FS500,2022-11-03,12685.8176
FS500,2022-11-04,12622.2519
FS500,2022-11-07,12499.6832
FS500,2022-11-08,12594.6110
FS500,2022-11-09,12770.6963
FS500,2022-11-10,12744.6699
FS500,2022-11-11,12669.3708
FS500,2022-11-14,12563.8435
FS500,2022-11-15,12755.1079
FS500,2022-11-16,12618.4963
FS500,2022-11-17,12539.4970
FS500,2022-11-18,12514.6086
FS500,2022-11-21,12541.1272
FS500,2022-11-22,12586.0890
FS500,2022-11-23,12753.9089
FS500,2022-11-24,12638.6050
FS500,2022-11-25,12674.5958
FS500,2022-11-28,12507.1440
FS500,2022-11-29,12547.8148
FS500,2022-11-30,12552.1858
FS500,2022-12-01,12575.4627
FS500,2022-12-02,12669.1721
FS500,2022-12-05,12694.0042
FS500,2022-12-06,12877.8007
FS500,2022-12-07,12708.3469
FS500,2022-12-08,12673.7111
FS500,2022-12-09,12608.2850
FS500,2022-12-12,12923.9940
FS500,2022-12-13,12904.4021
FS500,2022-12-14,12833.4774
FS500,2022-12-15,13059.2771
FS500,2022-12-16,13187.1790
FS500,2022-12-19,13191.8216
FS500,2022-12-20,13215.0141
FS500,2022-12-21,13252.0403
FS500,2022-12-22,13453.9081
FS500,2022-12-23,13519.3681
FS500,2022-12-26,13397.1551
FS500,2022-12-27,13444.7685
FS500,2022-12-28,13166.3926
FS500,2022-12-29,13192.7090
FS500,2022-12-30,13063.8540
FS500,2023-01-02,12951.5872
FS500,2023-01-03,12928.0483
FS500,2023-01-04,12688.3295
FS500,2023-01-05,12733.0134
FS500,2023-01-06,12793.9620
FS500,2023-01-09,12768.9430
FS500,2023-01-10,12670.3496
FS500,2023-01-11,12605.7396
FS500,2023-01-12,12643.7236
FS500,2023-01-13,12658.0457
FS500,2023-01-16,12644.4952
FS500,2023-01-17,12638.6511
FS500,2023-01-18,12820.7146
FS500,2023-01-19,12886.2364
FS500,2023-01-20,12894.1445
FS500,2023-01-23,13042.4008
FS500,2023-01-24,13038.1928
FS500,2023-01-25,13157.3527
FS500,2023-01-26,13307.0851
FS500,2023-01-27,13404.4786
FS500,2023-01-30,13402.7917
FS500,2023-01-31,13253.5784
FS500,2023-02-01,13121.7580
FS500,2023-02-02,13134.6389
FS500,2023-02-03,13351.2393
FS500,2023-02-06,13415.7297
FS500,2023-02-07,13480.8645
FS500,2023-02-08,13510.1060
FS500,2023-02-09,13587.7785
FS500,2023-02-10,13649.2521
FS500,2023-02-13,13879.1170
FS500,2023-02-14,13934.6742
FS500,2023-02-15,13990.6809
FS500,2023-02-16,13957.4202
FS500,2023-02-17,14189.4280
FS500,2023-02-20,14128.1573
FS500,2023-02-21,14072.6693
FS500,2023-02-22,14067.0634
FS500,2023-02-23,13951.6003
FS500,2023-02-24,13939.7722
FS500,2023-02-27,14198.2915
FS500,2023-02-28,14077.5061
FS500,2023-03-01,14058.2506
FS500,2023-03-02,14051.1690
FS500,2023-03-03,14067.8916
FS500,2023-03-06,13983.1858
FS500,2023-03-07,14051.9807
FS500,2023-03-08,14129.4384
FS500,2023-03-09,14197.3375
FS500,2023-03-10,14232.0895
FS500,2023-03-13,14113.0514
FS500,2023-03-14,14090.2929
FS500,2023-03-15,14173.7476
FS500,2023-03-16,14132.6397
FS500,2023-03-17,14208.1365
FS500,2023-03-20,14192.6122
FS500,2023-03-21,14267.3774
FS500,2023-03-22,14099.0975
FS500,2023-03-23,14095.9559
FS500,2023-03-24,14033.7216
FS500,2023-03-27,14201.0837
FS500,2023-03-28,14185.6075
FS500,2023-03-29,14118.7353
FS500,2023-03-30,13787.2631
FS500,2023-03-31,13792.8934
FS500,2023-04-03,13664.4879
FS500,2023-04-04,13629.8946
FS500,2023-04-05,13737.5120
FS500,2023-04-06,13928.7504
FS500,2023-04-07,13701.8925
FS500,2023-04-10,13727.3240
FS500,2023-04-11,13792.2328
FS500,2023-04-12,13703.0823
FS500,2023-04-13,13658.5510
FS500,2023-04-14,13428.7442
FS500,2023-04-17,13371.1459
FS500,2023-04-18,13445.7182
FS500,2023-04-19,13812.9367
FS500,2023-04-20,13718.4539
FS500,2023-04-21,13708.9410
FS500,2023-04-24,13582.7305
FS500,2023-04-25,13556.9946
FS500,2023-04-26,13810.6080
FS500,2023-04-27,13635.3055
FS500,2023-04-28,14018.2003
FS500,2023-05-01,13913.4584
FS500,2023-05-02,13951.3105
FS500,2023-05-03,13876.0598
FS500,2023-05-04,13725.2104
FS500,2023-05-05,13538.3574
FS500,2023-05-08,13615.5170
FS500,2023-05-09,13713.9118
FS500,2023-05-10,13818.3849
FS500,2023-05-11,13918.0947
FS500,2023-05-12,13871.2548
FS500,2023-05-15,13519.0177
FS500,2023-05-16,13669.8836
FS500,2023-05-17,13524.8315
FS500,2023-05-18,13657.8325
FS500,2023-05-19,13611.5526
FS500,2023-05-22,13651.4920
FS500,2023-05-23,13597.1197
FS500,2023-05-24,13676.0885
FS500,2023-05-25,13800.1356
FS500,2023-05-26,13890.1092
FS500,2023-05-29,14112.1867
FS500,2023-05-30,14405.5568
FS500,2023-05-31,14355.2620
FS500,2023-06-01,14292.0438
FS500,2023-06-02,14080.9252
FS500,2023-06-05,14270.8257
FS500,2023-06-06,14133.4741
FS500,2023-06-07,14118.2089
FS500,2023-06-08,14237.9675
FS500,2023-06-09,14283.9923
FS500,2023-06-12,14420.0704
FS500,2023-06-13,14367.7066
FS500,2023-06-14,14335.9510
FS500,2023-06-15,14261.0201
FS500,2023-06-16,13940.1682
FS500,2023-06-19,14006.9169
FS500,2023-06-20,14070.1637
FS500,2023-06-21,14186.6214
FS500,2023-06-22,14171.0003
FS500,2023-06-23,14374.3482
FS500,2023-06-26,14427.4112
FS500,2023-06-27,14425.5718
FS500,2023-06-28,14477.3748
FS500,2023-06-29,14743.3726
FS500,2023-06-30,14713.1568
FS500,2023-07-03,14945.8591
FS500,2023-07-04,14956.4184
FS500,2023-07-05,14983.3223
FS500,2023-07-06,15115.4431
FS500,2023-07-07,15273.2624
FS500,2023-07-10,15380.2846
FS500,2023-07-11,15463.1705
FS500,2023-07-12,15454.1170
FS500,2023-07-13,15504.6238
FS500,2023-07-14,15557.8625
FS500,2023-07-17,15732.8533
FS500,2023-07-18,15715.3776
FS500,2023-07-19,15782.4253
FS500,2023-07-20,15575.6734
FS500,2023-07-21,15502.3275
FS500,2023-07-24,15606.8593
FS500,2023-07-25,15794.5841
FS500,2023-07-26,15774.4500
FS500,2023-07-27,16019.0490
FS500,2023-07-28,16021.5883
FS500,2023-07-31,16080.2995
FS500,2023-08-01,16232.8290
FS500,2023-08-02,16231.3225
FS500,2023-08-03,16188.7950
FS500,2023-08-04,16168.9172
FS500,2023-08-07,16036.6622
FS500,2023-08-08,15965.2519
FS500,2023-08-09,16178.8109
FS500,2023-08-10,16211.8096
FS500,2023-08-11,15985.9875
FS500,2023-08-14,15970.1381
FS500,2023-08-15,16037.2971
FS500,2023-08-16,16234.7239
FS500,2023-08-17,16425.0270
FS500,2023-08-18,16490.4599
FS500,2023-08-21,16591.0105
FS500,2023-08-22,16605.9199
FS500,2023-08-23,16719.4303
FS500,2023-08-24,16721.7692
FS500,2023-08-25,16727.0448
FS500,2023-08-28,16749.4950
FS500,2023-08-29,16893.6141
FS500,2023-08-30,16811.0235
FS500,2023-08-31,16813.4954
FS500,2023-09-01,16836.7830
FS500,2023-09-04,16868.3150
FS500,2023-09-05,16853.1199
FS500,2023-09-06,17014.9024
FS500,2023-09-07,16917.1201
FS500,2023-09-08,16837.4507
FS500,2023-09-11,16655.0891
FS500,2023-09-12,16817.8170
FS500,2023-09-13,16674.6731
FS500,2023-09-14,16811.5167
FS500,2023-09-15,16468.8108
FS500,2023-09-18,16261.5669
FS500,2023-09-19,15995.2081
FS500,2023-09-20,16098.8679
FS500,2023-09-21,15874.3385
FS500,2023-09-22,15787.5180
FS500,2023-09-25,15901.5025
FS500,2023-09-26,15881.7334
FS500,2023-09-27,15912.3294
FS500,2023-09-28,15903.8803
FS500,2023-09-29,15958.0330
FS500,2023-10-02,15888.7023
FS500,2023-10-03,15921.6228
FS500,2023-10-04,15797.1272
FS500,2023-10-05,15933.0403
FS500,2023-10-06,15917.3794
FS500,2023-10-09,15792.5038
FS500,2023-10-10,15751.5201
FS500,2023-10-11,15756.0098
FS500,2023-10-12,15722.3725
FS500,2023-10-13,15656.1482
FS500,2023-10-16,15627.0025
FS500,2023-10-17,15588.3055
FS500,2023-10-18,15511.1606
FS500,2023-10-19,15542.1675
FS500,2023-10-20,15427.5003
FS500,2023-10-23,15420.4244
FS500,2023-10-24,15569.2747
FS500,2023-10-25,15812.3572
FS500,2023-10-26,15875.6631
FS500,2023-10-27,15935.6485
FS500,2023-10-30,16009.6124
FS500,2023-10-31,15980.9452
FS500,2023-11-01,15973.8414
FS500,2023-11-02,16056.7538
FS500,2023-11-03,16108.9640
FS500,2023-11-06,16071.0908
FS500,2023-11-07,15917.3634
FS500,2023-11-08,15981.7948
FS500,2023-11-09,16122.8356
FS500,2023-11-10,16021.7918
FS500,2023-11-13,16115.3951
FS500,2023-11-14,16220.3351
FS500,2023-11-15,16112.8117
FS500,2023-11-16,16021.8220
FS500,2023-11-17,15912.9518
FS500,2023-11-20,15920.1007
FS500,2023-11-21,15882.1168
FS500,2023-11-22,15719.3625
FS500,2023-11-23,15748.4387
FS500,2023-11-24,15460.2005
FS500,2023-11-27,15310.3977
FS500,2023-11-28,15319.2719
FS500,2023-11-29,15324.9317
FS500,2023-11-30,15342.4983
FS500,2023-12-01,15430.5685
FS500,2023-12-04,15499.7852
FS500,2023-12-05,15539.9859
FS500,2023-12-06,15622.1874
FS500,2023-12-07,15667.6997
FS500,2023-12-08,15640.8407
FS500,2023-12-11,15605.4210
FS500,2023-12-12,15607.0812
FS500,2023-12-13,15459.0187
FS500,2023-12-14,15584.4279
FS500,2023-12-15,15640.3212
FS500,2023-12-18,15688.9445
FS500,2023-12-19,15765.8625
FS500,2023-12-20,15970.8711
FS500,2023-12-21,16005.8137
FS500,2023-12-22,15958.8242
FS500,2023-12-25,15936.3472
FS500,2023-12-26,15921.8314
FS500,2023-12-27,16013.3333
FS500,2023-12-28,15881.1073
FS500,2023-12-29,15680.7947
FS500,2024-01-01,15953.0354
FS500,2024-01-02,16151.5624
FS500,2024-01-03,16108.5685
FS500,2024-01-04,16251.9682
FS500,2024-01-05,16352.7489
FS500,2024-01-08,15896.5497
FS500,2024-01-09,16005.7657
FS500,2024-01-10,16082.0414
FS500,2024-01-11,16026.4007
FS500,2024-01-12,15955.6864
FS500,2024-01-15,16010.3315
FS500,2024-01-16,16111.3229
FS500,2024-01-17,16018.3137
FS500,2024-01-18,15967.0479
FS500,2024-01-19,16189.9586
FS500,2024-01-22,16278.1801
FS500,2024-01-23,16215.9191
FS500,2024-01-24,16070.2728
FS500,2024-01-25,16111.4447
FS500,2024-01-26,16095.2644
FS500,2024-01-29,16032.0168
FS500,2024-01-30,16382.8002
FS500,2024-01-31,16555.6556
FS500,2024-02-01,16614.8188
FS500,2024-02-02,16337.7411
FS500,2024-02-05,16532.3411
FS500,2024-02-06,16389.3834
FS500,2024-02-07,16483.9480
FS500,2024-02-08,16543.1886
FS500,2024-02-09,16399.9496
FS500,2024-02-12,16411.1799
FS500,2024-02-13,16453.0540
FS500,2024-02-14,16550.9031
FS500,2024-02-15,16554.8254
FS500,2024-02-16,16651.7338
FS500,2024-02-19,16802.2372
FS500,2024-02-20,16745.1815
FS500,2024-02-21,16692.6083
FS500,2024-02-22,16693.9811
FS500,2024-02-23,17055.0792
FS500,2024-02-26,17188.6632
FS500,2024-02-27,17192.5874
FS500,2024-02-28,17277.3650
FS500,2024-02-29,17279.1829
FS500,2024-03-01,17338.9811
FS500,2024-03-04,17268.9379
FS500,2024-03-05,17325.0081
FS500,2024-03-06,17343.5240
FS500,2024-03-07,17507.0221
FS500,2024-03-08,17372.9753
FS500,2024-03-11,17583.3466
FS500,2024-03-12,17429.3496
FS500,2024-03-13,17443.4528
FS500,2024-03-14,17426.6869
FS500,2024-03-15,17388.3118
FS500,2024-03-18,17161.8334
FS500,2024-03-19,17249.3180
FS500,2024-03-20,17429.8780
FS500,2024-03-21,17030.3440
FS500,2024-03-22,16865.6904
FS500,2024-03-25,17064.6699
FS500,2024-03-26,17179.0928
FS500,2024-03-27,17108.1202
FS500,2024-03-28,17367.5697
FS500,2024-03-29,17593.9152
FS500,2024-04-01,17518.1379
FS500,2024-04-02,17522.6911
FS500,2024-04-03,17311.8525
FS500,2024-04-04,17270.1462
FS500,2024-04-05,17104.4454
FS500,2024-04-08,17070.1241
FS500,2024-04-09,17163.7628
FS500,2024-04-10,17364.9848
FS500,2024-04-11,17566.7206
FS500,2024-04-12,17566.9350
FS500,2024-04-15,17656.9525
FS500,2024-04-16,17681.9636
FS500,2024-04-17,17514.6011
FS500,2024-04-18,17688.8083
FS500,2024-04-19,17721.1583
FS500,2024-04-22,17703.9777
FS500,2024-04-23,17512.6509
FS500,2024-04-24,17507.8644
FS500,2024-04-25,17449.5681
FS500,2024-04-26,17586.9671
FS500,2024-04-29,17560.9212
FS500,2024-04-30,17514.2221
FS500,2024-05-01,17373.0579
FS500,2024-05-02,17494.0728
FS500,2024-05-03,17497.0948
FS500,2024-05-06,17574.3989
FS500,2024-05-07,17510.4332
FS500,2024-05-08,17489.5928
FS500,2024-05-09,17624.5290
FS500,2024-05-10,17558.4857
FS500,2024-05-13,17495.9222
FS500,2024-05-14,17537.3694
FS500,2024-05-15,17374.1725
FS500,2024-05-16,17288.9529
FS500,2024-05-17,17240.6788
FS500,2024-05-20,17334.4766
FS500,2024-05-21,17407.0335
FS500,2024-05-22,17183.8749
FS500,2024-05-23,17318.8228
FS500,2024-05-24,17452.1224
FS500,2024-05-27,17566.4314
FS500,2024-05-28,17659.7017
FS500,2024-05-29,17512.8074
FS500,2024-05-30,17296.6018
FS500,2024-05-31,17198.0672
FS500,2024-06-03,17486.7803
FS500,2024-06-04,16555.9133
FS500,2024-06-05,17506.9436
FS500,2024-06-06,17195.5499
FS500,2024-06-07,17896.0966
FS500,2024-06-10,17915.3122
FS500,2024-06-11,18174.9476
FS500,2024-06-12,17977.0042
FS500,2024-06-13,18467.7762
FS500,2024-06-14,18268.4543
FS500,2024-06-17,18415.6850
FS500,2024-06-18,18316.0202
FS500,2024-06-19,18527.8157
FS500,2024-06-20,18900.9578
FS500,2024-06-21,18557.5237
FS500,2024-06-24,18163.7664
FS500,2024-06-25,18152.0589
FS500,2024-06-26,17883.3599
FS500,2024-06-27,17744.7949
FS500,2024-06-28,18430.5133
FS500,2024-07-01,18367.0710
FS500,2024-07-02,18417.6792
FS500,2024-07-03,18416.3673
FS500,2024-07-04,18331.1656
FS500,2024-07-05,18432.7176
FS500,2024-07-08,18201.4227
FS500,2024-07-09,18438.2451
FS500,2024-07-10,18432.6109
FS500,2024-07-11,18790.3700
FS500,2024-07-12,18924.2123
FS500,2024-07-15,18852.9347
FS500,2024-07-16,18885.1026
FS500,2024-07-17,18951.4839
FS500,2024-07-18,19135.0626
FS500,2024-07-19,19130.3273
FS500,2024-07-22,19169.6594
FS500,2024-07-23,19081.5565
FS500,2024-07-24,19318.5696
FS500,2024-07-25,19423.9253
FS500,2024-07-26,19595.0750
FS500,2024-07-29,19932.3337
FS500,2024-07-30,19634.1053
FS500,2024-07-31,19548.5854
FS500,2024-08-01,19619.3680
FS500,2024-08-02,19559.2623
FS500,2024-08-05,19466.3974
FS500,2024-08-06,19535.0396
FS500,2024-08-07,19341.9526
FS500,2024-08-08,19248.3726
FS500,2024-08-09,19344.7655
FS500,2024-08-12,19534.1540
FS500,2024-08-13,19578.1299
FS500,2024-08-14,19749.2180
FS500,2024-08-15,19760.5403
FS500,2024-08-16,19777.3740
FS500,2024-08-19,19823.3562
FS500,2024-08-20,19751.7221
FS500,2024-08-21,19931.6124
FS500,2024-08-22,19772.1190
FS500,2024-08-23,19848.7192
FS500,2024-08-26,19872.9465
FS500,2024-08-27,19946.3595
FS500,2024-08-28,20081.9539
FS500,2024-08-29,20089.8884
FS500,2024-08-30,19987.0325
FS500,2024-09-02,19864.9416
FS500,2024-09-03,19915.2068
FS500,2024-09-04,19883.1260
FS500,2024-09-05,19988.8220
FS500,2024-09-06,19482.0852
FS500,2024-09-09,19504.1968
FS500,2024-09-10,19425.0753
FS500,2024-09-11,19429.3177
FS500,2024-09-12,19398.8564
FS500,2024-09-13,19327.9389
FS500,2024-09-16,19532.7374
FS500,2024-09-17,19289.9947
FS500,2024-09-18,19250.1502
FS500,2024-09-19,19000.7267
FS500,2024-09-20,19080.7339
FS500,2024-09-23,18962.1949
FS500,2024-09-24,18833.1554
FS500,2024-09-25,18607.6830
FS500,2024-09-26,18368.9484
FS500,2024-09-27,18378.1272
FS500,2024-09-30,18295.3070
FS500,2024-10-01,18366.6265
FS500,2024-10-02,18423.6542
FS500,2024-10-03,18389.6965
FS500,2024-10-04,18242.5402
FS500,2024-10-07,18217.7329
FS500,2024-10-08,18334.6429
FS500,2024-10-09,18266.3001
FS500,2024-10-10,18337.9698
FS500,2024-10-11,18427.7025
FS500,2024-10-14,18466.7939
FS500,2024-10-15,18139.0609
FS500,2024-10-16,18460.6271
FS500,2024-10-17,18536.5410
FS500,2024-10-18,18660.9755
FS500,2024-10-21,18489.8520
FS500,2024-10-22,18384.2778
FS500,2024-10-23,18404.2905
FS500,2024-10-24,18177.6229
FS500,2024-10-25,18183.9919
FS500,2024-10-28,18408.3443
FS500,2024-10-29,18556.8351
FS500,2024-10-30,18588.4153
FS500,2024-10-31,18560.7922
FS500,2024-11-01,18557.2438
FS500,2024-11-04,18662.1992
FS500,2024-11-05,18437.4294
FS500,2024-11-06,18395.4541
FS500,2024-11-07,18459.4900
FS500,2024-11-08,18665.1781
FS500,2024-11-11,18873.5164
FS500,2024-11-12,18945.1335
FS500,2024-11-13,19024.7195
FS500,2024-11-14,18923.4659
FS500,2024-11-15,18847.8830
FS500,2024-11-18,18961.0918
FS500,2024-11-19,19007.4239
FS500,2024-11-20,18818.1505
FS500,2024-11-21,18916.7711
FS500,2024-11-22,18900.5187
FS500,2024-11-25,18882.0143
FS500,2024-11-26,18891.1542
FS500,2024-11-27,18816.3556
FS500,2024-11-28,19085.0663
FS500,2024-11-29,19096.7154
FS500,2024-12-02,19294.6329
FS500,2024-12-03,19200.9293
FS500,2024-12-04,19170.5728
FS500,2024-12-05,19287.7623
FS500,2024-12-06,19374.4183
FS500,2024-12-09,19497.7091
FS500,2024-12-10,19404.8101
FS500,2024-12-11,19494.4457
FS500,2024-12-12,19676.4934
FS500,2024-12-13,19506.7928
FS500,2024-12-16,19392.6517
FS500,2024-12-17,19077.8392
FS500,2024-12-18,18975.8629
FS500,2024-12-19,18881.2193
FS500,2024-12-20,18818.6397
FS500,2024-12-23,18658.2070
FS500,2024-12-24,18726.3525
FS500,2024-12-25,18643.8201
FS500,2024-12-26,18609.7362
FS500,2024-12-27,18790.3325
FS500,2024-12-30,18808.6046
FS500,2024-12-31,18869.3171
FS500,2025-01-01,19111.5261
FS500,2025-01-02,19190.0865
FS500,2025-01-03,19009.9961
FS500,2025-01-06,19191.4184
FS500,2025-01-07,19276.6465
FS500,2025-01-08,19215.3392
FS500,2025-01-09,19323.1443
FS500,2025-01-10,19365.3320
FS500,2025-01-13,19396.2441
FS500,2025-01-14,19338.5280
FS500,2025-01-15,19550.5734
FS500,2025-01-16,19637.7386
FS500,2025-01-17,19537.0310
FS500,2025-01-20,19724.1130
FS500,2025-01-21,19817.0755
FS500,2025-01-22,19824.6604
FS500,2025-01-23,20125.9502
FS500,2025-01-24,19937.3119
FS500,2025-01-27,19887.1691
FS500,2025-01-28,20017.2858
FS500,2025-01-29,20055.9223
FS500,2025-01-30,20000.4930
FS500,2025-01-31,20116.9178
FS500,2025-02-03,20196.6325
FS500,2025-02-04,20101.5881
FS500,2025-02-05,20005.3139
FS500,2025-02-06,19762.1435
FS500,2025-02-07,20992.8096
FS500,2025-02-10,21076.4577
FS500,2025-02-11,21187.2835
FS500,2025-02-12,21396.8885
FS500,2025-02-13,21373.0553
FS500,2025-02-14,21743.0238
FS500,2025-02-17,21828.2031
FS500,2025-02-18,21917.1814
FS500,2025-02-19,22087.2246
FS500,2025-02-20,22161.3953
FS500,2025-02-21,22234.2094
FS500,2025-02-24,22407.9025
FS500,2025-02-25,22412.5485
FS500,2025-02-26,22318.9358
FS500,2025-02-27,22255.2448
FS500,2025-02-28,22233.4175
FS500,2025-03-03,22460.7068
FS500,2025-03-04,22624.7936
FS500,2025-03-05,22493.6448
FS500,2025-03-06,22370.5984
FS500,2025-03-07,22289.8504
FS500,2025-03-10,22255.2163
FS500,2025-03-11,22272.4685
FS500,2025-03-12,22476.0668
FS500,2025-03-13,22303.7456
FS500,2025-03-14,22484.4263
FS500,2025-03-17,22455.9656
FS500,2025-03-18,22311.4380
FS500,2025-03-19,22456.5543
FS500,2025-03-20,22798.6079
FS500,2025-03-21,22660.4859
FS500,2025-03-24,22218.2747
FS500,2025-03-25,22201.7352
FS500,2025-03-26,22247.0641
FS500,2025-03-27,22298.9427
FS500,2025-03-28,22100.9860
FS500,2025-03-31,22072.2384
FS500,2025-04-01,22032.3859
FS500,2025-04-02,21987.6695
FS500,2025-04-03,22928.7078
FS500,2025-04-04,22750.5365
FS500,2025-04-07,22596.7727
FS500,2025-04-08,22621.7028
FS500,2025-04-09,22591.5400
FS500,2025-04-10,22379.9211
FS500,2025-04-11,22371.4885
FS500,2025-04-14,22242.7195
FS500,2025-04-15,21968.4645
FS500,2025-04-16,22035.3049
FS500,2025-04-17,22062.6430
FS500,2025-04-18,22252.5528
FS500,2025-04-21,22164.8955
FS500,2025-04-22,22131.6461
FS500,2025-04-23,22101.3038
FS500,2025-04-24,21985.1142
FS500,2025-04-25,21859.9922
FS500,2025-04-28,21955.3698
FS500,2025-04-29,21934.2658
FS500,2025-04-30,22028.9893
FS500,2025-05-01,21884.5943
FS500,2025-05-02,21748.9122
FS500,2025-05-05,21880.2747
FS500,2025-05-06,21630.7260
FS500,2025-05-07,21626.2921
FS500,2025-05-08,21746.2900
FS500,2025-05-09,21895.2598
FS500,2025-05-12,21618.1376
FS500,2025-05-13,21302.3440
FS500,2025-05-14,21336.5365
FS500,2025-05-15,21348.4252
FS500,2025-05-16,21317.7863
FS500,2025-05-19,21039.4395
FS500,2025-05-20,21238.0967
FS500,2025-05-21,21550.1612
FS500,2025-05-22,21392.7183
FS500,2025-05-23,21453.8937
FS500,2025-05-26,21390.0537
FS500,2025-05-27,21407.7652
FS500,2025-05-28,21480.3638
FS500,2025-05-29,21698.9757
FS500,2025-05-30,22148.0092
FS500,2025-06-02,22392.5214
FS500,2025-06-03,22263.0881
FS500,2025-06-04,22350.6625
FS500,2025-06-05,22072.8144
FS500,2025-06-06,22145.3543
FS500,2025-06-09,22141.1323
FS500,2025-06-10,22239.9615
FS500,2025-06-11,22318.6740
FS500,2025-06-12,22268.9406
FS500,2025-06-13,22231.1532
FS500,2025-06-16,22190.9346
FS500,2025-06-17,22166.2760
FS500,2025-06-18,22158.0771
FS500,2025-06-19,22200.6604
FS500,2025-06-20,22408.0062
FS500,2025-06-23,22348.3921
FS500,2025-06-24,22170.0971
FS500,2025-06-25,22226.6997
FS500,2025-06-26,22215.9089
FS500,2025-06-27,22165.1555
FS500,2025-06-30,22321.5796
FS500,2025-07-01,22453.5254
FS500,2025-07-02,22618.3984
FS500,2025-07-03,22760.0647
FS500,2025-07-04,22868.8993
FS500,2025-07-07,22796.9555
FS500,2025-07-08,22633.3974
FS500,2025-07-09,23015.8876
FS500,2025-07-10,23141.1843
FS500,2025-07-11,23235.9527
FS500,2025-07-14,22916.3787
FS500,2025-07-15,22993.0710
FS500,2025-07-16,23088.9995
FS500,2025-07-17,22834.2159
FS500,2025-07-18,22818.6713
FS500,2025-07-21,22600.5121
FS500,2025-07-22,22582.0172
FS500,2025-07-23,22749.4861
FS500,2025-07-24,22607.1932
FS500,2025-07-25,22705.3514
FS500,2025-07-28,22583.4015
FS500,2025-07-29,22752.3707
FS500,2025-07-30,22669.1382
FS500,2025-07-31,22817.4392
FS500,2025-08-01,22932.9845
FS500,2025-08-04,22794.7284
FS500,2025-08-05,22764.6635
FS500,2025-08-06,22797.9366
FS500,2025-08-07,22790.5547
FS500,2025-08-08,22727.2800
FS500,2025-08-11,22551.5802
FS500,2025-08-12,22481.6585
FS500,2025-08-13,22538.0572
FS500,2025-08-14,22754.4755
FS500,2025-08-15,22725.8837
FS500,2025-08-18,22664.9354
FS500,2025-08-19,23008.2193
FS500,2025-08-20,23033.7510
FS500,2025-08-21,22898.0614
FS500,2025-08-22,22724.4719
FS500,2025-08-25,22609.7407
FS500,2025-08-26,22870.9560
FS500,2025-08-27,22880.5795
FS500,2025-08-28,23312.6089
FS500,2025-08-29,23248.2802
FS500,2025-09-01,22988.5232
FS500,2025-09-02,23042.9597
FS500,2025-09-03,23088.6340
FS500,2025-09-04,23439.8703
FS500,2025-09-05,23450.7954
FS500,2025-09-08,23561.5798
FS500,2025-09-09,23378.6809
FS500,2025-09-10,23386.4659
FS500,2025-09-11,23395.9451
FS500,2025-09-12,23414.0067
FS500,2025-09-15,23572.8232
FS500,2025-09-16,23277.2784
FS500,2025-09-17,23247.3608
FS500,2025-09-18,23325.7072
FS500,2025-09-19,23342.0097
FS500,2025-09-22,21933.3031
FS500,2025-09-23,22093.5314
FS500,2025-09-24,22073.2878
FS500,2025-09-25,21895.0980
FS500,2025-09-26,21849.1484
FS500,2025-09-29,21963.6157
FS500,2025-09-30,22354.7142
FS500,2025-10-01,22428.8694
FS500,2025-10-02,22620.5578
FS500,2025-10-03,22462.5110
FS500,2025-10-06,22598.3182
FS500,2025-10-07,22638.7659
FS500,2025-10-08,22648.2664
FS500,2025-10-09,22504.8313
FS500,2025-10-10,22604.1887
FS500,2025-10-13,22580.8891
FS500,2025-10-14,22656.8312
FS500,2025-10-15,22769.2538
FS500,2025-10-16,22871.5266
FS500,2025-10-17,23111.2704
FS500,2025-10-20,22945.4103
FS500,2025-10-21,22640.0784
FS500,2025-10-22,22331.5700
FS500,2025-10-23,22119.1156
FS500,2025-10-24,22108.0466
FS500,2025-10-27,22202.0279
FS500,2025-10-28,22200.4850
FS500,2025-10-29,22434.0046
FS500,2025-10-30,22430.2299
FS500,2025-10-31,22168.1450
FS500,2025-11-03,22165.9034
FS500,2025-11-04,22221.8383
FS500,2025-11-05,22384.1769
FS500,2025-11-06,22680.9329
FS500,2025-11-07,22841.1005
FS500,2025-11-10,22755.8524
FS500,2025-11-11,22780.8967
FS500,2025-11-12,22954.0941
FS500,2025-11-13,22972.4738
FS500,2025-11-14,23029.1298
FS500,2025-11-17,23256.0309
FS500,2025-11-18,23499.7746
FS500,2025-11-19,23588.5490
FS500,2025-11-20,23218.2948
FS500,2025-11-21,23062.6952
FS500,2025-11-24,22747.3300
FS500,2025-11-25,22767.2114
FS500,2025-11-26,23078.2405
FS500,2025-11-27,22972.8162
FS500,2025-11-28,23105.1340
FS500,2025-12-01,23601.0753
FS500,2025-12-02,23611.2837
FS500,2025-12-03,23349.3057
FS500,2025-12-04,23203.6637
FS500,2025-12-05,23222.4048
FS500,2025-12-08,23211.0789
FS500,2025-12-09,23306.7086
FS500,2025-12-10,23354.0757
FS500,2025-12-11,23312.5642
FS500,2025-12-12,23405.5929
FS500,2025-12-15,23362.1764
FS500,2025-12-16,23376.7940
FS500,2025-12-17,23254.4119
FS500,2025-12-18,23331.7148
FS500,2025-12-19,23241.9164
FS500,2025-12-22,23142.0523
FS500,2025-12-23,23461.3551
FS500,2025-12-24,23477.5522
FS500,2025-12-25,23452.7307
FS500,2025-12-26,23566.9995
FS500,2025-12-29,23628.9526
FS500,2025-12-30,23515.7628
FS500,2025-12-31,23454.1943
FS500,2026-01-01,23564.1143
FS500,2026-01-02,23671.6958
FS500,2026-01-05,23607.0200
FS500,2026-01-06,23308.0347
FS500,2026-01-07,23166.9104
FS500,2026-01-08,23041.7876
FS500,2026-01-09,23027.9368
FS500,2026-01-12,23082.6220
FS500,2026-01-13,22933.4695
FS500,2026-01-14,23841.6660
FS500,2026-01-15,23158.3117
FS500,2026-01-16,23152.7721
FS500,2026-01-19,23078.6389
FS500,2026-01-20,23545.9715
FS500,2026-01-21,23827.5695
FS500,2026-01-22,24321.0670
FS500,2026-01-23,24469.2227
FS500,2026-01-26,24831.3227
FS500,2026-01-27,24767.6025
FS500,2026-01-28,24835.8210
FS500,2026-01-29,24759.3008
FS500,2026-01-30,24556.5747
FS500,2026-02-02,24767.9371
FS500,2026-02-03,25038.8604
FS500,2026-02-04,24731.1845
FS500,2026-02-05,25172.7905
FS500,2026-02-06,25509.2652
FS500,2026-02-09,25555.8621
FS500,2026-02-10,26003.4958
FS500,2026-02-11,26014.4426
FS500,2026-02-12,25950.1598
FS500,2026-02-13,25732.4000
FS500,2026-02-16,25745.6869
FS500,2026-02-17,25573.7001
FS500,2026-02-18,25557.8684
FS500,2026-02-19,25654.5904
FS500,2026-02-20,25010.2335
FS500,2026-02-23,24733.2953
FS500,2026-02-24,25151.5172
FS500,2026-02-25,25338.0283
FS500,2026-02-26,25338.9408
FS500,2026-02-27,25283.4046
FS500,2026-03-02,25731.9561
FS500,2026-03-03,25423.5226
FS500,2026-03-04,25882.7695
FS500,2026-03-05,25760.5954
FS500,2026-03-06,25833.4689
FS500,2026-03-09,25663.2388
FS500,2026-03-10,25282.2124
FS500,2026-03-11,25111.6945
FS500,2026-03-12,25285.5029
FS500,2026-03-13,25477.8051
FS500,2026-03-16,25785.0962
FS500,2026-03-17,24799.8834
FS500,2026-03-18,23661.2735
FS500,2026-03-19,23731.2188
FS500,2026-03-20,23554.7794
FS500,2026-03-23,23142.9556
FS500,2026-03-24,23054.5198
FS500,2026-03-25,23222.6454
FS500,2026-03-26,22947.2935
FS500,2026-03-27,23439.5516
FS500,2026-03-30,22958.9520
FS500,2026-03-31,23173.1551
FS500,2026-04-01,23034.2599
FS500,2026-04-02,23019.0164
FS500,2026-04-03,23004.7194
FS500,2026-04-06,22714.0720
FS500,2026-04-07,22700.7705
FS500,2026-04-08,22513.7725
FS500,2026-04-09,22386.5399
FS500,2026-04-10,22273.0508
FS500,2026-04-13,22156.3715
FS500,2026-04-14,22325.7770
FS500,2026-04-15,22208.2079
FS500,2026-04-16,22357.0805
FS500,2026-04-17,22520.3737
FS500,2026-04-20,22501.5770
FS500,2026-04-21,22534.3879
FS500,2026-04-22,22703.6851
FS500,2026-04-23,23015.4922
FS500,2026-04-24,23150.0352
FS500,2026-04-27,22941.0719
FS500,2026-04-28,22941.7661
FS500,2026-04-29,23156.1825
FS500,2026-04-30,23593.8153
FS500,2026-05-01,23665.2544
FS500,2026-05-04,23757.7684
FS500,2026-05-05,23265.6252
FS500,2026-05-06,23035.2214
FS500,2026-05-07,22517.0530
FS500,2026-05-08,22895.9863
FS500,2026-05-11,22809.4556
FS500,2026-05-12,22668.3676
FS500,2026-05-13,22517.7014
FS500,2026-05-14,22254.2747
FS500,2026-05-15,21975.4483
FS500,2026-05-18,21797.3373
FS500,2026-05-19,21352.7832
FS500,2026-05-20,21283.8529
FS500,2026-05-21,21102.9543
FS500,2026-05-22,21264.4197
FS500,2026-05-25,21258.9748
FS500,2026-05-26,20812.1171
FS500,2026-05-27,20877.3600
FS500,2026-05-28,20797.6808
FS500,2026-05-29,20954.8288
FS500,2026-06-01,21075.3633
FS500,2026-06-02,21004.3547
FS500,2026-06-03,21023.7733
FS500,2026-06-04,21213.2128
FS500,2026-06-05,21360.3523
FS500,2026-06-08,22031.5747
FS500,2026-06-09,21940.4618
FS500,2026-06-10,21557.6891
FS500,2026-06-11,21662.7537
FS500,2026-06-12,21741.0273
FS500,2026-06-15,21605.9287
FS500,2026-06-16,21385.9867
FS500,2026-06-17,21310.4931
FS500,2026-06-18,21218.0486
FS500,2026-06-19,21061.6545
FS500,2026-06-22,20994.0026
FS500,2026-06-23,21050.6316
FS500,2026-06-24,21101.6310
FS500,2026-06-25,21305.3139
FS500,2026-06-26,21466.9224
FS500,2026-06-29,21629.3129
FS500,2026-06-30,21694.5682
FS500,2026-07-01,21916.1635
FS500,2026-07-02,21984.3232
FS500,2026-07-03,21781.9789
FS500,2026-07-06,21811.2504
FS500,2026-07-07,21739.1135
FS500,2026-07-08,21956.7145
FS500,2026-07-09,21930.0666
FS500,2026-07-10,22133.1732
FS500,2026-07-13,22157.7846
FS500,2026-07-14,21726.7685
FS500,2026-07-15,21864.1831
FS500,2026-07-16,21939.7589
FS500,2026-07-17,22191.6415
FS500,2026-07-20,22566.5917
FS500,2026-07-21,22848.2530
FS500,2026-07-22,22864.9590
FS500,2026-07-23,22551.6994
FS500,2026-07-24,22650.2478
FS500,2026-07-27,22680.2737
FS500,2026-07-28,22562.6553
FS500,2026-07-29,22271.2506
FS500,2026-07-30,22461.5009
FS500,2026-07-31,22595.3540
FS500,2026-08-03,22657.8849
FS500,2026-08-04,22622.8436
FS500,2026-08-05,22721.7716
FS500,2026-08-06,22850.7926
FS500,2026-08-07,22292.2580
FS500,2026-08-10,22393.5411
FS500,2026-08-11,22273.0263
FS500,2026-08-12,21579.2896
FS500,2026-08-13,21614.4013
FS500,2026-08-14,21360.4732
FS500,2026-08-17,21089.0054
FS500,2026-08-18,20928.9066
FS500,2026-08-19,20623.2165
FS500,2026-08-20,20679.3184
FS500,2026-08-21,20355.1744
FS500,2026-08-24,20433.6108
FS500,2026-08-25,20579.1500
FS500,2026-08-26,20451.3581
FS500,2026-08-27,20519.9161
FS500,2026-08-28,20634.8567
FS500,2026-08-31,20810.5016
FS500,2026-09-01,20743.1339
FS500,2026-09-02,20690.2250
FS500,2026-09-03,20545.0736
FS500,2026-09-04,20540.9368
FS500,2026-09-07,20583.4495
FS500,2026-09-08,20431.9816
FS500,2026-09-09,20520.6401
FS500,2026-09-10,20488.5694
FS500,2026-09-11,20638.0438
FS500,2026-09-14,20550.5277
FS500,2026-09-15,20391.9497
FS500,2026-09-16,20226.4284
FS500,2026-09-17,20237.3367
FS500,2026-09-18,20182.6185
FS500,2026-09-21,20317.8485
FS500,2026-09-22,20284.2425
FS500,2026-09-23,20330.1391
FS500,2026-09-24,20146.2132
FS500,2026-09-25,19421.6260
FS500,2026-09-28,19343.1717
FS500,2026-09-29,19117.9254
FS500,2026-09-30,18910.9975
FSBOND,2021-01-04,9997.2793
FSBOND,2021-01-05,10022.0742
FSBOND,2021-01-06,10012.8813
FSBOND,2021-01-07,9992.3548
FSBOND,2021-01-08,9988.4995
FSBOND,2021-01-11,9995.0559
FSBOND,2021-01-12,9982.8699
FSBOND,2021-01-13,9986.3038
FSBOND,2021-01-14,10009.0236
FSBOND,2021-01-15,10008.1812
FSBOND,2021-01-18,10011.4582
FSBOND,2021-01-19,10044.6352
FSBOND,2021-01-20,10014.5104
FSBOND,2021-01-21,10024.1691
FSBOND,2021-01-22,10008.7123
FSBOND,2021-01-25,9995.8899
FSBOND,2021-01-26,10037.8562
FSBOND,2021-01-27,10019.9377
FSBOND,2021-01-28,10000.1713
FSBOND,2021-01-29,10018.8264
FSBOND,2021-02-01,10035.8512
FSBOND,2021-02-02,10063.7828
FSBOND,2021-02-03,10077.3581
FSBOND,2021-02-04,10127.3339
FSBOND,2021-02-05,10133.0312
FSBOND,2021-02-08,10139.9692
FSBOND,2021-02-09,10138.7884
FSBOND,2021-02-10,10140.4475
FSBOND,2021-02-11,10152.3735
FSBOND,2021-02-12,10200.5673
FSBOND,2021-02-15,10225.3953
FSBOND,2021-02-16,10230.7074
FSBOND,2021-02-17,10189.4631
FSBOND,2021-02-18,10161.5001
FSBOND,2021-02-19,10155.4567
FSBOND,2021-02-22,10179.3169
FSBOND,2021-02-23,10207.1661
FSBOND,2021-02-24,10215.1142
FSBOND,2021-02-25,10200.6455
FSBOND,2021-02-26,10204.0600
FSBOND,2021-03-01,10192.1937
FSBOND,2021-03-02,10188.1627
FSBOND,2021-03-03,10170.2594
FSBOND,2021-03-04,10179.4015
FSBOND,2021-03-05,10184.4301
FSBOND,2021-03-08,10194.9386
FSBOND,2021-03-09,10196.7634
FSBOND,2021-03-10,10213.5751
FSBOND,2021-03-11,10208.8560
FSBOND,2021-03-12,10175.7522
FSBOND,2021-03-15,10191.2278
FSBOND,2021-03-16,10198.2102
FSBOND,2021-03-17,10207.0518
FSBOND,2021-03-18,10223.2012
FSBOND,2021-03-19,10214.1193
FSBOND,2021-03-22,10231.4982
FSBOND,2021-03-23,10240.4570
FSBOND,2021-03-24,10220.4188
FSBOND,2021-03-25,10242.3271
FSBOND,2021-03-26,10257.9187
FSBOND,2021-03-29,10275.7936
FSBOND,2021-03-30,10279.9970
FSBOND,2021-03-31,10324.5653
FSBOND,2021-04-01,10313.0511
FSBOND,2021-04-02,10293.0880
FSBOND,2021-04-05,10316.0790
FSBOND,2021-04-06,10309.1891
FSBOND,2021-04-07,10338.4758
FSBOND,2021-04-08,10341.4073
FSBOND,2021-04-09,10354.1442
FSBOND,2021-04-12,10367.4104
FSBOND,2021-04-13,10352.5353
FSBOND,2021-04-14,10354.4018
FSBOND,2021-04-15,10360.8759
FSBOND,2021-04-16,10382.4435
FSBOND,2021-04-19,10365.5877
FSBOND,2021-04-20,10380.5121
FSBOND,2021-04-21,10353.7984
FSBOND,2021-04-22,10372.8882
FSBOND,2021-04-23,10356.3485
FSBOND,2021-04-26,10375.9462
FSBOND,2021-04-27,10417.8489
FSBOND,2021-04-28,10373.1150
FSBOND,2021-04-29,10359.9129
FSBOND,2021-04-30,10375.5272
FSBOND,2021-05-03,10404.3426
FSBOND,2021-05-04,10434.1218
FSBOND,2021-05-05,10407.7941
FSBOND,2021-05-06,10407.0215
FSBOND,2021-05-07,10416.5463
FSBOND,2021-05-10,10391.2454
FSBOND,2021-05-11,10374.4456
FSBOND,2021-05-12,10386.6820
FSBOND,2021-05-13,10418.7008
FSBOND,2021-05-14,10444.6819
FSBOND,2021-05-17,10468.0869
FSBOND,2021-05-18,10498.6333
FSBOND,2021-05-19,10533.5848
FSBOND,2021-05-20,10519.6957
FSBOND,2021-05-21,10536.4086
FSBOND,2021-05-24,10561.8043
FSBOND,2021-05-25,10551.9173
FSBOND,2021-05-26,10548.8663
FSBOND,2021-05-27,10544.1768
FSBOND,2021-05-28,10521.0979
FSBOND,2021-05-31,10492.2760
FSBOND,2021-06-01,10504.9732
FSBOND,2021-06-02,10533.3031
FSBOND,2021-06-03,10527.7479
FSBOND,2021-06-04,10517.6969
FSBOND,2021-06-07,10541.1114
FSBOND,2021-06-08,10543.5090
FSBOND,2021-06-09,10502.8580
FSBOND,2021-06-10,10517.5404
FSBOND,2021-06-11,10541.5180
FSBOND,2021-06-14,10562.7277
FSBOND,2021-06-15,10560.1800
FSBOND,2021-06-16,10572.0392
FSBOND,2021-06-17,10592.3719
FSBOND,2021-06-18,10597.8502
FSBOND,2021-06-21,10603.6258
FSBOND,2021-06-22,10605.1014
FSBOND,2021-06-23,10647.4372
FSBOND,2021-06-24,10670.9655
FSBOND,2021-06-25,10663.7234
FSBOND,2021-06-28,10672.1085
FSBOND,2021-06-29,10661.8716
FSBOND,2021-06-30,10649.2404
FSBOND,2021-07-01,10670.0471
FSBOND,2021-07-02,10666.0737
FSBOND,2021-07-05,10633.8628
FSBOND,2021-07-06,10644.3491
FSBOND,2021-07-07,10640.6226
FSBOND,2021-07-08,10648.5629
FSBOND,2021-07-09,10653.3420
FSBOND,2021-07-12,10657.4408
FSBOND,2021-07-13,10662.4301
FSBOND,2021-07-14,10650.6193
FSBOND,2021-07-15,10645.5653
FSBOND,2021-07-16,10660.1577
FSBOND,2021-07-19,10653.8040
FSBOND,2021-07-20,10673.5876
FSBOND,2021-07-21,10667.8522
FSBOND,2021-07-22,10661.7301
FSBOND,2021-07-23,10649.0973
FSBOND,2021-07-26,10626.5223
FSBOND,2021-07-27,10601.4403
FSBOND,2021-07-28,10611.7773
FSBOND,2021-07-29,10618.6125
FSBOND,2021-07-30,10591.8985
FSBOND,2021-08-02,10585.7542
FSBOND,2021-08-03,10599.1937
FSBOND,2021-08-04,10602.1801
FSBOND,2021-08-05,10590.4565
FSBOND,2021-08-06,10597.8514
FSBOND,2021-08-09,10596.7056
FSBOND,2021-08-10,10617.6369
FSBOND,2021-08-11,10633.2892
FSBOND,2021-08-12,10625.9697
FSBOND,2021-08-13,10636.8323
FSBOND,2021-08-16,10650.3207
FSBOND,2021-08-17,10641.4116
FSBOND,2021-08-18,10664.4744
FSBOND,2021-08-19,10654.3726
FSBOND,2021-08-20,10670.0924
FSBOND,2021-08-23,10659.5493
FSBOND,2021-08-24,10673.1628
FSBOND,2021-08-25,10677.6301
FSBOND,2021-08-26,10671.5565
FSBOND,2021-08-27,10679.3044
FSBOND,2021-08-30,10711.3562
FSBOND,2021-08-31,10735.2017
FSBOND,2021-09-01,10772.1876
FSBOND,2021-09-02,10779.4935
FSBOND,2021-09-03,10783.2485
FSBOND,2021-09-06,10753.1912
FSBOND,2021-09-07,10794.1008
FSBOND,2021-09-08,10796.6511
FSBOND,2021-09-09,10781.4891
FSBOND,2021-09-10,10818.2617
FSBOND,2021-09-13,10847.3098
FSBOND,2021-09-14,10855.8655
FSBOND,2021-09-15,10864.5273
FSBOND,2021-09-16,10856.8576
FSBOND,2021-09-17,10827.5760
FSBOND,2021-09-20,10821.3818
FSBOND,2021-09-21,10802.8142
FSBOND,2021-09-22,10809.4770
FSBOND,2021-09-23,10809.6027
FSBOND,2021-09-24,10850.5242
FSBOND,2021-09-27,10836.4332
FSBOND,2021-09-28,10837.9714
FSBOND,2021-09-29,10816.5587
FSBOND,2021-09-30,10852.6130
FSBOND,2021-10-01,10829.9526
FSBOND,2021-10-04,10866.3844
FSBOND,2021-10-05,10901.6224
FSBOND,2021-10-06,10894.0114
FSBOND,2021-10-07,10902.3294
FSBOND,2021-10-08,10898.0866
FSBOND,2021-10-11,10889.2728
FSBOND,2021-10-12,10940.9490
FSBOND,2021-10-13,10917.9241
FSBOND,2021-10-14,10933.1181
FSBOND,2021-10-15,10937.2246
FSBOND,2021-10-18,10938.7102
FSBOND,2021-10-19,10954.8706
FSBOND,2021-10-20,10930.0504
FSBOND,2021-10-21,10961.0062
FSBOND,2021-10-22,10946.7219
FSBOND,2021-10-25,10944.1679
FSBOND,2021-10-26,10922.1608
FSBOND,2021-10-27,10885.5866
FSBOND,2021-10-28,10893.6999
FSBOND,2021-10-29,10876.6526
FSBOND,2021-11-01,10844.0855
FSBOND,2021-11-02,10825.5384
FSBOND,2021-11-03,10838.9399
FSBOND,2021-11-04,10821.4378
FSBOND,2021-11-05,10855.1723
FSBOND,2021-11-08,10854.7455
FSBOND,2021-11-09,10872.6304
FSBOND,2021-11-10,10901.9436
FSBOND,2021-11-11,10895.8672
FSBOND,2021-11-12,10891.6179
FSBOND,2021-11-15,10878.0313
FSBOND,2021-11-16,10868.1817
FSBOND,2021-11-17,10884.8019
FSBOND,2021-11-18,10886.3028
FSBOND,2021-11-19,10851.6052
FSBOND,2021-11-22,10890.1207
FSBOND,2021-11-23,10948.1300
FSBOND,2021-11-24,10933.7080
FSBOND,2021-11-25,10919.7756
FSBOND,2021-11-26,10930.9452
FSBOND,2021-11-29,10957.7703
FSBOND,2021-11-30,10906.8481
FSBOND,2021-12-01,10899.8093
FSBOND,2021-12-02,10910.0258
FSBOND,2021-12-03,10924.6040
FSBOND,2021-12-06,10905.1975
FSBOND,2021-12-07,10929.1957
FSBOND,2021-12-08,10911.3978
FSBOND,2021-12-09,10922.5580
FSBOND,2021-12-10,10919.5712
FSBOND,2021-12-13,10918.6239
FSBOND,2021-12-14,10945.3616
FSBOND,2021-12-15,10950.1288
FSBOND,2021-12-16,10981.3704
FSBOND,2021-12-17,11003.5327
FSBOND,2021-12-20,11006.2988
FSBOND,2021-12-21,11028.0689
FSBOND,2021-12-22,11013.9774
FSBOND,2021-12-23,11046.1609
FSBOND,2021-12-24,11044.1067
FSBOND,2021-12-27,11059.5299
FSBOND,2021-12-28,11073.2007
FSBOND,2021-12-29,11066.5550
FSBOND,2021-12-30,11058.9273
FSBOND,2021-12-31,11057.9086
FSBOND,2022-01-03,11050.5888
FSBOND,2022-01-04,11071.0112
FSBOND,2022-01-05,11113.9552
FSBOND,2022-01-06,11100.7506
FSBOND,2022-01-07,11135.9546
FSBOND,2022-01-10,11111.0678
FSBOND,2022-01-11,11102.8596
FSBOND,2022-01-12,11106.1019
FSBOND,2022-01-13,11096.8515
FSBOND,2022-01-14,11086.5439
FSBOND,2022-01-17,11084.6928
FSBOND,2022-01-18,11078.5276
FSBOND,2022-01-19,11086.2325
FSBOND,2022-01-20,11049.4070
FSBOND,2022-01-21,11009.1295
FSBOND,2022-01-24,10997.4024
FSBOND,2022-01-25,11036.8993
FSBOND,2022-01-26,11049.2954
FSBOND,2022-01-27,11035.4956
FSBOND,2022-01-28,11050.2007
FSBOND,2022-01-31,11056.7592
FSBOND,2022-02-01,11059.4369
FSBOND,2022-02-02,11069.7492
FSBOND,2022-02-03,11049.2082
FSBOND,2022-02-04,11043.0556
FSBOND,2022-02-07,11050.4805
FSBOND,2022-02-08,11049.5721
FSBOND,2022-02-09,11086.6559
FSBOND,2022-02-10,11094.5085
FSBOND,2022-02-11,11109.3213
FSBOND,2022-02-14,11089.5236
FSBOND,2022-02-15,11081.3057
FSBOND,2022-02-16,11093.4244
FSBOND,2022-02-17,11095.0115
FSBOND,2022-02-18,11086.1196
FSBOND,2022-02-21,11104.4790
FSBOND,2022-02-22,11118.6409
FSBOND,2022-02-23,11145.0208
FSBOND,2022-02-24,11130.1038
FSBOND,2022-02-25,11141.9222
FSBOND,2022-02-28,11151.1644
FSBOND,2022-03-01,11162.1449
FSBOND,2022-03-02,11183.7829
FSBOND,2022-03-03,11160.4102
FSBOND,2022-03-04,11164.8453
FSBOND,2022-03-07,11182.8273
FSBOND,2022-03-08,11217.4826
FSBOND,2022-03-09,11199.5684
FSBOND,2022-03-10,11204.0063
FSBOND,2022-03-11,11210.6963
FSBOND,2022-03-14,11248.3337
FSBOND,2022-03-15,11249.7449
FSBOND,2022-03-16,11261.7737
FSBOND,2022-03-17,11269.2421
FSBOND,2022-03-18,11265.2457
FSBOND,2022-03-21,11253.1638
FSBOND,2022-03-22,11258.9354
FSBOND,2022-03-23,11262.9301
FSBOND,2022-03-24,11267.1153
FSBOND,2022-03-25,11276.6603
FSBOND,2022-03-28,11288.5909
FSBOND,2022-03-29,11303.1348
FSBOND,2022-03-30,11309.7706
FSBOND,2022-03-31,11349.4992
FSBOND,2022-04-01,11353.2595
FSBOND,2022-04-04,11310.2848
FSBOND,2022-04-05,11301.8857
FSBOND,2022-04-06,11269.7828
FSBOND,2022-04-07,11261.8485
FSBOND,2022-04-08,11272.9902
FSBOND,2022-04-11,11295.9497
FSBOND,2022-04-12,11274.0398
FSBOND,2022-04-13,11304.5385
FSBOND,2022-04-14,11327.4129
FSBOND,2022-04-15,11294.0078
FSBOND,2022-04-18,11293.3204
FSBOND,2022-04-19,11268.8200
FSBOND,2022-04-20,11264.0166
FSBOND,2022-04-21,11251.7853
FSBOND,2022-04-22,11239.3252
FSBOND,2022-04-25,11256.7225
FSBOND,2022-04-26,11252.1430
FSBOND,2022-04-27,11264.4802
FSBOND,2022-04-28,11239.8937
FSBOND,2022-04-29,11202.4660
FSBOND,2022-05-02,11196.4076
FSBOND,2022-05-03,11156.6236
FSBOND,2022-05-04,11140.0998
FSBOND,2022-05-05,11173.0522
FSBOND,2022-05-06,11185.3580
FSBOND,2022-05-09,11179.6601
FSBOND,2022-05-10,11167.0710
FSBOND,2022-05-11,11189.0024
FSBOND,2022-05-12,11217.8602
FSBOND,2022-05-13,11239.3409
FSBOND,2022-05-16,11242.7360
FSBOND,2022-05-17,11209.5834
FSBOND,2022-05-18,11226.9754
FSBOND,2022-05-19,11221.4126
FSBOND,2022-05-20,11205.9009
FSBOND,2022-05-23,11183.0876
FSBOND,2022-05-24,11202.7953
FSBOND,2022-05-25,11192.9111
FSBOND,2022-05-26,11188.2552
FSBOND,2022-05-27,11177.7473
FSBOND,2022-05-30,11152.9605
FSBOND,2022-05-31,11138.1238
FSBOND,2022-06-01,11144.7023
FSBOND,2022-06-02,11127.6201
FSBOND,2022-06-03,11139.6680
FSBOND,2022-06-06,11133.6247
FSBOND,2022-06-07,11153.1532
FSBOND,2022-06-08,11165.6512
FSBOND,2022-06-09,11154.3946
FSBOND,2022-06-10,11156.1416
FSBOND,2022-06-13,11136.2102
FSBOND,2022-06-14,11144.8702
FSBOND,2022-06-15,11133.2722
FSBOND,2022-06-16,11089.4667
FSBOND,2022-06-17,11059.4132
FSBOND,2022-06-20,11035.8752
FSBOND,2022-06-21,11014.0723
FSBOND,2022-06-22,11018.7242
FSBOND,2022-06-23,11024.5239
FSBOND,2022-06-24,11010.7650
FSBOND,2022-06-27,11020.1186
FSBOND,2022-06-28,11050.5543
FSBOND,2022-06-29,11024.0551
FSBOND,2022-06-30,11042.3993
FSBOND,2022-07-01,11044.7921
FSBOND,2022-07-04,11035.9924
FSBOND,2022-07-05,11004.5679
FSBOND,2022-07-06,11012.4014
FSBOND,2022-07-07,11020.5701
FSBOND,2022-07-08,10989.3708
FSBOND,2022-07-11,11006.0070
FSBOND,2022-07-12,11012.2488
FSBOND,2022-07-13,11005.2389
FSBOND,2022-07-14,10985.1208
FSBOND,2022-07-15,10977.0879
FSBOND,2022-07-18,10993.4162
FSBOND,2022-07-19,10999.2877
FSBOND,2022-07-20,10981.4862
FSBOND,2022-07-21,10994.1076
FSBOND,2022-07-22,10961.6170
FSBOND,2022-07-25,10951.9969
FSBOND,2022-07-26,10936.4763
FSBOND,2022-07-27,10955.6834
FSBOND,2022-07-28,10980.0682
FSBOND,2022-07-29,10996.4849
FSBOND,2022-08-01,10990.0608
FSBOND,2022-08-02,11002.5415
FSBOND,2022-08-03,10971.7376
FSBOND,2022-08-04,10964.2307
FSBOND,2022-08-05,10950.1959
FSBOND,2022-08-08,10948.3797
FSBOND,2022-08-09,10983.5248
FSBOND,2022-08-10,10995.5957
FSBOND,2022-08-11,10974.3206
FSBOND,2022-08-12,10990.7814
FSBOND,2022-08-15,10971.3813
FSBOND,2022-08-16,10955.3132
FSBOND,2022-08-17,10961.3293
FSBOND,2022-08-18,10974.3345
FSBOND,2022-08-19,10996.1138
FSBOND,2022-08-22,10961.1431
FSBOND,2022-08-23,10969.9216
FSBOND,2022-08-24,10974.8217
FSBOND,2022-08-25,10982.7294
FSBOND,2022-08-26,10966.0052
FSBOND,2022-08-29,10946.6623
FSBOND,2022-08-30,10972.1771
FSBOND,2022-08-31,10954.3526
FSBOND,2022-09-01,10946.7983
FSBOND,2022-09-02,10973.3672
FSBOND,2022-09-05,10965.0787
FSBOND,2022-09-06,10965.4272
FSBOND,2022-09-07,10954.2123
FSBOND,2022-09-08,10961.0993
FSBOND,2022-09-09,10952.0155
FSBOND,2022-09-12,10965.9516
FSBOND,2022-09-13,10960.2325
FSBOND,2022-09-14,10936.7305
FSBOND,2022-09-15,10944.7875
FSBOND,2022-09-16,10949.9439
FSBOND,2022-09-19,10933.7477
FSBOND,2022-09-20,10943.8268
FSBOND,2022-09-21,10938.8508
FSBOND,2022-09-22,10952.5034
FSBOND,2022-09-23,10962.6276
FSBOND,2022-09-26,10917.5091
FSBOND,2022-09-27,10879.9653
FSBOND,2022-09-28,10872.4776
FSBOND,2022-09-29,10852.7069
FSBOND,2022-09-30,10830.7558
FSBOND,2022-10-03,10826.6885
FSBOND,2022-10-04,10846.8195
FSBOND,2022-10-05,10868.6448
FSBOND,2022-10-06,10835.2886
FSBOND,2022-10-07,10837.8570
FSBOND,2022-10-10,10849.6248
FSBOND,2022-10-11,10828.9745
FSBOND,2022-10-12,10852.4197
FSBOND,2022-10-13,10877.5192
FSBOND,2022-10-14,10848.1981
FSBOND,2022-10-17,10846.5158
FSBOND,2022-10-18,10832.6573
FSBOND,2022-10-19,10834.7582
FSBOND,2022-10-20,10831.1164
FSBOND,2022-10-21,10844.4231
FSBOND,2022-10-24,10853.4029
FSBOND,2022-10-25,10865.9645
FSBOND,2022-10-26,10872.7958
FSBOND,2022-10-27,10886.1157
FSBOND,2022-10-28,10860.5641
FSBOND,2022-10-31,10856.6017
FSBOND,2022-11-01,10874.7285
FSBOND,2022-11-02,10847.0893
FSBOND,2022-11-03,10847.4364
FSBOND,2022-11-04,10847.0034
FSBOND,2022-11-07,10879.5053
FSBOND,2022-11-08,10891.7727
FSBOND,2022-11-09,10909.9951
FSBOND,2022-11-10,10899.5534
FSBOND,2022-11-11,10878.9262
FSBOND,2022-11-14,10843.7395
FSBOND,2022-11-15,10877.0086
FSBOND,2022-11-16,10864.8238
FSBOND,2022-11-17,10911.3498
FSBOND,2022-11-18,10902.0033
FSBOND,2022-11-21,10891.6971
FSBOND,2022-11-22,10919.9631
FSBOND,2022-11-23,10904.8290
FSBOND,2022-11-24,10913.1064
FSBOND,2022-11-25,10921.8926
FSBOND,2022-11-28,10919.8042
FSBOND,2022-11-29,10906.0754
FSBOND,2022-11-30,10920.5798
FSBOND,2022-12-01,10912.6672
FSBOND,2022-12-02,10941.0049
FSBOND,2022-12-05,10954.6265
FSBOND,2022-12-06,10928.4784
FSBOND,2022-12-07,10949.0443
FSBOND,2022-12-08,10936.5562
FSBOND,2022-12-09,10934.0196
FSBOND,2022-12-12,10955.7904
FSBOND,2022-12-13,10909.0987
FSBOND,2022-12-14,10910.2433
FSBOND,2022-12-15,10924.8502
FSBOND,2022-12-16,10941.4828
FSBOND,2022-12-19,10929.9495
FSBOND,2022-12-20,10924.4576
FSBOND,2022-12-21,10921.1037
FSBOND,2022-12-22,10893.1918
FSBOND,2022-12-23,10901.4795
FSBOND,2022-12-26,10875.7263
FSBOND,2022-12-27,10896.5890
FSBOND,2022-12-28,10898.6323
FSBOND,2022-12-29,10923.7780
FSBOND,2022-12-30,10960.1428
FSBOND,2023-01-02,10961.1890
FSBOND,2023-01-03,10989.9276
FSBOND,2023-01-04,10996.5262
FSBOND,2023-01-05,11017.5490
FSBOND,2023-01-06,10979.6997
FSBOND,2023-01-09,10996.8364
FSBOND,2023-01-10,10972.6234
FSBOND,2023-01-11,10980.6124
FSBOND,2023-01-12,10970.9383
FSBOND,2023-01-13,10950.2844
FSBOND,2023-01-16,10945.4821
FSBOND,2023-01-17,10954.3636
FSBOND,2023-01-18,10944.7231
FSBOND,2023-01-19,10944.4087
FSBOND,2023-01-20,10964.9909
FSBOND,2023-01-23,10983.4423
FSBOND,2023-01-24,10987.0252
FSBOND,2023-01-25,10972.5855
FSBOND,2023-01-26,10983.1581
FSBOND,2023-01-27,10977.2988
FSBOND,2023-01-30,10932.1778
FSBOND,2023-01-31,10918.9388
FSBOND,2023-02-01,10923.2212
FSBOND,2023-02-02,10946.5288
FSBOND,2023-02-03,10926.0885
FSBOND,2023-02-06,10927.7667
FSBOND,2023-02-07,10957.3698
FSBOND,2023-02-08,10943.8494
FSBOND,2023-02-09,10948.1612
FSBOND,2023-02-10,10952.2458
FSBOND,2023-02-13,10944.4252
FSBOND,2023-02-14,10973.2078
FSBOND,2023-02-15,11002.1622
FSBOND,2023-02-16,11023.5354
FSBOND,2023-02-17,11031.2244
FSBOND,2023-02-20,11072.2560
FSBOND,2023-02-21,11124.0363
FSBOND,2023-02-22,11136.8011
FSBOND,2023-02-23,11151.7324
FSBOND,2023-02-24,11163.7088
FSBOND,2023-02-27,11178.7307
FSBOND,2023-02-28,11207.2323
FSBOND,2023-03-01,11210.2132
FSBOND,2023-03-02,11207.3475
FSBOND,2023-03-03,11249.0608
FSBOND,2023-03-06,11252.4697
FSBOND,2023-03-07,11261.7775
FSBOND,2023-03-08,11305.1687
FSBOND,2023-03-09,11303.4767
FSBOND,2023-03-10,11305.1357
FSBOND,2023-03-13,11298.3475
FSBOND,2023-03-14,11298.0406
FSBOND,2023-03-15,11288.8379
FSBOND,2023-03-16,11258.2967
FSBOND,2023-03-17,11272.9548
FSBOND,2023-03-20,11262.6548
FSBOND,2023-03-21,11279.6146
FSBOND,2023-03-22,11296.3662
FSBOND,2023-03-23,11311.6684
FSBOND,2023-03-24,11348.8940
FSBOND,2023-03-27,11309.4399
FSBOND,2023-03-28,11334.4188
FSBOND,2023-03-29,11310.0796
FSBOND,2023-03-30,11260.4366
FSBOND,2023-03-31,11274.2854
FSBOND,2023-04-03,11285.0357
FSBOND,2023-04-04,11336.5991
FSBOND,2023-04-05,11357.1866
FSBOND,2023-04-06,11360.3301
FSBOND,2023-04-07,11368.3319
FSBOND,2023-04-10,11375.6694
FSBOND,2023-04-11,11421.2252
FSBOND,2023-04-12,11440.8751
FSBOND,2023-04-13,11441.9186
FSBOND,2023-04-14,11456.9138
FSBOND,2023-04-17,11464.3871
FSBOND,2023-04-18,11453.4856
FSBOND,2023-04-19,11449.7682
FSBOND,2023-04-20,11455.9465
FSBOND,2023-04-21,11443.6368
FSBOND,2023-04-24,11437.6165
FSBOND,2023-04-25,11435.5097
FSBOND,2023-04-26,11430.1410
FSBOND,2023-04-27,11454.2164
FSBOND,2023-04-28,11458.4974
FSBOND,2023-05-01,11474.2273
FSBOND,2023-05-02,11480.8193
FSBOND,2023-05-03,11447.8430
FSBOND,2023-05-04,11434.7217
FSBOND,2023-05-05,11465.0683
FSBOND,2023-05-08,11451.5025
FSBOND,2023-05-09,11476.0929
FSBOND,2023-05-10,11518.0007
FSBOND,2023-05-11,11522.5239
FSBOND,2023-05-12,11515.7616
FSBOND,2023-05-15,11543.8227
FSBOND,2023-05-16,11563.2739
FSBOND,2023-05-17,11578.5528
FSBOND,2023-05-18,11562.6047
FSBOND,2023-05-19,11591.9885
FSBOND,2023-05-22,11596.8753
FSBOND,2023-05-23,11620.0882
FSBOND,2023-05-24,11596.2064
FSBOND,2023-05-25,11599.3559
FSBOND,2023-05-26,11582.9873
FSBOND,2023-05-29,11573.9646
FSBOND,2023-05-30,11587.7444
FSBOND,2023-05-31,11614.1680
FSBOND,2023-06-01,11615.6642
FSBOND,2023-06-02,11622.2710
FSBOND,2023-06-05,11627.0096
FSBOND,2023-06-06,11612.3514
FSBOND,2023-06-07,11611.4240
FSBOND,2023-06-08,11605.0045
FSBOND,2023-06-09,11598.1460
FSBOND,2023-06-12,11593.3807
FSBOND,2023-06-13,11611.9846
FSBOND,2023-06-14,11659.7151
FSBOND,2023-06-15,11691.8312
FSBOND,2023-06-16,11671.6873
FSBOND,2023-06-19,11659.9620
FSBOND,2023-06-20,11646.3908
FSBOND,2023-06-21,11669.7472
FSBOND,2023-06-22,11653.3539
FSBOND,2023-06-23,11639.1589
FSBOND,2023-06-26,11679.7165
FSBOND,2023-06-27,11662.7397
FSBOND,2023-06-28,11672.6184
FSBOND,2023-06-29,11669.8534
FSBOND,2023-06-30,11659.7906
FSBOND,2023-07-03,11669.0388
FSBOND,2023-07-04,11676.2530
FSBOND,2023-07-05,11670.0128
FSBOND,2023-07-06,11676.2919
FSBOND,2023-07-07,11674.1139
FSBOND,2023-07-10,11672.8977
FSBOND,2023-07-11,11690.0377
FSBOND,2023-07-12,11687.7199
FSBOND,2023-07-13,11683.6530
FSBOND,2023-07-14,11718.6244
FSBOND,2023-07-17,11733.1532
FSBOND,2023-07-18,11714.1109
FSBOND,2023-07-19,11711.0864
FSBOND,2023-07-20,11684.2690
FSBOND,2023-07-21,11688.4354
FSBOND,2023-07-24,11680.3678
FSBOND,2023-07-25,11653.8835
FSBOND,2023-07-26,11670.9116
FSBOND,2023-07-27,11702.8906
FSBOND,2023-07-28,11702.5803
FSBOND,2023-07-31,11722.6818
FSBOND,2023-08-01,11748.3999
FSBOND,2023-08-02,11791.2743
FSBOND,2023-08-03,11802.0034
FSBOND,2023-08-04,11788.7233
FSBOND,2023-08-07,11760.1511
FSBOND,2023-08-08,11732.4134
FSBOND,2023-08-09,11721.9195
FSBOND,2023-08-10,11751.8189
FSBOND,2023-08-11,11738.3024
FSBOND,2023-08-14,11727.7750
FSBOND,2023-08-15,11717.8394
FSBOND,2023-08-16,11714.4572
FSBOND,2023-08-17,11700.6868
FSBOND,2023-08-18,11739.5664
FSBOND,2023-08-21,11725.6586
FSBOND,2023-08-22,11726.6456
FSBOND,2023-08-23,11743.1296
FSBOND,2023-08-24,11719.1658
FSBOND,2023-08-25,11714.9807
FSBOND,2023-08-28,11710.5719
FSBOND,2023-08-29,11702.7852
FSBOND,2023-08-30,11678.6461
FSBOND,2023-08-31,11669.4567
FSBOND,2023-09-01,11672.6338
FSBOND,2023-09-04,11679.4613
FSBOND,2023-09-05,11669.1779
FSBOND,2023-09-06,11668.0367
FSBOND,2023-09-07,11668.5015
FSBOND,2023-09-08,11692.8130
FSBOND,2023-09-11,11730.9906
FSBOND,2023-09-12,11746.4574
FSBOND,2023-09-13,11720.9042
FSBOND,2023-09-14,11696.9217
FSBOND,2023-09-15,11718.4305
FSBOND,2023-09-18,11711.7720
FSBOND,2023-09-19,11720.8906
FSBOND,2023-09-20,11717.1909
FSBOND,2023-09-21,11703.7206
FSBOND,2023-09-22,11694.4850
FSBOND,2023-09-25,11677.1105
FSBOND,2023-09-26,11656.5261
FSBOND,2023-09-27,11644.0692
FSBOND,2023-09-28,11620.8598
FSBOND,2023-09-29,11631.5152
FSBOND,2023-10-02,11637.9271
FSBOND,2023-10-03,11633.4470
FSBOND,2023-10-04,11627.9730
FSBOND,2023-10-05,11629.3639
FSBOND,2023-10-06,11624.6580
FSBOND,2023-10-09,11635.9056
FSBOND,2023-10-10,11636.4666
FSBOND,2023-10-11,11634.5264
FSBOND,2023-10-12,11642.1469
FSBOND,2023-10-13,11671.9703
FSBOND,2023-10-16,11670.2172
FSBOND,2023-10-17,11666.5480
FSBOND,2023-10-18,11662.5267
FSBOND,2023-10-19,11714.9487
FSBOND,2023-10-20,11710.0846
FSBOND,2023-10-23,11697.2360
FSBOND,2023-10-24,11672.8203
FSBOND,2023-10-25,11672.4837
FSBOND,2023-10-26,11654.6524
FSBOND,2023-10-27,11629.5749
FSBOND,2023-10-30,11655.7274
FSBOND,2023-10-31,11641.0977
FSBOND,2023-11-01,11651.0893
FSBOND,2023-11-02,11656.8217
FSBOND,2023-11-03,11654.1317
FSBOND,2023-11-06,11649.7867
FSBOND,2023-11-07,11634.9950
FSBOND,2023-11-08,11633.6029
FSBOND,2023-11-09,11597.8822
FSBOND,2023-11-10,11562.4108
FSBOND,2023-11-13,11561.2427
FSBOND,2023-11-14,11528.4270
FSBOND,2023-11-15,11495.4343
FSBOND,2023-11-16,11552.0494
FSBOND,2023-11-17,11523.0828
FSBOND,2023-11-20,11523.4029
FSBOND,2023-11-21,11509.6953
FSBOND,2023-11-22,11555.1595
FSBOND,2023-11-23,11579.8617
FSBOND,2023-11-24,11608.6890
FSBOND,2023-11-27,11628.2464
FSBOND,2023-11-28,11618.5703
FSBOND,2023-11-29,11603.7865
FSBOND,2023-11-30,11595.9037
FSBOND,2023-12-01,11604.8820
FSBOND,2023-12-04,11628.0317
FSBOND,2023-12-05,11603.9447
FSBOND,2023-12-06,11590.3037
FSBOND,2023-12-07,11617.9250
FSBOND,2023-12-08,11617.8003
FSBOND,2023-12-11,11604.2955
FSBOND,2023-12-12,11583.7607
FSBOND,2023-12-13,11582.4599
FSBOND,2023-12-14,11581.6054
FSBOND,2023-12-15,11547.0233
FSBOND,2023-12-18,11524.7165
FSBOND,2023-12-19,11513.8033
FSBOND,2023-12-20,11489.1897
FSBOND,2023-12-21,11493.5309
FSBOND,2023-12-22,11497.1888
FSBOND,2023-12-25,11512.2052
FSBOND,2023-12-26,11537.2061
FSBOND,2023-12-27,11550.6647
FSBOND,2023-12-28,11549.5204
FSBOND,2023-12-29,11551.7514
FSBOND,2024-01-01,11539.5255
FSBOND,2024-01-02,11545.1995
FSBOND,2024-01-03,11541.6692
FSBOND,2024-01-04,11536.8815
FSBOND,2024-01-05,11552.3290
FSBOND,2024-01-08,11585.1091
FSBOND,2024-01-09,11608.1005
FSBOND,2024-01-10,11599.9974
FSBOND,2024-01-11,11620.2836
FSBOND,2024-01-12,11630.3117
FSBOND,2024-01-15,11644.2553
FSBOND,2024-01-16,11665.4975
FSBOND,2024-01-17,11725.6836
FSBOND,2024-01-18,11706.7391
FSBOND,2024-01-19,11711.6290
FSBOND,2024-01-22,11709.2784
FSBOND,2024-01-23,11687.5611
FSBOND,2024-01-24,11718.9357
FSBOND,2024-01-25,11745.8056
FSBOND,2024-01-26,11799.9207
FSBOND,2024-01-29,11854.5218
FSBOND,2024-01-30,11845.2359
FSBOND,2024-01-31,11834.5509
FSBOND,2024-02-01,11810.1544
FSBOND,2024-02-02,11807.2608
FSBOND,2024-02-05,11845.0252
FSBOND,2024-02-06,11892.4552
FSBOND,2024-02-07,11908.4251
FSBOND,2024-02-08,11915.4668
FSBOND,2024-02-09,11931.6065
FSBOND,2024-02-12,11936.7307
FSBOND,2024-02-13,11944.1237
FSBOND,2024-02-14,11951.1622
FSBOND,2024-02-15,11985.9304
FSBOND,2024-02-16,12007.3805
FSBOND,2024-02-19,11995.4868
FSBOND,2024-02-20,11982.1879
FSBOND,2024-02-21,12013.6585
FSBOND,2024-02-22,12001.6640
FSBOND,2024-02-23,11982.9658
FSBOND,2024-02-26,12022.2713
FSBOND,2024-02-27,12047.0775
FSBOND,2024-02-28,12048.7343
FSBOND,2024-02-29,12040.5477
FSBOND,2024-03-01,12035.8660
FSBOND,2024-03-04,12054.5264
FSBOND,2024-03-05,12102.1164
FSBOND,2024-03-06,12124.1202
FSBOND,2024-03-07,12131.8262
FSBOND,2024-03-08,12162.8037
FSBOND,2024-03-11,12153.7471
FSBOND,2024-03-12,12166.7362
FSBOND,2024-03-13,12196.0279
FSBOND,2024-03-14,12187.3280
FSBOND,2024-03-15,12210.6231
FSBOND,2024-03-18,12199.9855
FSBOND,2024-03-19,12210.0489
FSBOND,2024-03-20,12226.5525
FSBOND,2024-03-21,12232.3293
FSBOND,2024-03-22,12255.8584
FSBOND,2024-03-25,12254.5207
FSBOND,2024-03-26,12279.1439
FSBOND,2024-03-27,12292.6116
FSBOND,2024-03-28,12312.2094
FSBOND,2024-03-29,12306.5548
FSBOND,2024-04-01,12314.9473
FSBOND,2024-04-02,12280.4352
FSBOND,2024-04-03,12331.6299
FSBOND,2024-04-04,12356.1699
FSBOND,2024-04-05,12358.4426
FSBOND,2024-04-08,12373.1997
FSBOND,2024-04-09,12380.3074
FSBOND,2024-04-10,12377.3187
FSBOND,2024-04-11,12358.6284
FSBOND,2024-04-12,12356.0747
FSBOND,2024-04-15,12370.0705
FSBOND,2024-04-16,12408.0729
FSBOND,2024-04-17,12385.7281
FSBOND,2024-04-18,12377.7342
FSBOND,2024-04-19,12390.4603
FSBOND,2024-04-22,12411.6390
FSBOND,2024-04-23,12412.5463
FSBOND,2024-04-24,12401.2497
FSBOND,2024-04-25,12444.6231
FSBOND,2024-04-26,12433.4972
FSBOND,2024-04-29,12459.2502
FSBOND,2024-04-30,12473.1915
FSBOND,2024-05-01,12489.9620
FSBOND,2024-05-02,12459.4365
FSBOND,2024-05-03,12480.5829
FSBOND,2024-05-06,12531.9456
FSBOND,2024-05-07,12548.0080
FSBOND,2024-05-08,12602.0574
FSBOND,2024-05-09,12590.7783
FSBOND,2024-05-10,12638.0416
FSBOND,2024-05-13,12609.0862
FSBOND,2024-05-14,12631.1322
FSBOND,2024-05-15,12653.2687
FSBOND,2024-05-16,12639.7722
FSBOND,2024-05-17,12661.2272
FSBOND,2024-05-20,12662.2767
FSBOND,2024-05-21,12695.4959
FSBOND,2024-05-22,12685.1584
FSBOND,2024-05-23,12690.8841
FSBOND,2024-05-24,12676.9341
FSBOND,2024-05-27,12694.9463
FSBOND,2024-05-28,12720.8666
FSBOND,2024-05-29,12730.0416
FSBOND,2024-05-30,12739.3792
FSBOND,2024-05-31,12729.8732
FSBOND,2024-06-03,12770.1808
FSBOND,2024-06-04,12756.2084
FSBOND,2024-06-05,12768.6294
FSBOND,2024-06-06,12771.3354
FSBOND,2024-06-07,12789.9829
FSBOND,2024-06-10,12798.6961
FSBOND,2024-06-11,12819.8137
FSBOND,2024-06-12,12815.4101
FSBOND,2024-06-13,12778.3574
FSBOND,2024-06-14,12822.8518
FSBOND,2024-06-17,12824.5885
FSBOND,2024-06-18,12816.2453
FSBOND,2024-06-19,12838.5132
FSBOND,2024-06-20,12892.9994
FSBOND,2024-06-21,12890.3298
FSBOND,2024-06-24,12915.3754
FSBOND,2024-06-25,12909.6989
FSBOND,2024-06-26,12916.1391
FSBOND,2024-06-27,12896.6923
FSBOND,2024-06-28,12888.9411
FSBOND,2024-07-01,12871.0808
FSBOND,2024-07-02,12882.3385
FSBOND,2024-07-03,12908.1662
FSBOND,2024-07-04,12866.1898
FSBOND,2024-07-05,12857.2620
FSBOND,2024-07-08,12923.3780
FSBOND,2024-07-09,12921.9301
FSBOND,2024-07-10,12939.5400
FSBOND,2024-07-11,12955.5849
FSBOND,2024-07-12,12908.1308
FSBOND,2024-07-15,12911.6229
FSBOND,2024-07-16,12907.8817
FSBOND,2024-07-17,12871.8817
FSBOND,2024-07-18,12914.4510
FSBOND,2024-07-19,12940.1224
FSBOND,2024-07-22,12960.5292
FSBOND,2024-07-23,12983.8267
FSBOND,2024-07-24,13008.0184
FSBOND,2024-07-25,13000.9191
FSBOND,2024-07-26,13018.1732
FSBOND,2024-07-29,13021.3313
FSBOND,2024-07-30,13055.3723
FSBOND,2024-07-31,13071.9988
FSBOND,2024-08-01,13104.4385
FSBOND,2024-08-02,13086.7250
FSBOND,2024-08-05,13134.2617
FSBOND,2024-08-06,13112.2208
FSBOND,2024-08-07,13126.6712
FSBOND,2024-08-08,13117.0382
FSBOND,2024-08-09,13136.6510
FSBOND,2024-08-12,13135.6154
FSBOND,2024-08-13,13109.7055
FSBOND,2024-08-14,13124.7905
FSBOND,2024-08-15,13083.8977
FSBOND,2024-08-16,13071.6318
FSBOND,2024-08-19,13076.2881
FSBOND,2024-08-20,13120.2474
FSBOND,2024-08-21,13096.3237
FSBOND,2024-08-22,13089.6309
FSBOND,2024-08-23,13095.0189
FSBOND,2024-08-26,13089.2163
FSBOND,2024-08-27,13131.2203
FSBOND,2024-08-28,13131.2120
FSBOND,2024-08-29,13131.7725
FSBOND,2024-08-30,13157.4024
FSBOND,2024-09-02,13132.9944
FSBOND,2024-09-03,13140.9805
FSBOND,2024-09-04,13179.2839
FSBOND,2024-09-05,13200.7536
FSBOND,2024-09-06,13260.4673
FSBOND,2024-09-09,13275.7982
FSBOND,2024-09-10,13312.0601
FSBOND,2024-09-11,13299.7622
FSBOND,2024-09-12,13321.3520
FSBOND,2024-09-13,13321.6391
FSBOND,2024-09-16,13345.6601
FSBOND,2024-09-17,13330.0815
FSBOND,2024-09-18,13324.9239
FSBOND,2024-09-19,13322.2360
FSBOND,2024-09-20,13327.1886
FSBOND,2024-09-23,13367.6203
FSBOND,2024-09-24,13371.0864
FSBOND,2024-09-25,13366.2720
FSBOND,2024-09-26,13370.8322
FSBOND,2024-09-27,13346.5215
FSBOND,2024-09-30,13332.5945
FSBOND,2024-10-01,13352.8077
FSBOND,2024-10-02,13329.4660
FSBOND,2024-10-03,13352.1216
FSBOND,2024-10-04,13332.0143
FSBOND,2024-10-07,13373.0758
FSBOND,2024-10-08,13399.3251
FSBOND,2024-10-09,13410.1347
FSBOND,2024-10-10,13395.1058
FSBOND,2024-10-11,13388.3802
FSBOND,2024-10-14,13375.5852
FSBOND,2024-10-15,13363.2148
FSBOND,2024-10-16,13349.7997
FSBOND,2024-10-17,13335.6831
FSBOND,2024-10-18,13344.2128
FSBOND,2024-10-21,13369.1679
FSBOND,2024-10-22,13326.8428
FSBOND,2024-10-23,13324.2781
FSBOND,2024-10-24,13350.4007
FSBOND,2024-10-25,13348.8083
FSBOND,2024-10-28,13336.8512
FSBOND,2024-10-29,13332.7170
FSBOND,2024-10-30,13307.2706
FSBOND,2024-10-31,13318.5750
FSBOND,2024-11-01,13310.8702
FSBOND,2024-11-04,13320.1560
FSBOND,2024-11-05,13338.7692
FSBOND,2024-11-06,13331.1466
FSBOND,2024-11-07,13326.9400
FSBOND,2024-11-08,13330.2569
FSBOND,2024-11-11,13337.7371
FSBOND,2024-11-12,13318.5001
FSBOND,2024-11-13,13319.9944
FSBOND,2024-11-14,13317.0379
FSBOND,2024-11-15,13336.0959
FSBOND,2024-11-18,13361.8718
FSBOND,2024-11-19,13370.7237
FSBOND,2024-11-20,13359.8018
FSBOND,2024-11-21,13366.0885
FSBOND,2024-11-22,13398.8205
FSBOND,2024-11-25,13385.5032
FSBOND,2024-11-26,13389.6085
FSBOND,2024-11-27,13410.9439
FSBOND,2024-11-28,13400.6350
FSBOND,2024-11-29,13389.7266
FSBOND,2024-12-02,13421.4150
FSBOND,2024-12-03,13418.4046
FSBOND,2024-12-04,13399.6545
FSBOND,2024-12-05,13425.7263
FSBOND,2024-12-06,13408.3811
FSBOND,2024-12-09,13389.1267
FSBOND,2024-12-10,13401.0537
FSBOND,2024-12-11,13390.7016
FSBOND,2024-12-12,13396.6213
FSBOND,2024-12-13,13388.8888
FSBOND,2024-12-16,13414.9184
FSBOND,2024-12-17,13408.4849
FSBOND,2024-12-18,13367.4087
FSBOND,2024-12-19,13353.8156
FSBOND,2024-12-20,13340.9541
FSBOND,2024-12-23,13306.4269
FSBOND,2024-12-24,13283.4110
FSBOND,2024-12-25,13285.1509
FSBOND,2024-12-26,13262.3517
FSBOND,2024-12-27,13203.3281
FSBOND,2024-12-30,13248.4429
FSBOND,2024-12-31,13311.0399
FSBOND,2025-01-01,13321.5255
FSBOND,2025-01-02,13304.7942
FSBOND,2025-01-03,13295.7110
FSBOND,2025-01-06,13265.1889
FSBOND,2025-01-07,13244.6939
FSBOND,2025-01-08,13265.0848
FSBOND,2025-01-09,13278.5181
FSBOND,2025-01-10,13261.5285
FSBOND,2025-01-13,13260.3935
FSBOND,2025-01-14,13277.3668
FSBOND,2025-01-15,13262.0371
FSBOND,2025-01-16,13273.8320
FSBOND,2025-01-17,13292.3696
FSBOND,2025-01-20,13320.7421
FSBOND,2025-01-21,13362.6404
FSBOND,2025-01-22,13333.4783
FSBOND,2025-01-23,13362.2728
FSBOND,2025-01-24,13370.8143
FSBOND,2025-01-27,13402.2848
FSBOND,2025-01-28,13390.6048
FSBOND,2025-01-29,13431.2514
FSBOND,2025-01-30,13424.3175
FSBOND,2025-01-31,13442.8216
FSBOND,2025-02-03,13393.1019
FSBOND,2025-02-04,13374.5596
FSBOND,2025-02-05,13373.2803
FSBOND,2025-02-06,13349.9502
FSBOND,2025-02-07,13366.6717
FSBOND,2025-02-10,13372.1166
FSBOND,2025-02-11,13415.3387
FSBOND,2025-02-12,13415.0835
FSBOND,2025-02-13,13428.7436
FSBOND,2025-02-14,13419.4630
FSBOND,2025-02-17,13419.7082
FSBOND,2025-02-18,13410.7474
FSBOND,2025-02-19,13438.1807
FSBOND,2025-02-20,13453.6691
FSBOND,2025-02-21,13480.9539
FSBOND,2025-02-24,13513.8840
FSBOND,2025-02-25,13516.2613
FSBOND,2025-02-26,13511.6143
FSBOND,2025-02-27,13497.6399
FSBOND,2025-02-28,13519.3671
FSBOND,2025-03-03,13514.8052
FSBOND,2025-03-04,13523.5774
FSBOND,2025-03-05,13571.6201
FSBOND,2025-03-06,13613.9860
FSBOND,2025-03-07,13569.8924
FSBOND,2025-03-10,13591.8979
FSBOND,2025-03-11,13602.7254
FSBOND,2025-03-12,13631.6403
FSBOND,2025-03-13,13609.6998
FSBOND,2025-03-14,13587.1845
FSBOND,2025-03-17,13591.5702
FSBOND,2025-03-18,13560.5805
FSBOND,2025-03-19,13531.6806
FSBOND,2025-03-20,13570.5486
FSBOND,2025-03-21,13617.7261
FSBOND,2025-03-24,13606.7689
FSBOND,2025-03-25,13608.9157
FSBOND,2025-03-26,13585.4398
FSBOND,2025-03-27,13570.0232
FSBOND,2025-03-28,13569.8724
FSBOND,2025-03-31,13592.0156
FSBOND,2025-04-01,13609.6898
FSBOND,2025-04-02,13608.5578
FSBOND,2025-04-03,13641.4546
FSBOND,2025-04-04,13668.8436
FSBOND,2025-04-07,13696.4349
FSBOND,2025-04-08,13700.0776
FSBOND,2025-04-09,13720.1216
FSBOND,2025-04-10,13728.0345
FSBOND,2025-04-11,13740.4647
FSBOND,2025-04-14,13738.0224
FSBOND,2025-04-15,13723.6269
FSBOND,2025-04-16,13701.0068
FSBOND,2025-04-17,13671.4776
FSBOND,2025-04-18,13642.5102
FSBOND,2025-04-21,13645.8108
FSBOND,2025-04-22,13660.0053
FSBOND,2025-04-23,13660.0390
FSBOND,2025-04-24,13632.4156
FSBOND,2025-04-25,13603.5789
FSBOND,2025-04-28,13627.2683
FSBOND,2025-04-29,13660.8789
FSBOND,2025-04-30,13621.0522
FSBOND,2025-05-01,13635.4907
FSBOND,2025-05-02,13613.9226
FSBOND,2025-05-05,13568.8969
FSBOND,2025-05-06,13558.0985
FSBOND,2025-05-07,13508.1356
FSBOND,2025-05-08,13503.0443
FSBOND,2025-05-09,13475.6188
FSBOND,2025-05-12,13473.4167
FSBOND,2025-05-13,13492.3706
FSBOND,2025-05-14,13487.2487
FSBOND,2025-05-15,13531.3440
FSBOND,2025-05-16,13524.1252
FSBOND,2025-05-19,13531.8543
FSBOND,2025-05-20,13533.7209
FSBOND,2025-05-21,13541.3643
FSBOND,2025-05-22,13546.7525
FSBOND,2025-05-23,13519.0627
FSBOND,2025-05-26,13520.7175
FSBOND,2025-05-27,13500.4816
FSBOND,2025-05-28,13479.8904
FSBOND,2025-05-29,13524.4937
FSBOND,2025-05-30,13543.3265
FSBOND,2025-06-02,13556.7705
FSBOND,2025-06-03,13561.6402
FSBOND,2025-06-04,13573.2032
FSBOND,2025-06-05,13603.7590
FSBOND,2025-06-06,13638.1280
FSBOND,2025-06-09,13660.2157
FSBOND,2025-06-10,13677.5014
FSBOND,2025-06-11,13695.6436
FSBOND,2025-06-12,13713.9624
FSBOND,2025-06-13,13731.1569
FSBOND,2025-06-16,13716.3649
FSBOND,2025-06-17,13723.3568
FSBOND,2025-06-18,13772.2962
FSBOND,2025-06-19,13749.7323
FSBOND,2025-06-20,13765.3406
FSBOND,2025-06-23,13771.3168
FSBOND,2025-06-24,13772.3515
FSBOND,2025-06-25,13791.7519
FSBOND,2025-06-26,13846.5823
FSBOND,2025-06-27,13836.6040
FSBOND,2025-06-30,13813.5231
FSBOND,2025-07-01,13857.4470
FSBOND,2025-07-02,13846.7968
FSBOND,2025-07-03,13876.5986
FSBOND,2025-07-04,13860.1312
FSBOND,2025-07-07,13815.9554
FSBOND,2025-07-08,13804.8174
FSBOND,2025-07-09,13814.0705
FSBOND,2025-07-10,13792.5176
FSBOND,2025-07-11,13804.6012
FSBOND,2025-07-14,13804.3043
FSBOND,2025-07-15,13836.3144
FSBOND,2025-07-16,13796.3333
FSBOND,2025-07-17,13785.1599
FSBOND,2025-07-18,13772.7903
FSBOND,2025-07-21,13774.0990
FSBOND,2025-07-22,13759.5132
FSBOND,2025-07-23,13786.8372
FSBOND,2025-07-24,13792.1218
FSBOND,2025-07-25,13768.1745
FSBOND,2025-07-28,13796.8026
FSBOND,2025-07-29,13814.4725
FSBOND,2025-07-30,13772.8326
FSBOND,2025-07-31,13813.1064
FSBOND,2025-08-01,13815.3469
FSBOND,2025-08-04,13858.7666
FSBOND,2025-08-05,13860.0699
FSBOND,2025-08-06,13845.8586
FSBOND,2025-08-07,13835.2327
FSBOND,2025-08-08,13793.3771
FSBOND,2025-08-11,13809.1151
FSBOND,2025-08-12,13822.5280
FSBOND,2025-08-13,13836.7693
FSBOND,2025-08-14,13803.3228
FSBOND,2025-08-15,13834.2722
FSBOND,2025-08-18,13868.2496
FSBOND,2025-08-19,13861.9124
FSBOND,2025-08-20,13819.3590
FSBOND,2025-08-21,13833.7007
FSBOND,2025-08-22,13776.8775
FSBOND,2025-08-25,13753.6628
FSBOND,2025-08-26,13754.1672
FSBOND,2025-08-27,13739.6969
FSBOND,2025-08-28,13761.0677
FSBOND,2025-08-29,13778.7995
FSBOND,2025-09-01,13778.6670
FSBOND,2025-09-02,13780.9908
FSBOND,2025-09-03,13761.6402
FSBOND,2025-09-04,13767.1830
FSBOND,2025-09-05,13756.7907
FSBOND,2025-09-08,13771.4637
FSBOND,2025-09-09,13775.6228
FSBOND,2025-09-10,13803.4904
FSBOND,2025-09-11,13813.8709
FSBOND,2025-09-12,13774.6906
FSBOND,2025-09-15,13766.1262
FSBOND,2025-09-16,13797.8046
FSBOND,2025-09-17,13794.9278
FSBOND,2025-09-18,13775.6152
FSBOND,2025-09-19,13775.6152
FSBOND,2025-09-22,13799.5505
FSBOND,2025-09-23,13787.0808
FSBOND,2025-09-24,13795.0742
FSBOND,2025-09-25,13833.5427
FSBOND,2025-09-26,13850.5711
FSBOND,2025-09-29,13845.6842
FSBOND,2025-09-30,13832.3737
FSBOND,2025-10-01,13844.7857
FSBOND,2025-10-02,13860.4825
FSBOND,2025-10-03,13895.1231
FSBOND,2025-10-06,13897.4710
FSBOND,2025-10-07,13869.1406
FSBOND,2025-10-08,13840.3136
FSBOND,2025-10-09,13828.2155
FSBOND,2025-10-10,13811.5206
FSBOND,2025-10-13,13851.5907
FSBOND,2025-10-14,13833.2917
FSBOND,2025-10-15,13797.6786
FSBOND,2025-10-16,13803.4901
FSBOND,2025-10-17,13798.7254
FSBOND,2025-10-20,13809.5229
FSBOND,2025-10-21,13825.9502
FSBOND,2025-10-22,13837.3266
FSBOND,2025-10-23,13826.0272
FSBOND,2025-10-24,13832.2412
FSBOND,2025-10-27,13855.6272
FSBOND,2025-10-28,13841.1535
FSBOND,2025-10-29,13808.2288
FSBOND,2025-10-30,13829.5162
FSBOND,2025-10-31,13833.8040
FSBOND,2025-11-03,13832.0587
FSBOND,2025-11-04,13815.9559
FSBOND,2025-11-05,13805.5209
FSBOND,2025-11-06,13825.9702
FSBOND,2025-11-07,13829.0886
FSBOND,2025-11-10,13804.6597
FSBOND,2025-11-11,13818.9326
FSBOND,2025-11-12,13839.2440
FSBOND,2025-11-13,13852.3162
FSBOND,2025-11-14,13819.1350
FSBOND,2025-11-17,13810.6472
FSBOND,2025-11-18,13791.2167
FSBOND,2025-11-19,13842.1678
FSBOND,2025-11-20,13868.5095
FSBOND,2025-11-21,13843.4691
FSBOND,2025-11-24,13865.8478
FSBOND,2025-11-25,13878.4989
FSBOND,2025-11-26,13902.2369
FSBOND,2025-11-27,13927.6187
FSBOND,2025-11-28,13922.1492
FSBOND,2025-12-01,13933.5913
FSBOND,2025-12-02,13961.2154
FSBOND,2025-12-03,13920.8291
FSBOND,2025-12-04,13913.2298
FSBOND,2025-12-05,13933.2529
FSBOND,2025-12-08,13952.7090
FSBOND,2025-12-09,13959.7024
FSBOND,2025-12-10,13917.4383
FSBOND,2025-12-11,13921.2693
FSBOND,2025-12-12,13900.8357
FSBOND,2025-12-15,13925.3472
FSBOND,2025-12-16,13935.5076
FSBOND,2025-12-17,13952.0070
FSBOND,2025-12-18,13960.2667
FSBOND,2025-12-19,13972.7425
FSBOND,2025-12-22,13982.8813
FSBOND,2025-12-23,14011.6808
FSBOND,2025-12-24,14009.8125
FSBOND,2025-12-25,13976.8073
FSBOND,2025-12-26,13978.7486
FSBOND,2025-12-29,13988.8828
FSBOND,2025-12-30,13968.6422
FSBOND,2025-12-31,13959.3615
FSBOND,2026-01-01,14022.3665
FSBOND,2026-01-02,14002.4164
FSBOND,2026-01-05,13986.6711
FSBOND,2026-01-06,13932.6117
FSBOND,2026-01-07,13919.9550
FSBOND,2026-01-08,13903.7475
FSBOND,2026-01-09,13901.4330
FSBOND,2026-01-12,13909.1156
FSBOND,2026-01-13,13934.3506
FSBOND,2026-01-14,13964.0586
FSBOND,2026-01-15,13989.1682
FSBOND,2026-01-16,13967.8838
FSBOND,2026-01-19,13976.5696
FSBOND,2026-01-20,13968.9657
FSBOND,2026-01-21,13998.5646
FSBOND,2026-01-22,14016.4313
FSBOND,2026-01-23,14037.0231
FSBOND,2026-01-26,14048.8402
FSBOND,2026-01-27,14058.9895
FSBOND,2026-01-28,14070.8769
FSBOND,2026-01-29,14015.1970
FSBOND,2026-01-30,14008.3373
FSBOND,2026-02-02,14020.6576
FSBOND,2026-02-03,14006.4348
FSBOND,2026-02-04,14022.6359
FSBOND,2026-02-05,14053.4257
FSBOND,2026-02-06,14068.7485
FSBOND,2026-02-09,14101.8217
FSBOND,2026-02-10,14072.6107
FSBOND,2026-02-11,14053.6171
FSBOND,2026-02-12,14037.4549
FSBOND,2026-02-13,14078.1491
FSBOND,2026-02-16,14096.7109
FSBOND,2026-02-17,14095.8150
FSBOND,2026-02-18,14107.1232
FSBOND,2026-02-19,14085.1832
FSBOND,2026-02-20,14101.1962
FSBOND,2026-02-23,14152.8518
FSBOND,2026-02-24,14177.7497
FSBOND,2026-02-25,14170.5751
FSBOND,2026-02-26,14165.3971
FSBOND,2026-02-27,14205.0689
FSBOND,2026-03-02,14214.1550
FSBOND,2026-03-03,14203.1606
FSBOND,2026-03-04,14219.1414
FSBOND,2026-03-05,14249.5946
FSBOND,2026-03-06,14272.3540
FSBOND,2026-03-09,14272.2051
FSBOND,2026-03-10,14281.6602
FSBOND,2026-03-11,14285.5428
FSBOND,2026-03-12,14325.4973
FSBOND,2026-03-13,14309.0928
FSBOND,2026-03-16,14315.0658
FSBOND,2026-03-17,14314.7448
FSBOND,2026-03-18,14291.0095
FSBOND,2026-03-19,14270.5427
FSBOND,2026-03-20,14304.0598
FSBOND,2026-03-23,14321.4058
FSBOND,2026-03-24,14368.5011
FSBOND,2026-03-25,14335.5732
FSBOND,2026-03-26,14366.2733
FSBOND,2026-03-27,14355.1675
FSBOND,2026-03-30,14355.1600
FSBOND,2026-03-31,14253.8284
FSBOND,2026-04-01,14275.5558
FSBOND,2026-04-02,14298.4158
FSBOND,2026-04-03,14333.3089
FSBOND,2026-04-06,14288.4691
FSBOND,2026-04-07,14311.6524
FSBOND,2026-04-08,14265.6137
FSBOND,2026-04-09,14268.2573
FSBOND,2026-04-10,14281.9729
FSBOND,2026-04-13,14266.4778
FSBOND,2026-04-14,14303.2226
FSBOND,2026-04-15,14296.7342
FSBOND,2026-04-16,14312.8922
FSBOND,2026-04-17,14328.3138
FSBOND,2026-04-20,14367.3287
FSBOND,2026-04-21,14391.6713
FSBOND,2026-04-22,14394.2193
FSBOND,2026-04-23,14387.1580
FSBOND,2026-04-24,14386.3164
FSBOND,2026-04-27,14387.5239
FSBOND,2026-04-28,14407.3096
FSBOND,2026-04-29,14431.1453
FSBOND,2026-04-30,14413.4906
FSBOND,2026-05-01,14398.8130
FSBOND,2026-05-04,14420.9385
FSBOND,2026-05-05,14422.5496
FSBOND,2026-05-06,14386.5718
FSBOND,2026-05-07,14419.8753
FSBOND,2026-05-08,14442.8096
FSBOND,2026-05-11,14469.8491
FSBOND,2026-05-12,14505.1595
FSBOND,2026-05-13,14503.2458
FSBOND,2026-05-14,14510.8536
FSBOND,2026-05-15,14530.5023
FSBOND,2026-05-18,14558.5435
FSBOND,2026-05-19,14543.0826
FSBOND,2026-05-20,14533.6625
FSBOND,2026-05-21,14509.3018
FSBOND,2026-05-22,14544.0164
FSBOND,2026-05-25,14526.7983
FSBOND,2026-05-26,14561.9797
FSBOND,2026-05-27,14626.2732
FSBOND,2026-05-28,14629.6570
FSBOND,2026-05-29,14650.6994
FSBOND,2026-06-01,14677.1581
FSBOND,2026-06-02,14696.1894
FSBOND,2026-06-03,14719.7903
FSBOND,2026-06-04,14715.5884
FSBOND,2026-06-05,14725.1911
FSBOND,2026-06-08,14715.5126
FSBOND,2026-06-09,14714.8634
FSBOND,2026-06-10,14708.9103
FSBOND,2026-06-11,14711.0040
FSBOND,2026-06-12,14672.7172
FSBOND,2026-06-15,14704.9708
FSBOND,2026-06-16,14694.1390
FSBOND,2026-06-17,14690.3543
FSBOND,2026-06-18,14703.8659
FSBOND,2026-06-19,14668.3506
FSBOND,2026-06-22,14665.1659
FSBOND,2026-06-23,14628.6098
FSBOND,2026-06-24,14625.6540
FSBOND,2026-06-25,14624.5972
FSBOND,2026-06-26,14591.2357
FSBOND,2026-06-29,14617.8171
FSBOND,2026-06-30,14611.5331
FSBOND,2026-07-01,14607.2714
FSBOND,2026-07-02,14613.9931
FSBOND,2026-07-03,14651.9238
FSBOND,2026-07-06,14708.5376
FSBOND,2026-07-07,14709.2251
FSBOND,2026-07-08,14780.9321
FSBOND,2026-07-09,14750.9158
FSBOND,2026-07-10,14762.2177
FSBOND,2026-07-13,14783.8315
FSBOND,2026-07-14,14741.8972
FSBOND,2026-07-15,14748.6759
FSBOND,2026-07-16,14770.6150
FSBOND,2026-07-17,14785.1400
FSBOND,2026-07-20,14754.8177
FSBOND,2026-07-21,14732.7010
FSBOND,2026-07-22,14738.9464
FSBOND,2026-07-23,14749.0606
FSBOND,2026-07-24,14737.8624
FSBOND,2026-07-27,14745.6774
FSBOND,2026-07-28,14748.6425
FSBOND,2026-07-29,14741.5528
FSBOND,2026-07-30,14767.7386
FSBOND,2026-07-31,14794.3252
FSBOND,2026-08-03,14764.8680
FSBOND,2026-08-04,14794.1650
FSBOND,2026-08-05,14779.5687
FSBOND,2026-08-06,14743.6145
FSBOND,2026-08-07,14742.7005
FSBOND,2026-08-10,14750.6576
FSBOND,2026-08-11,14724.3932
FSBOND,2026-08-12,14734.2136
FSBOND,2026-08-13,14752.9607
FSBOND,2026-08-14,14747.2600
FSBOND,2026-08-17,14716.9927
FSBOND,2026-08-18,14707.8924
FSBOND,2026-08-19,14740.0704
FSBOND,2026-08-20,14762.8822
FSBOND,2026-08-21,14780.1343
FSBOND,2026-08-24,14806.4645
FSBOND,2026-08-25,14764.7133
FSBOND,2026-08-26,14756.3716
FSBOND,2026-08-27,14726.9266
FSBOND,2026-08-28,14682.5150
FSBOND,2026-08-31,14673.4007
FSBOND,2026-09-01,14710.1428
FSBOND,2026-09-02,14706.7816
FSBOND,2026-09-03,14758.7455
FSBOND,2026-09-04,14753.0898
FSBOND,2026-09-07,14768.7318
FSBOND,2026-09-08,14773.9515
FSBOND,2026-09-09,14789.9360
FSBOND,2026-09-10,14761.5227
FSBOND,2026-09-11,14766.6100
FSBOND,2026-09-14,14774.5612
FSBOND,2026-09-15,14753.4541
FSBOND,2026-09-16,14717.4116
FSBOND,2026-09-17,14755.7538
FSBOND,2026-09-18,14747.6326
FSBOND,2026-09-21,14766.3238
FSBOND,2026-09-22,14787.6702
FSBOND,2026-09-23,14839.2798
FSBOND,2026-09-24,14820.3336
FSBOND,2026-09-25,14814.8959
FSBOND,2026-09-28,14825.1923
FSBOND,2026-09-29,14826.3669
FSBOND,2026-09-30,14851.4454
FSLIQ,2021-01-04,10002.0965
FSLIQ,2021-01-05,10003.0750
FSLIQ,2021-01-06,10006.8098
FSLIQ,2021-01-07,10009.5995
FSLIQ,2021-01-08,10011.3358
FSLIQ,2021-01-11,10014.6081
FSLIQ,2021-01-12,10018.8042
FSLIQ,2021-01-13,10020.9347
FSLIQ,2021-01-14,10023.4294
FSLIQ,2021-01-15,10024.7889
FSLIQ,2021-01-18,10027.4018
FSLIQ,2021-01-19,10030.2007
FSLIQ,2021-01-20,10033.5046
FSLIQ,2021-01-21,10035.3928
FSLIQ,2021-01-22,10038.9622
FSLIQ,2021-01-25,10040.2394
FSLIQ,2021-01-26,10044.2514
FSLIQ,2021-01-27,10044.9150
FSLIQ,2021-01-28,10046.1483
FSLIQ,2021-01-29,10047.4544
FSLIQ,2021-02-01,10050.4550
FSLIQ,2021-02-02,10054.1173
FSLIQ,2021-02-03,10054.6305
FSLIQ,2021-02-04,10056.2580
FSLIQ,2021-02-05,10059.4019
FSLIQ,2021-02-08,10061.7624
FSLIQ,2021-02-09,10063.2855
FSLIQ,2021-02-10,10065.9963
FSLIQ,2021-02-11,10068.2085
FSLIQ,2021-02-12,10071.8523
FSLIQ,2021-02-15,10075.5987
FSLIQ,2021-02-16,10079.7360
FSLIQ,2021-02-17,10081.1690
FSLIQ,2021-02-18,10083.6161
FSLIQ,2021-02-19,10085.3940
FSLIQ,2021-02-22,10088.6235
FSLIQ,2021-02-23,10091.6310
FSLIQ,2021-02-24,10095.2864
FSLIQ,2021-02-25,10098.9397
FSLIQ,2021-02-26,10102.9995
FSLIQ,2021-03-01,10103.1308
FSLIQ,2021-03-02,10106.1684
FSLIQ,2021-03-03,10107.6799
FSLIQ,2021-03-04,10110.0668
FSLIQ,2021-03-05,10110.5403
FSLIQ,2021-03-08,10113.2174
FSLIQ,2021-03-09,10115.7866
FSLIQ,2021-03-10,10119.1771
FSLIQ,2021-03-11,10123.2914
FSLIQ,2021-03-12,10124.3385
FSLIQ,2021-03-15,10126.3285
FSLIQ,2021-03-16,10128.1143
FSLIQ,2021-03-17,10130.8118
FSLIQ,2021-03-18,10132.4064
FSLIQ,2021-03-19,10133.6384
FSLIQ,2021-03-22,10137.6609
FSLIQ,2021-03-23,10140.3728
FSLIQ,2021-03-24,10142.6417
FSLIQ,2021-03-25,10145.2471
FSLIQ,2021-03-26,10147.1967
FSLIQ,2021-03-29,10149.3753
FSLIQ,2021-03-30,10151.2300
FSLIQ,2021-03-31,10152.3574
FSLIQ,2021-04-01,10155.4315
FSLIQ,2021-04-02,10158.0052
FSLIQ,2021-04-05,10161.3434
FSLIQ,2021-04-06,10164.5092
FSLIQ,2021-04-07,10168.6829
FSLIQ,2021-04-08,10171.8973
FSLIQ,2021-04-09,10174.4235
FSLIQ,2021-04-12,10177.5111
FSLIQ,2021-04-13,10179.9678
FSLIQ,2021-04-14,10182.4033
FSLIQ,2021-04-15,10183.5020
FSLIQ,2021-04-16,10186.5996
FSLIQ,2021-04-19,10189.1140
FSLIQ,2021-04-20,10190.4875
FSLIQ,2021-04-21,10192.9393
FSLIQ,2021-04-22,10194.6933
FSLIQ,2021-04-23,10195.2913
FSLIQ,2021-04-26,10197.9258
FSLIQ,2021-04-27,10199.5511
FSLIQ,2021-04-28,10200.9905
FSLIQ,2021-04-29,10203.1700
FSLIQ,2021-04-30,10206.0197
FSLIQ,2021-05-03,10210.1796
FSLIQ,2021-05-04,10211.5374
FSLIQ,2021-05-05,10214.3190
FSLIQ,2021-05-06,10215.8976
FSLIQ,2021-05-07,10217.4635
FSLIQ,2021-05-10,10219.8656
FSLIQ,2021-05-11,10222.6938
FSLIQ,2021-05-12,10225.4138
FSLIQ,2021-05-13,10229.0895
FSLIQ,2021-05-14,10233.3974
FSLIQ,2021-05-17,10235.2425
FSLIQ,2021-05-18,10237.4530
FSLIQ,2021-05-19,10238.8052
FSLIQ,2021-05-20,10240.0034
FSLIQ,2021-05-21,10242.3516
FSLIQ,2021-05-24,10244.6783
FSLIQ,2021-05-25,10247.5360
FSLIQ,2021-05-26,10250.4903
FSLIQ,2021-05-27,10251.4967
FSLIQ,2021-05-28,10255.1435
FSLIQ,2021-05-31,10256.9126
FSLIQ,2021-06-01,10259.8634
FSLIQ,2021-06-02,10262.0466
FSLIQ,2021-06-03,10262.3794
FSLIQ,2021-06-04,10264.5376
FSLIQ,2021-06-07,10267.5291
FSLIQ,2021-06-08,10271.3280
FSLIQ,2021-06-09,10272.9874
FSLIQ,2021-06-10,10276.5612
FSLIQ,2021-06-11,10278.8326
FSLIQ,2021-06-14,10281.5783
FSLIQ,2021-06-15,10283.0038
FSLIQ,2021-06-16,10286.9939
FSLIQ,2021-06-17,10290.0642
FSLIQ,2021-06-18,10292.7971
FSLIQ,2021-06-21,10296.1981
FSLIQ,2021-06-22,10299.4506
FSLIQ,2021-06-23,10302.3667
FSLIQ,2021-06-24,10304.9097
FSLIQ,2021-06-25,10307.7731
FSLIQ,2021-06-28,10310.5798
FSLIQ,2021-06-29,10310.3009
FSLIQ,2021-06-30,10312.7078
FSLIQ,2021-07-01,10316.4359
FSLIQ,2021-07-02,10319.0070
FSLIQ,2021-07-05,10323.0335
FSLIQ,2021-07-06,10325.8341
FSLIQ,2021-07-07,10328.2727
FSLIQ,2021-07-08,10329.9760
FSLIQ,2021-07-09,10331.5929
FSLIQ,2021-07-12,10334.1697
FSLIQ,2021-07-13,10337.1774
FSLIQ,2021-07-14,10339.6214
FSLIQ,2021-07-15,10344.7625
FSLIQ,2021-07-16,10347.5645
FSLIQ,2021-07-19,10350.1053
FSLIQ,2021-07-20,10354.0694
FSLIQ,2021-07-21,10355.1291
FSLIQ,2021-07-22,10356.7790
FSLIQ,2021-07-23,10358.8329
FSLIQ,2021-07-26,10360.4259
FSLIQ,2021-07-27,10362.3891
FSLIQ,2021-07-28,10366.5623
FSLIQ,2021-07-29,10369.7297
FSLIQ,2021-07-30,10372.3314
FSLIQ,2021-08-02,10375.5595
FSLIQ,2021-08-03,10377.7770
FSLIQ,2021-08-04,10379.7263
FSLIQ,2021-08-05,10383.0182
FSLIQ,2021-08-06,10384.6052
FSLIQ,2021-08-09,10385.5991
FSLIQ,2021-08-10,10388.5129
FSLIQ,2021-08-11,10389.3711
FSLIQ,2021-08-12,10390.0786
FSLIQ,2021-08-13,10392.7322
FSLIQ,2021-08-16,10395.5741
FSLIQ,2021-08-17,10399.6706
FSLIQ,2021-08-18,10403.7410
FSLIQ,2021-08-19,10407.1662
FSLIQ,2021-08-20,10410.1047
FSLIQ,2021-08-23,10412.4965
FSLIQ,2021-08-24,10415.4220
FSLIQ,2021-08-25,10418.3717
FSLIQ,2021-08-26,10419.8360
FSLIQ,2021-08-27,10422.7961
FSLIQ,2021-08-30,10424.4187
FSLIQ,2021-08-31,10426.4493
FSLIQ,2021-09-01,10429.6586
FSLIQ,2021-09-02,10432.3962
FSLIQ,2021-09-03,10436.0502
FSLIQ,2021-09-06,10438.0711
FSLIQ,2021-09-07,10440.8937
FSLIQ,2021-09-08,10443.5585
FSLIQ,2021-09-09,10445.4856
FSLIQ,2021-09-10,10446.5623
FSLIQ,2021-09-13,10448.5494
FSLIQ,2021-09-14,10451.8540
FSLIQ,2021-09-15,10454.4850
FSLIQ,2021-09-16,10456.6478
FSLIQ,2021-09-17,10460.8861
FSLIQ,2021-09-20,10463.8728
FSLIQ,2021-09-21,10465.5515
FSLIQ,2021-09-22,10468.6077
FSLIQ,2021-09-23,10471.8821
FSLIQ,2021-09-24,10474.9867
FSLIQ,2021-09-27,10478.6317
FSLIQ,2021-09-28,10481.6231
FSLIQ,2021-09-29,10483.7389
FSLIQ,2021-09-30,10487.4087
FSLIQ,2021-10-01,10488.0384
FSLIQ,2021-10-04,10490.5006
FSLIQ,2021-10-05,10495.8108
FSLIQ,2021-10-06,10498.2049
FSLIQ,2021-10-07,10500.7802
FSLIQ,2021-10-08,10505.4579
FSLIQ,2021-10-11,10508.8825
FSLIQ,2021-10-12,10511.8701
FSLIQ,2021-10-13,10515.0412
FSLIQ,2021-10-14,10517.3876
FSLIQ,2021-10-15,10519.8432
FSLIQ,2021-10-18,10523.1035
FSLIQ,2021-10-19,10528.2448
FSLIQ,2021-10-20,10529.3882
FSLIQ,2021-10-21,10532.3437
FSLIQ,2021-10-22,10534.0285
FSLIQ,2021-10-25,10538.7707
FSLIQ,2021-10-26,10542.6048
FSLIQ,2021-10-27,10544.6580
FSLIQ,2021-10-28,10547.1201
FSLIQ,2021-10-29,10550.3337
FSLIQ,2021-11-01,10553.8339
FSLIQ,2021-11-02,10556.3252
FSLIQ,2021-11-03,10558.6390
FSLIQ,2021-11-04,10560.9590
FSLIQ,2021-11-05,10562.8924
FSLIQ,2021-11-08,10565.9001
FSLIQ,2021-11-09,10568.8597
FSLIQ,2021-11-10,10571.0294
FSLIQ,2021-11-11,10572.9671
FSLIQ,2021-11-12,10576.2538
FSLIQ,2021-11-15,10578.9045
FSLIQ,2021-11-16,10581.4347
FSLIQ,2021-11-17,10583.9223
FSLIQ,2021-11-18,10585.2903
FSLIQ,2021-11-19,10589.6192
FSLIQ,2021-11-22,10592.4821
FSLIQ,2021-11-23,10594.9076
FSLIQ,2021-11-24,10598.2572
FSLIQ,2021-11-25,10602.3056
FSLIQ,2021-11-26,10604.2903
FSLIQ,2021-11-29,10607.2689
FSLIQ,2021-11-30,10609.5822
FSLIQ,2021-12-01,10612.8837
FSLIQ,2021-12-02,10614.6722
FSLIQ,2021-12-03,10617.6802
FSLIQ,2021-12-06,10620.5118
FSLIQ,2021-12-07,10623.0106
FSLIQ,2021-12-08,10624.9708
FSLIQ,2021-12-09,10626.6871
FSLIQ,2021-12-10,10628.4709
FSLIQ,2021-12-13,10632.4648
FSLIQ,2021-12-14,10636.1197
FSLIQ,2021-12-15,10637.7465
FSLIQ,2021-12-16,10641.6860
FSLIQ,2021-12-17,10644.6610
FSLIQ,2021-12-20,10647.3098
FSLIQ,2021-12-21,10649.4552
FSLIQ,2021-12-22,10653.5168
FSLIQ,2021-12-23,10656.9249
FSLIQ,2021-12-24,10660.9528
FSLIQ,2021-12-27,10665.1143
FSLIQ,2021-12-28,10669.1643
FSLIQ,2021-12-29,10672.5530
FSLIQ,2021-12-30,10674.4210
FSLIQ,2021-12-31,10677.6618
FSLIQ,2022-01-03,10681.1218
FSLIQ,2022-01-04,10682.3212
FSLIQ,2022-01-05,10686.2339
FSLIQ,2022-01-06,10688.3456
FSLIQ,2022-01-07,10691.9902
FSLIQ,2022-01-10,10692.5874
FSLIQ,2022-01-11,10696.5228
FSLIQ,2022-01-12,10698.8843
FSLIQ,2022-01-13,10700.1650
FSLIQ,2022-01-14,10702.2560
FSLIQ,2022-01-17,10703.9629
FSLIQ,2022-01-18,10706.9631
FSLIQ,2022-01-19,10710.6377
FSLIQ,2022-01-20,10713.1054
FSLIQ,2022-01-21,10716.7525
FSLIQ,2022-01-24,10721.1256
FSLIQ,2022-01-25,10726.1454
FSLIQ,2022-01-26,10729.6985
FSLIQ,2022-01-27,10731.8601
FSLIQ,2022-01-28,10734.0765
FSLIQ,2022-01-31,10738.1641
FSLIQ,2022-02-01,10740.9589
FSLIQ,2022-02-02,10743.3519
FSLIQ,2022-02-03,10746.4797
FSLIQ,2022-02-04,10749.1506
FSLIQ,2022-02-07,10752.4680
FSLIQ,2022-02-08,10754.8566
FSLIQ,2022-02-09,10756.7019
FSLIQ,2022-02-10,10758.2027
FSLIQ,2022-02-11,10760.2875
FSLIQ,2022-02-14,10763.8230
FSLIQ,2022-02-15,10765.8204
FSLIQ,2022-02-16,10769.2568
FSLIQ,2022-02-17,10773.2735
FSLIQ,2022-02-18,10776.6907
FSLIQ,2022-02-21,10780.6814
FSLIQ,2022-02-22,10783.3791
FSLIQ,2022-02-23,10786.3519
FSLIQ,2022-02-24,10789.6763
FSLIQ,2022-02-25,10791.2451
FSLIQ,2022-02-28,10793.0474
FSLIQ,2022-03-01,10795.9544
FSLIQ,2022-03-02,10797.5563
FSLIQ,2022-03-03,10800.6146
FSLIQ,2022-03-04,10804.0842
FSLIQ,2022-03-07,10806.5355
FSLIQ,2022-03-08,10809.3759
FSLIQ,2022-03-09,10811.7176
FSLIQ,2022-03-10,10813.3471
FSLIQ,2022-03-11,10816.8587
FSLIQ,2022-03-14,10819.2625
FSLIQ,2022-03-15,10821.3672
FSLIQ,2022-03-16,10824.6132
FSLIQ,2022-03-17,10827.6657
FSLIQ,2022-03-18,10830.3453
FSLIQ,2022-03-21,10834.2621
FSLIQ,2022-03-22,10836.8412
FSLIQ,2022-03-23,10841.0945
FSLIQ,2022-03-24,10843.2818
FSLIQ,2022-03-25,10847.0553
FSLIQ,2022-03-28,10849.7455
FSLIQ,2022-03-29,10852.3143
FSLIQ,2022-03-30,10854.9847
FSLIQ,2022-03-31,10857.3902
FSLIQ,2022-04-01,10860.5484
FSLIQ,2022-04-04,10862.8613
FSLIQ,2022-04-05,10866.1334
FSLIQ,2022-04-06,10869.2198
FSLIQ,2022-04-07,10874.6843
FSLIQ,2022-04-08,10877.0908
FSLIQ,2022-04-11,10880.6899
FSLIQ,2022-04-12,10883.0105
FSLIQ,2022-04-13,10887.3161
FSLIQ,2022-04-14,10889.1578
FSLIQ,2022-04-15,10891.8389
FSLIQ,2022-04-18,10894.8018
FSLIQ,2022-04-19,10896.9554
FSLIQ,2022-04-20,10899.8077
FSLIQ,2022-04-21,10905.0951
FSLIQ,2022-04-22,10909.3758
FSLIQ,2022-04-25,10910.4235
FSLIQ,2022-04-26,10912.4775
FSLIQ,2022-04-27,10914.2765
FSLIQ,2022-04-28,10916.4858
FSLIQ,2022-04-29,10919.5080
FSLIQ,2022-05-02,10920.4238
FSLIQ,2022-05-03,10922.7514
FSLIQ,2022-05-04,10924.8913
FSLIQ,2022-05-05,10927.1031
FSLIQ,2022-05-06,10930.3829
FSLIQ,2022-05-09,10935.1760
FSLIQ,2022-05-10,10939.7593
FSLIQ,2022-05-11,10943.8831
FSLIQ,2022-05-12,10947.8463
FSLIQ,2022-05-13,10949.6883
FSLIQ,2022-05-16,10952.1985
FSLIQ,2022-05-17,10957.7170
FSLIQ,2022-05-18,10961.2342
FSLIQ,2022-05-19,10965.5379
FSLIQ,2022-05-20,10969.3492
FSLIQ,2022-05-23,10972.7092
FSLIQ,2022-05-24,10974.4461
FSLIQ,2022-05-25,10977.6245
FSLIQ,2022-05-26,10980.9209
FSLIQ,2022-05-27,10983.7602
FSLIQ,2022-05-30,10985.8188
FSLIQ,2022-05-31,10988.4279
FSLIQ,2022-06-01,10992.4371
FSLIQ,2022-06-02,10994.6305
FSLIQ,2022-06-03,10995.9569
FSLIQ,2022-06-06,10998.4176
FSLIQ,2022-06-07,11001.1985
FSLIQ,2022-06-08,11004.1315
FSLIQ,2022-06-09,11006.2115
FSLIQ,2022-06-10,11008.4277
FSLIQ,2022-06-13,11011.5536
FSLIQ,2022-06-14,11015.0440
FSLIQ,2022-06-15,11016.5950
FSLIQ,2022-06-16,11018.8592
FSLIQ,2022-06-17,11022.3562
FSLIQ,2022-06-20,11024.5905
FSLIQ,2022-06-21,11027.6870
FSLIQ,2022-06-22,11027.8106
FSLIQ,2022-06-23,11031.2712
FSLIQ,2022-06-24,11033.9570
FSLIQ,2022-06-27,11038.5631
FSLIQ,2022-06-28,11040.9692
FSLIQ,2022-06-29,11043.1631
FSLIQ,2022-06-30,11047.2109
FSLIQ,2022-07-01,11048.6484
FSLIQ,2022-07-04,11050.5755
FSLIQ,2022-07-05,11053.6223
FSLIQ,2022-07-06,11056.7404
FSLIQ,2022-07-07,11057.7851
FSLIQ,2022-07-08,11060.2530
FSLIQ,2022-07-11,11062.8101
FSLIQ,2022-07-12,11067.1296
FSLIQ,2022-07-13,11068.5439
FSLIQ,2022-07-14,11073.0266
FSLIQ,2022-07-15,11075.8806
FSLIQ,2022-07-18,11078.7802
FSLIQ,2022-07-19,11081.6108
FSLIQ,2022-07-20,11083.1276
FSLIQ,2022-07-21,11085.0052
FSLIQ,2022-07-22,11087.7856
FSLIQ,2022-07-25,11090.3907
FSLIQ,2022-07-26,11092.5649
FSLIQ,2022-07-27,11095.8724
FSLIQ,2022-07-28,11097.4923
FSLIQ,2022-07-29,11099.8465
FSLIQ,2022-08-01,11102.9236
FSLIQ,2022-08-02,11104.5168
FSLIQ,2022-08-03,11105.8242
FSLIQ,2022-08-04,11107.5432
FSLIQ,2022-08-05,11108.4989
FSLIQ,2022-08-08,11109.6807
FSLIQ,2022-08-09,11111.6637
FSLIQ,2022-08-10,11113.3800
FSLIQ,2022-08-11,11113.8778
FSLIQ,2022-08-12,11117.6171
FSLIQ,2022-08-15,11118.8031
FSLIQ,2022-08-16,11122.2440
FSLIQ,2022-08-17,11124.2290
FSLIQ,2022-08-18,11126.6919
FSLIQ,2022-08-19,11129.0946
FSLIQ,2022-08-22,11132.0799
FSLIQ,2022-08-23,11135.0226
FSLIQ,2022-08-24,11138.2659
FSLIQ,2022-08-25,11141.2932
FSLIQ,2022-08-26,11143.3440
FSLIQ,2022-08-29,11147.1397
FSLIQ,2022-08-30,11149.4374
FSLIQ,2022-08-31,11152.0747
FSLIQ,2022-09-01,11155.7999
FSLIQ,2022-09-02,11158.8537
FSLIQ,2022-09-05,11160.4157
FSLIQ,2022-09-06,11163.9375
FSLIQ,2022-09-07,11165.2911
FSLIQ,2022-09-08,11167.1910
FSLIQ,2022-09-09,11169.0836
FSLIQ,2022-09-12,11170.9849
FSLIQ,2022-09-13,11173.3356
FSLIQ,2022-09-14,11175.4300
FSLIQ,2022-09-15,11178.5126
FSLIQ,2022-09-16,11180.2278
FSLIQ,2022-09-19,11183.6210
FSLIQ,2022-09-20,11185.2907
FSLIQ,2022-09-21,11187.0409
FSLIQ,2022-09-22,11190.3559
FSLIQ,2022-09-23,11192.3261
FSLIQ,2022-09-26,11194.6151
FSLIQ,2022-09-27,11198.9451
FSLIQ,2022-09-28,11203.3145
FSLIQ,2022-09-29,11206.8544
FSLIQ,2022-09-30,11210.0977
FSLIQ,2022-10-03,11213.7561
FSLIQ,2022-10-04,11216.4791
FSLIQ,2022-10-05,11219.2858
FSLIQ,2022-10-06,11222.1914
FSLIQ,2022-10-07,11222.0810
FSLIQ,2022-10-10,11225.6327
FSLIQ,2022-10-11,11229.6195
FSLIQ,2022-10-12,11232.1545
FSLIQ,2022-10-13,11234.8352
FSLIQ,2022-10-14,11235.3005
FSLIQ,2022-10-17,11237.0800
FSLIQ,2022-10-18,11239.2705
FSLIQ,2022-10-19,11241.1668
FSLIQ,2022-10-20,11245.1769
FSLIQ,2022-10-21,11247.8405
FSLIQ,2022-10-24,11249.8610
FSLIQ,2022-10-25,11252.7969
FSLIQ,2022-10-26,11255.7858
FSLIQ,2022-10-27,11260.8710
FSLIQ,2022-10-28,11263.6645
FSLIQ,2022-10-31,11266.8527
FSLIQ,2022-11-01,11269.6552
FSLIQ,2022-11-02,11272.6674
FSLIQ,2022-11-03,11275.8659
FSLIQ,2022-11-04,11277.6077
FSLIQ,2022-11-07,11279.2197
FSLIQ,2022-11-08,11281.9242
FSLIQ,2022-11-09,11283.4919
FSLIQ,2022-11-10,11285.4835
FSLIQ,2022-11-11,11287.2761
FSLIQ,2022-11-14,11289.5867
FSLIQ,2022-11-15,11291.2754
FSLIQ,2022-11-16,11294.6578
FSLIQ,2022-11-17,11298.1517
FSLIQ,2022-11-18,11300.5053
FSLIQ,2022-11-21,11303.7513
FSLIQ,2022-11-22,11304.9746
FSLIQ,2022-11-23,11306.5450
FSLIQ,2022-11-24,11309.6559
FSLIQ,2022-11-25,11313.3382
FSLIQ,2022-11-28,11317.9368
FSLIQ,2022-11-29,11319.1865
FSLIQ,2022-11-30,11322.9927
FSLIQ,2022-12-01,11323.2231
FSLIQ,2022-12-02,11325.0102
FSLIQ,2022-12-05,11328.0890
FSLIQ,2022-12-06,11330.6558
FSLIQ,2022-12-07,11333.8426
FSLIQ,2022-12-08,11335.2303
FSLIQ,2022-12-09,11337.5967
FSLIQ,2022-12-12,11338.5870
FSLIQ,2022-12-13,11340.5922
FSLIQ,2022-12-14,11343.0948
FSLIQ,2022-12-15,11348.7859
FSLIQ,2022-12-16,11351.5743
FSLIQ,2022-12-19,11354.6152
FSLIQ,2022-12-20,11356.6414
FSLIQ,2022-12-21,11360.0909
FSLIQ,2022-12-22,11362.2458
FSLIQ,2022-12-23,11364.8103
FSLIQ,2022-12-26,11367.0767
FSLIQ,2022-12-27,11368.8243
FSLIQ,2022-12-28,11371.0830
FSLIQ,2022-12-29,11374.1918
FSLIQ,2022-12-30,11375.7891
FSLIQ,2023-01-02,11379.2612
FSLIQ,2023-01-03,11382.4107
FSLIQ,2023-01-04,11385.6058
FSLIQ,2023-01-05,11388.5220
FSLIQ,2023-01-06,11392.3474
FSLIQ,2023-01-09,11394.9777
FSLIQ,2023-01-10,11397.6148
FSLIQ,2023-01-11,11399.7461
FSLIQ,2023-01-12,11403.1533
FSLIQ,2023-01-13,11404.5871
FSLIQ,2023-01-16,11406.5023
FSLIQ,2023-01-17,11409.5657
FSLIQ,2023-01-18,11413.1563
FSLIQ,2023-01-19,11417.0804
FSLIQ,2023-01-20,11419.8813
FSLIQ,2023-01-23,11419.8200
FSLIQ,2023-01-24,11422.2734
FSLIQ,2023-01-25,11424.5793
FSLIQ,2023-01-26,11427.9687
FSLIQ,2023-01-27,11432.4328
FSLIQ,2023-01-30,11433.9766
FSLIQ,2023-01-31,11434.9841
FSLIQ,2023-02-01,11438.7672
FSLIQ,2023-02-02,11442.5012
FSLIQ,2023-02-03,11445.2847
FSLIQ,2023-02-06,11447.8680
FSLIQ,2023-02-07,11449.7935
FSLIQ,2023-02-08,11453.4526
FSLIQ,2023-02-09,11457.0379
FSLIQ,2023-02-10,11459.9602
FSLIQ,2023-02-13,11463.9574
FSLIQ,2023-02-14,11466.1165
FSLIQ,2023-02-15,11469.8783
FSLIQ,2023-02-16,11473.0739
FSLIQ,2023-02-17,11473.4015
FSLIQ,2023-02-20,11476.1400
FSLIQ,2023-02-21,11479.5256
FSLIQ,2023-02-22,11483.1410
FSLIQ,2023-02-23,11485.6407
FSLIQ,2023-02-24,11488.0490
FSLIQ,2023-02-27,11490.3949
FSLIQ,2023-02-28,11493.6030
FSLIQ,2023-03-01,11499.4185
FSLIQ,2023-03-02,11504.7115
FSLIQ,2023-03-03,11506.7159
FSLIQ,2023-03-06,11509.2868
FSLIQ,2023-03-07,11512.7266
FSLIQ,2023-03-08,11515.8676
FSLIQ,2023-03-09,11516.2759
FSLIQ,2023-03-10,11518.8807
FSLIQ,2023-03-13,11521.3348
FSLIQ,2023-03-14,11523.8478
FSLIQ,2023-03-15,11528.2586
FSLIQ,2023-03-16,11529.3174
FSLIQ,2023-03-17,11531.3568
FSLIQ,2023-03-20,11535.3590
FSLIQ,2023-03-21,11535.3655
FSLIQ,2023-03-22,11537.5740
FSLIQ,2023-03-23,11539.4122
FSLIQ,2023-03-24,11543.7076
FSLIQ,2023-03-27,11546.8267
FSLIQ,2023-03-28,11552.1437
FSLIQ,2023-03-29,11554.9002
FSLIQ,2023-03-30,11558.1180
FSLIQ,2023-03-31,11560.7017
FSLIQ,2023-04-03,11563.9416
FSLIQ,2023-04-04,11564.2191
FSLIQ,2023-04-05,11567.2129
FSLIQ,2023-04-06,11571.6075
FSLIQ,2023-04-07,11574.7006
FSLIQ,2023-04-10,11577.1366
FSLIQ,2023-04-11,11579.7444
FSLIQ,2023-04-12,11584.0358
FSLIQ,2023-04-13,11585.4495
FSLIQ,2023-04-14,11587.5004
FSLIQ,2023-04-17,11590.1938
FSLIQ,2023-04-18,11592.2962
FSLIQ,2023-04-19,11594.8737
FSLIQ,2023-04-20,11598.0773
FSLIQ,2023-04-21,11599.7865
FSLIQ,2023-04-24,11602.1104
FSLIQ,2023-04-25,11605.1612
FSLIQ,2023-04-26,11607.5320
FSLIQ,2023-04-27,11611.7985
FSLIQ,2023-04-28,11614.7501
FSLIQ,2023-05-01,11618.4527
FSLIQ,2023-05-02,11619.5762
FSLIQ,2023-05-03,11621.3103
FSLIQ,2023-05-04,11623.2503
FSLIQ,2023-05-05,11627.3600
FSLIQ,2023-05-08,11631.5441
FSLIQ,2023-05-09,11634.6071
FSLIQ,2023-05-10,11636.9725
FSLIQ,2023-05-11,11640.8923
FSLIQ,2023-05-12,11642.4329
FSLIQ,2023-05-15,11646.7108
FSLIQ,2023-05-16,11650.5381
FSLIQ,2023-05-17,11654.0943
FSLIQ,2023-05-18,11657.1075
FSLIQ,2023-05-19,11661.0133
FSLIQ,2023-05-22,11664.7137
FSLIQ,2023-05-23,11668.7987
FSLIQ,2023-05-24,11670.4106
FSLIQ,2023-05-25,11674.6172
FSLIQ,2023-05-26,11677.3598
FSLIQ,2023-05-29,11681.0514
FSLIQ,2023-05-30,11684.2096
FSLIQ,2023-05-31,11686.8545
FSLIQ,2023-06-01,11690.4251
FSLIQ,2023-06-02,11693.0237
FSLIQ,2023-06-05,11696.4481
FSLIQ,2023-06-06,11699.5102
FSLIQ,2023-06-07,11702.6893
FSLIQ,2023-06-08,11705.3382
FSLIQ,2023-06-09,11708.9654
FSLIQ,2023-06-12,11711.3259
FSLIQ,2023-06-13,11714.1589
FSLIQ,2023-06-14,11717.7784
FSLIQ,2023-06-15,11721.6209
FSLIQ,2023-06-16,11726.6103
FSLIQ,2023-06-19,11730.7802
FSLIQ,2023-06-20,11732.2865
FSLIQ,2023-06-21,11735.7406
FSLIQ,2023-06-22,11739.1158
FSLIQ,2023-06-23,11741.9451
FSLIQ,2023-06-26,11745.3821
FSLIQ,2023-06-27,11748.9183
FSLIQ,2023-06-28,11752.1851
FSLIQ,2023-06-29,11756.4260
FSLIQ,2023-06-30,11759.2097
FSLIQ,2023-07-03,11762.1741
FSLIQ,2023-07-04,11766.2338
FSLIQ,2023-07-05,11769.7622
FSLIQ,2023-07-06,11773.9428
FSLIQ,2023-07-07,11777.1209
FSLIQ,2023-07-10,11780.2082
FSLIQ,2023-07-11,11782.7634
FSLIQ,2023-07-12,11785.3970
FSLIQ,2023-07-13,11786.3910
FSLIQ,2023-07-14,11790.8526
FSLIQ,2023-07-17,11794.8345
FSLIQ,2023-07-18,11798.7653
FSLIQ,2023-07-19,11802.4160
FSLIQ,2023-07-20,11806.1734
FSLIQ,2023-07-21,11810.7836
FSLIQ,2023-07-24,11812.8448
FSLIQ,2023-07-25,11816.0901
FSLIQ,2023-07-26,11816.7862
FSLIQ,2023-07-27,11818.8313
FSLIQ,2023-07-28,11821.6182
FSLIQ,2023-07-31,11824.1084
FSLIQ,2023-08-01,11827.4803
FSLIQ,2023-08-02,11831.4465
FSLIQ,2023-08-03,11835.0162
FSLIQ,2023-08-04,11836.1228
FSLIQ,2023-08-07,11839.5951
FSLIQ,2023-08-08,11841.2969
FSLIQ,2023-08-09,11842.7036
FSLIQ,2023-08-10,11845.4540
FSLIQ,2023-08-11,11847.7603
FSLIQ,2023-08-14,11850.5214
FSLIQ,2023-08-15,11852.0969
FSLIQ,2023-08-16,11856.3429
FSLIQ,2023-08-17,11861.7096
FSLIQ,2023-08-18,11865.1601
FSLIQ,2023-08-21,11867.8531
FSLIQ,2023-08-22,11872.7314
FSLIQ,2023-08-23,11875.8614
FSLIQ,2023-08-24,11879.3603
FSLIQ,2023-08-25,11882.3860
FSLIQ,2023-08-28,11885.4854
FSLIQ,2023-08-29,11887.6863
FSLIQ,2023-08-30,11890.4817
FSLIQ,2023-08-31,11892.4990
FSLIQ,2023-09-01,11896.0942
FSLIQ,2023-09-04,11899.4166
FSLIQ,2023-09-05,11902.9010
FSLIQ,2023-09-06,11905.7654
FSLIQ,2023-09-07,11907.6462
FSLIQ,2023-09-08,11911.7270
FSLIQ,2023-09-11,11914.2735
FSLIQ,2023-09-12,11919.7395
FSLIQ,2023-09-13,11924.5907
FSLIQ,2023-09-14,11925.9852
FSLIQ,2023-09-15,11931.6496
FSLIQ,2023-09-18,11934.5334
FSLIQ,2023-09-19,11937.7273
FSLIQ,2023-09-20,11939.7603
FSLIQ,2023-09-21,11944.2526
FSLIQ,2023-09-22,11944.9803
FSLIQ,2023-09-25,11947.6744
FSLIQ,2023-09-26,11950.9121
FSLIQ,2023-09-27,11954.1608
FSLIQ,2023-09-28,11956.6525
FSLIQ,2023-09-29,11959.5129
FSLIQ,2023-10-02,11961.3507
FSLIQ,2023-10-03,11964.1691
FSLIQ,2023-10-04,11965.4312
FSLIQ,2023-10-05,11968.9885
FSLIQ,2023-10-06,11971.4357
FSLIQ,2023-10-09,11974.7456
FSLIQ,2023-10-10,11978.1405
FSLIQ,2023-10-11,11980.2783
FSLIQ,2023-10-12,11983.4395
FSLIQ,2023-10-13,11985.7398
FSLIQ,2023-10-16,11987.8844
FSLIQ,2023-10-17,11991.1423
FSLIQ,2023-10-18,11992.5671
FSLIQ,2023-10-19,11993.5615
FSLIQ,2023-10-20,11995.7579
FSLIQ,2023-10-23,11999.7458
FSLIQ,2023-10-24,12001.0518
FSLIQ,2023-10-25,12004.9218
FSLIQ,2023-10-26,12006.8944
FSLIQ,2023-10-27,12009.8295
FSLIQ,2023-10-30,12012.6927
FSLIQ,2023-10-31,12016.1848
FSLIQ,2023-11-01,12019.0202
FSLIQ,2023-11-02,12023.5506
FSLIQ,2023-11-03,12026.2793
FSLIQ,2023-11-06,12028.6050
FSLIQ,2023-11-07,12033.5118
FSLIQ,2023-11-08,12033.5272
FSLIQ,2023-11-09,12035.8688
FSLIQ,2023-11-10,12038.3936
FSLIQ,2023-11-13,12040.1926
FSLIQ,2023-11-14,12042.1350
FSLIQ,2023-11-15,12045.6801
FSLIQ,2023-11-16,12049.3801
FSLIQ,2023-11-17,12054.0457
FSLIQ,2023-11-20,12056.4369
FSLIQ,2023-11-21,12058.3012
FSLIQ,2023-11-22,12061.3084
FSLIQ,2023-11-23,12065.1577
FSLIQ,2023-11-24,12070.0648
FSLIQ,2023-11-27,12072.3600
FSLIQ,2023-11-28,12075.7951
FSLIQ,2023-11-29,12078.8136
FSLIQ,2023-11-30,12080.3807
FSLIQ,2023-12-01,12084.4835
FSLIQ,2023-12-04,12088.1772
FSLIQ,2023-12-05,12091.9221
FSLIQ,2023-12-06,12095.3141
FSLIQ,2023-12-07,12097.9398
FSLIQ,2023-12-08,12102.7056
FSLIQ,2023-12-11,12106.0397
FSLIQ,2023-12-12,12108.4380
FSLIQ,2023-12-13,12112.2219
FSLIQ,2023-12-14,12115.3830
FSLIQ,2023-12-15,12118.9081
FSLIQ,2023-12-18,12121.6552
FSLIQ,2023-12-19,12125.7550
FSLIQ,2023-12-20,12129.9118
FSLIQ,2023-12-21,12133.0655
FSLIQ,2023-12-22,12137.4691
FSLIQ,2023-12-25,12139.8727
FSLIQ,2023-12-26,12144.1807
FSLIQ,2023-12-27,12147.9197
FSLIQ,2023-12-28,12151.2754
FSLIQ,2023-12-29,12153.3604
FSLIQ,2024-01-01,12157.0354
FSLIQ,2024-01-02,12160.1286
FSLIQ,2024-01-03,12163.6138
FSLIQ,2024-01-04,12163.0379
FSLIQ,2024-01-05,12166.7505
FSLIQ,2024-01-08,12168.7779
FSLIQ,2024-01-09,12169.9687
FSLIQ,2024-01-10,12173.5378
FSLIQ,2024-01-11,12177.0967
FSLIQ,2024-01-12,12179.6401
FSLIQ,2024-01-15,12184.4648
FSLIQ,2024-01-16,12188.3881
FSLIQ,2024-01-17,12192.1358
FSLIQ,2024-01-18,12194.9178
FSLIQ,2024-01-19,12197.9250
FSLIQ,2024-01-22,12202.5614
FSLIQ,2024-01-23,12204.8735
FSLIQ,2024-01-24,12207.8303
FSLIQ,2024-01-25,12211.8044
FSLIQ,2024-01-26,12214.6083
FSLIQ,2024-01-29,12219.2023
FSLIQ,2024-01-30,12223.3240
FSLIQ,2024-01-31,12227.9864
FSLIQ,2024-02-01,12229.3451
FSLIQ,2024-02-02,12231.7602
FSLIQ,2024-02-05,12233.9079
FSLIQ,2024-02-06,12236.1520
FSLIQ,2024-02-07,12240.0953
FSLIQ,2024-02-08,12242.6647
FSLIQ,2024-02-09,12247.1501
FSLIQ,2024-02-12,12249.8251
FSLIQ,2024-02-13,12254.3282
FSLIQ,2024-02-14,12257.0796
FSLIQ,2024-02-15,12259.8695
FSLIQ,2024-02-16,12264.7835
FSLIQ,2024-02-19,12267.4114
FSLIQ,2024-02-20,12270.3789
FSLIQ,2024-02-21,12273.0239
FSLIQ,2024-02-22,12275.4943
FSLIQ,2024-02-23,12280.2442
FSLIQ,2024-02-26,12281.6735
FSLIQ,2024-02-27,12283.4049
FSLIQ,2024-02-28,12288.3171
FSLIQ,2024-02-29,12291.5548
FSLIQ,2024-03-01,12294.0608
FSLIQ,2024-03-04,12297.5152
FSLIQ,2024-03-05,12301.2688
FSLIQ,2024-03-06,12305.7464
FSLIQ,2024-03-07,12310.6286
FSLIQ,2024-03-08,12315.0177
FSLIQ,2024-03-11,12319.1188
FSLIQ,2024-03-12,12320.6877
FSLIQ,2024-03-13,12323.1536
FSLIQ,2024-03-14,12328.5960
FSLIQ,2024-03-15,12331.5685
FSLIQ,2024-03-18,12336.1951
FSLIQ,2024-03-19,12337.4283
FSLIQ,2024-03-20,12340.2386
FSLIQ,2024-03-21,12341.2029
FSLIQ,2024-03-22,12345.2196
FSLIQ,2024-03-25,12348.1849
FSLIQ,2024-03-26,12353.3385
FSLIQ,2024-03-27,12355.9777
FSLIQ,2024-03-28,12357.7850
FSLIQ,2024-03-29,12361.5064
FSLIQ,2024-04-01,12364.3160
FSLIQ,2024-04-02,12366.3068
FSLIQ,2024-04-03,12369.9507
FSLIQ,2024-04-04,12372.9913
FSLIQ,2024-04-05,12377.5797
FSLIQ,2024-04-08,12380.1453
FSLIQ,2024-04-09,12384.9176
FSLIQ,2024-04-10,12387.8278
FSLIQ,2024-04-11,12393.4221
FSLIQ,2024-04-12,12395.2911
FSLIQ,2024-04-15,12397.5802
FSLIQ,2024-04-16,12402.7346
FSLIQ,2024-04-17,12405.9390
FSLIQ,2024-04-18,12408.9490
FSLIQ,2024-04-19,12413.9685
FSLIQ,2024-04-22,12416.9253
FSLIQ,2024-04-23,12420.3017
FSLIQ,2024-04-24,12423.3802
FSLIQ,2024-04-25,12424.3975
FSLIQ,2024-04-26,12426.7068
FSLIQ,2024-04-29,12428.9796
FSLIQ,2024-04-30,12430.9198
FSLIQ,2024-05-01,12435.8442
FSLIQ,2024-05-02,12440.3637
FSLIQ,2024-05-03,12441.9858
FSLIQ,2024-05-06,12443.8255
FSLIQ,2024-05-07,12447.6707
FSLIQ,2024-05-08,12450.2505
FSLIQ,2024-05-09,12453.6200
FSLIQ,2024-05-10,12456.9845
FSLIQ,2024-05-13,12458.2892
FSLIQ,2024-05-14,12460.6477
FSLIQ,2024-05-15,12462.5900
FSLIQ,2024-05-16,12464.4748
FSLIQ,2024-05-17,12464.8496
FSLIQ,2024-05-20,12468.9378
FSLIQ,2024-05-21,12470.9458
FSLIQ,2024-05-22,12476.7671
FSLIQ,2024-05-23,12480.5563
FSLIQ,2024-05-24,12483.1821
FSLIQ,2024-05-27,12485.6229
FSLIQ,2024-05-28,12488.4147
FSLIQ,2024-05-29,12492.6133
FSLIQ,2024-05-30,12498.0026
FSLIQ,2024-05-31,12503.9491
FSLIQ,2024-06-03,12505.5213
FSLIQ,2024-06-04,12507.7656
FSLIQ,2024-06-05,12510.6723
FSLIQ,2024-06-06,12514.9167
FSLIQ,2024-06-07,12517.7259
FSLIQ,2024-06-10,12521.2941
FSLIQ,2024-06-11,12524.1268
FSLIQ,2024-06-12,12528.2877
FSLIQ,2024-06-13,12530.5891
FSLIQ,2024-06-14,12531.9340
FSLIQ,2024-06-17,12534.2732
FSLIQ,2024-06-18,12536.8735
FSLIQ,2024-06-19,12540.3916
FSLIQ,2024-06-20,12544.7066
FSLIQ,2024-06-21,12548.5720
FSLIQ,2024-06-24,12552.5091
FSLIQ,2024-06-25,12555.6453
FSLIQ,2024-06-26,12557.8229
FSLIQ,2024-06-27,12563.4232
FSLIQ,2024-06-28,12565.0430
FSLIQ,2024-07-01,12568.1961
FSLIQ,2024-07-02,12570.1960
FSLIQ,2024-07-03,12571.6789
FSLIQ,2024-07-04,12574.9576
FSLIQ,2024-07-05,12578.2931
FSLIQ,2024-07-08,12583.1336
FSLIQ,2024-07-09,12587.2132
FSLIQ,2024-07-10,12590.8500
FSLIQ,2024-07-11,12594.4789
FSLIQ,2024-07-12,12597.2337
FSLIQ,2024-07-15,12601.9249
FSLIQ,2024-07-16,12605.9310
FSLIQ,2024-07-17,12607.1289
FSLIQ,2024-07-18,12612.3605
FSLIQ,2024-07-19,12615.8989
FSLIQ,2024-07-22,12619.1847
FSLIQ,2024-07-23,12621.0195
FSLIQ,2024-07-24,12624.9956
FSLIQ,2024-07-25,12628.9738
FSLIQ,2024-07-26,12631.8165
FSLIQ,2024-07-29,12635.9108
FSLIQ,2024-07-30,12638.0187
FSLIQ,2024-07-31,12639.5599
FSLIQ,2024-08-01,12642.2168
FSLIQ,2024-08-02,12647.2562
FSLIQ,2024-08-05,12650.4468
FSLIQ,2024-08-06,12653.6064
FSLIQ,2024-08-07,12658.5929
FSLIQ,2024-08-08,12663.1195
FSLIQ,2024-08-09,12668.0194
FSLIQ,2024-08-12,12671.7173
FSLIQ,2024-08-13,12674.7142
FSLIQ,2024-08-14,12681.6627
FSLIQ,2024-08-15,12685.5292
FSLIQ,2024-08-16,12689.4747
FSLIQ,2024-08-19,12691.0405
FSLIQ,2024-08-20,12692.7412
FSLIQ,2024-08-21,12695.5018
FSLIQ,2024-08-22,12698.5774
FSLIQ,2024-08-23,12700.6662
FSLIQ,2024-08-26,12703.2562
FSLIQ,2024-08-27,12706.6430
FSLIQ,2024-08-28,12710.3395
FSLIQ,2024-08-29,12715.1411
FSLIQ,2024-08-30,12716.0713
FSLIQ,2024-09-02,12719.1393
FSLIQ,2024-09-03,12722.1341
FSLIQ,2024-09-04,12723.9494
FSLIQ,2024-09-05,12726.1879
FSLIQ,2024-09-06,12729.4955
FSLIQ,2024-09-09,12735.6721
FSLIQ,2024-09-10,12739.6630
FSLIQ,2024-09-11,12742.8023
FSLIQ,2024-09-12,12745.6459
FSLIQ,2024-09-13,12747.7998
FSLIQ,2024-09-16,12749.7667
FSLIQ,2024-09-17,12752.5492
FSLIQ,2024-09-18,12755.3198
FSLIQ,2024-09-19,12757.9192
FSLIQ,2024-09-20,12760.3831
FSLIQ,2024-09-23,12763.8875
FSLIQ,2024-09-24,12768.6832
FSLIQ,2024-09-25,12774.0478
FSLIQ,2024-09-26,12777.1084
FSLIQ,2024-09-27,12780.4859
FSLIQ,2024-09-30,12784.2119
FSLIQ,2024-10-01,12786.9588
FSLIQ,2024-10-02,12790.4843
FSLIQ,2024-10-03,12794.8201
FSLIQ,2024-10-04,12796.6338
FSLIQ,2024-10-07,12798.2258
FSLIQ,2024-10-08,12801.0869
FSLIQ,2024-10-09,12805.2430
FSLIQ,2024-10-10,12809.6713
FSLIQ,2024-10-11,12813.2950
FSLIQ,2024-10-14,12817.2879
FSLIQ,2024-10-15,12819.6304
FSLIQ,2024-10-16,12823.9197
FSLIQ,2024-10-17,12827.1249
FSLIQ,2024-10-18,12831.4103
FSLIQ,2024-10-21,12835.2395
FSLIQ,2024-10-22,12837.2244
FSLIQ,2024-10-23,12841.2716
FSLIQ,2024-10-24,12844.8722
FSLIQ,2024-10-25,12850.3004
FSLIQ,2024-10-28,12850.8275
FSLIQ,2024-10-29,12853.6683
FSLIQ,2024-10-30,12857.2795
FSLIQ,2024-10-31,12861.0198
FSLIQ,2024-11-01,12862.4364
FSLIQ,2024-11-04,12867.0366
FSLIQ,2024-11-05,12871.0211
FSLIQ,2024-11-06,12873.0598
FSLIQ,2024-11-07,12875.3263
FSLIQ,2024-11-08,12879.3247
FSLIQ,2024-11-11,12881.1557
FSLIQ,2024-11-12,12885.6897
FSLIQ,2024-11-13,12888.3287
FSLIQ,2024-11-14,12891.5597
FSLIQ,2024-11-15,12894.2066
FSLIQ,2024-11-18,12899.3183
FSLIQ,2024-11-19,12903.3635
FSLIQ,2024-11-20,12906.4438
FSLIQ,2024-11-21,12910.4706
FSLIQ,2024-11-22,12913.8548
FSLIQ,2024-11-25,12915.7470
FSLIQ,2024-11-26,12918.1621
FSLIQ,2024-11-27,12921.4031
FSLIQ,2024-11-28,12925.3048
FSLIQ,2024-11-29,12929.3300
FSLIQ,2024-12-02,12935.8072
FSLIQ,2024-12-03,12940.4921
FSLIQ,2024-12-04,12944.6507
FSLIQ,2024-12-05,12946.3377
FSLIQ,2024-12-06,12949.9505
FSLIQ,2024-12-09,12952.4128
FSLIQ,2024-12-10,12955.7565
FSLIQ,2024-12-11,12958.8030
FSLIQ,2024-12-12,12962.1772
FSLIQ,2024-12-13,12965.1657
FSLIQ,2024-12-16,12969.2846
FSLIQ,2024-12-17,12973.7143
FSLIQ,2024-12-18,12976.8162
FSLIQ,2024-12-19,12980.5007
FSLIQ,2024-12-20,12981.9412
FSLIQ,2024-12-23,12986.1650
FSLIQ,2024-12-24,12989.5368
FSLIQ,2024-12-25,12995.0737
FSLIQ,2024-12-26,12996.6041
FSLIQ,2024-12-27,12998.6553
FSLIQ,2024-12-30,13003.5604
FSLIQ,2024-12-31,13005.4537
FSLIQ,2025-01-01,13008.2341
FSLIQ,2025-01-02,13012.9048
FSLIQ,2025-01-03,13016.7944
FSLIQ,2025-01-06,13020.7879
FSLIQ,2025-01-07,13025.3770
FSLIQ,2025-01-08,13027.3267
FSLIQ,2025-01-09,13028.6580
FSLIQ,2025-01-10,13031.9148
FSLIQ,2025-01-13,13035.4765
FSLIQ,2025-01-14,13036.3580
FSLIQ,2025-01-15,13039.9370
FSLIQ,2025-01-16,13045.8633
FSLIQ,2025-01-17,13051.5233
FSLIQ,2025-01-20,13053.3026
FSLIQ,2025-01-21,13054.9864
FSLIQ,2025-01-22,13057.1470
FSLIQ,2025-01-23,13061.1900
FSLIQ,2025-01-24,13066.3615
FSLIQ,2025-01-27,13069.9975
FSLIQ,2025-01-28,13072.7435
FSLIQ,2025-01-29,13076.4953
FSLIQ,2025-01-30,13079.9508
FSLIQ,2025-01-31,13083.8589
FSLIQ,2025-02-03,13089.3857
FSLIQ,2025-02-04,13093.5413
FSLIQ,2025-02-05,13097.1036
FSLIQ,2025-02-06,13099.5429
FSLIQ,2025-02-07,13102.9800
FSLIQ,2025-02-10,13104.6078
FSLIQ,2025-02-11,13107.0135
FSLIQ,2025-02-12,13110.2269
FSLIQ,2025-02-13,13113.6048
FSLIQ,2025-02-14,13114.9442
FSLIQ,2025-02-17,13118.9462
FSLIQ,2025-02-18,13121.3218
FSLIQ,2025-02-19,13123.2860
FSLIQ,2025-02-20,13125.4771
FSLIQ,2025-02-21,13128.3311
FSLIQ,2025-02-24,13130.6405
FSLIQ,2025-02-25,13135.7211
FSLIQ,2025-02-26,13137.6308
FSLIQ,2025-02-27,13140.8710
FSLIQ,2025-02-28,13142.7106
FSLIQ,2025-03-03,13146.2119
FSLIQ,2025-03-04,13150.1617
FSLIQ,2025-03-05,13151.6688
FSLIQ,2025-03-06,13156.1802
FSLIQ,2025-03-07,13161.7333
FSLIQ,2025-03-10,13163.9473
FSLIQ,2025-03-11,13166.7267
FSLIQ,2025-03-12,13170.6989
FSLIQ,2025-03-13,13172.2561
FSLIQ,2025-03-14,13174.0021
FSLIQ,2025-03-17,13177.1060
FSLIQ,2025-03-18,13180.4469
FSLIQ,2025-03-19,13184.2713
FSLIQ,2025-03-20,13187.1581
FSLIQ,2025-03-21,13191.4398
FSLIQ,2025-03-24,13193.2963
FSLIQ,2025-03-25,13197.3685
FSLIQ,2025-03-26,13200.5694
FSLIQ,2025-03-27,13203.4256
FSLIQ,2025-03-28,13204.9071
FSLIQ,2025-03-31,13210.6043
FSLIQ,2025-04-01,13212.7229
FSLIQ,2025-04-02,13214.7929
FSLIQ,2025-04-03,13219.1007
FSLIQ,2025-04-04,13219.5556
FSLIQ,2025-04-07,13222.5075
FSLIQ,2025-04-08,13226.5206
FSLIQ,2025-04-09,13230.1462
FSLIQ,2025-04-10,13232.8322
FSLIQ,2025-04-11,13238.2350
FSLIQ,2025-04-14,13243.6758
FSLIQ,2025-04-15,13248.5565
FSLIQ,2025-04-16,13252.3515
FSLIQ,2025-04-17,13254.7457
FSLIQ,2025-04-18,13256.8862
FSLIQ,2025-04-21,13260.7634
FSLIQ,2025-04-22,13263.6564
FSLIQ,2025-04-23,13268.5839
FSLIQ,2025-04-24,13270.9827
FSLIQ,2025-04-25,13274.5008
FSLIQ,2025-04-28,13277.8578
FSLIQ,2025-04-29,13280.4741
FSLIQ,2025-04-30,13283.2155
FSLIQ,2025-05-01,13287.3293
FSLIQ,2025-05-02,13291.1200
FSLIQ,2025-05-05,13295.0314
FSLIQ,2025-05-06,13298.3683
FSLIQ,2025-05-07,13302.4992
FSLIQ,2025-05-08,13304.4673
FSLIQ,2025-05-09,13303.3731
FSLIQ,2025-05-12,13305.2507
FSLIQ,2025-05-13,13310.2700
FSLIQ,2025-05-14,13314.5656
FSLIQ,2025-05-15,13318.6317
FSLIQ,2025-05-16,13322.1676
FSLIQ,2025-05-19,13326.0313
FSLIQ,2025-05-20,13330.7829
FSLIQ,2025-05-21,13335.5631
FSLIQ,2025-05-22,13337.8364
FSLIQ,2025-05-23,13342.1013
FSLIQ,2025-05-26,13348.8390
FSLIQ,2025-05-27,13351.7925
FSLIQ,2025-05-28,13356.1751
FSLIQ,2025-05-29,13357.8061
FSLIQ,2025-05-30,13362.2666
FSLIQ,2025-06-02,13364.6611
FSLIQ,2025-06-03,13366.3606
FSLIQ,2025-06-04,13369.4178
FSLIQ,2025-06-05,13375.0405
FSLIQ,2025-06-06,13377.6728
FSLIQ,2025-06-09,13382.1537
FSLIQ,2025-06-10,13386.0276
FSLIQ,2025-06-11,13387.3592
FSLIQ,2025-06-12,13389.7188
FSLIQ,2025-06-13,13393.0101
FSLIQ,2025-06-16,13396.5350
FSLIQ,2025-06-17,13398.7904
FSLIQ,2025-06-18,13402.0120
FSLIQ,2025-06-19,13403.9616
FSLIQ,2025-06-20,13409.3093
FSLIQ,2025-06-23,13410.3642
FSLIQ,2025-06-24,13413.8494
FSLIQ,2025-06-25,13418.0826
FSLIQ,2025-06-26,13422.3029
FSLIQ,2025-06-27,13424.9346
FSLIQ,2025-06-30,13427.7310
FSLIQ,2025-07-01,13431.7583
FSLIQ,2025-07-02,13435.7611
FSLIQ,2025-07-03,13437.8281
FSLIQ,2025-07-04,13440.6423
FSLIQ,2025-07-07,13445.3205
FSLIQ,2025-07-08,13448.8568
FSLIQ,2025-07-09,13453.1736
FSLIQ,2025-07-10,13456.3158
FSLIQ,2025-07-11,13460.5281
FSLIQ,2025-07-14,13464.2160
FSLIQ,2025-07-15,13468.6772
FSLIQ,2025-07-16,13472.7323
FSLIQ,2025-07-17,13477.3630
FSLIQ,2025-07-18,13481.1474
FSLIQ,2025-07-21,13484.2304
FSLIQ,2025-07-22,13488.1143
FSLIQ,2025-07-23,13491.0756
FSLIQ,2025-07-24,13494.5369
FSLIQ,2025-07-25,13495.8284
FSLIQ,2025-07-28,13499.2826
FSLIQ,2025-07-29,13503.5472
FSLIQ,2025-07-30,13508.7836
FSLIQ,2025-07-31,13513.1814
FSLIQ,2025-08-01,13519.1615
FSLIQ,2025-08-04,13522.6251
FSLIQ,2025-08-05,13524.1775
FSLIQ,2025-08-06,13525.8220
FSLIQ,2025-08-07,13529.7849
FSLIQ,2025-08-08,13531.8738
FSLIQ,2025-08-11,13536.3533
FSLIQ,2025-08-12,13539.4834
FSLIQ,2025-08-13,13543.9891
FSLIQ,2025-08-14,13545.7916
FSLIQ,2025-08-15,13550.8858
FSLIQ,2025-08-18,13554.0408
FSLIQ,2025-08-19,13560.9329
FSLIQ,2025-08-20,13568.1753
FSLIQ,2025-08-21,13570.2560
FSLIQ,2025-08-22,13573.8639
FSLIQ,2025-08-25,13576.0912
FSLIQ,2025-08-26,13577.1605
FSLIQ,2025-08-27,13581.1691
FSLIQ,2025-08-28,13584.6025
FSLIQ,2025-08-29,13589.5616
FSLIQ,2025-09-01,13591.0596
FSLIQ,2025-09-02,13595.6660
FSLIQ,2025-09-03,13598.9514
FSLIQ,2025-09-04,13601.9645
FSLIQ,2025-09-05,13604.7799
FSLIQ,2025-09-08,13607.8634
FSLIQ,2025-09-09,13612.0236
FSLIQ,2025-09-10,13614.7161
FSLIQ,2025-09-11,13618.8573
FSLIQ,2025-09-12,13621.6600
FSLIQ,2025-09-15,13623.1530
FSLIQ,2025-09-16,13626.2405
FSLIQ,2025-09-17,13629.6224
FSLIQ,2025-09-18,13633.8162
FSLIQ,2025-09-19,13634.9973
FSLIQ,2025-09-22,13639.3548
FSLIQ,2025-09-23,13640.6870
FSLIQ,2025-09-24,13644.6248
FSLIQ,2025-09-25,13650.3011
FSLIQ,2025-09-26,13656.1131
FSLIQ,2025-09-29,13659.7201
FSLIQ,2025-09-30,13664.8106
FSLIQ,2025-10-01,13671.3274
FSLIQ,2025-10-02,13675.8634
FSLIQ,2025-10-03,13677.0970
FSLIQ,2025-10-06,13677.8938
FSLIQ,2025-10-07,13682.5711
FSLIQ,2025-10-08,13688.7393
FSLIQ,2025-10-09,13693.0254
FSLIQ,2025-10-10,13696.0593
FSLIQ,2025-10-13,13699.7022
FSLIQ,2025-10-14,13703.8649
FSLIQ,2025-10-15,13706.9816
FSLIQ,2025-10-16,13709.9959
FSLIQ,2025-10-17,13715.1908
FSLIQ,2025-10-20,13717.8340
FSLIQ,2025-10-21,13723.7149
FSLIQ,2025-10-22,13728.9767
FSLIQ,2025-10-23,13731.8022
FSLIQ,2025-10-24,13734.0940
FSLIQ,2025-10-27,13737.6774
FSLIQ,2025-10-28,13740.2774
FSLIQ,2025-10-29,13743.4450
FSLIQ,2025-10-30,13744.8936
FSLIQ,2025-10-31,13747.2369
FSLIQ,2025-11-03,13749.6794
FSLIQ,2025-11-04,13751.1420
FSLIQ,2025-11-05,13753.5641
FSLIQ,2025-11-06,13754.7038
FSLIQ,2025-11-07,13757.4681
FSLIQ,2025-11-10,13761.9546
FSLIQ,2025-11-11,13765.8073
FSLIQ,2025-11-12,13770.6442
FSLIQ,2025-11-13,13774.9787
FSLIQ,2025-11-14,13779.3745
FSLIQ,2025-11-17,13785.0984
FSLIQ,2025-11-18,13787.2551
FSLIQ,2025-11-19,13791.8389
FSLIQ,2025-11-20,13795.2923
FSLIQ,2025-11-21,13798.7522
FSLIQ,2025-11-24,13801.2777
FSLIQ,2025-11-25,13804.3666
FSLIQ,2025-11-26,13807.3106
FSLIQ,2025-11-27,13807.8813
FSLIQ,2025-11-28,13814.7547
FSLIQ,2025-12-01,13819.5909
FSLIQ,2025-12-02,13824.5069
FSLIQ,2025-12-03,13827.4210
FSLIQ,2025-12-04,13831.3497
FSLIQ,2025-12-05,13834.1520
FSLIQ,2025-12-08,13836.1673
FSLIQ,2025-12-09,13837.2834
FSLIQ,2025-12-10,13839.3470
FSLIQ,2025-12-11,13844.2467
FSLIQ,2025-12-12,13848.0207
FSLIQ,2025-12-15,13850.7486
FSLIQ,2025-12-16,13855.2659
FSLIQ,2025-12-17,13858.0328
FSLIQ,2025-12-18,13861.6044
FSLIQ,2025-12-19,13863.8589
FSLIQ,2025-12-22,13867.1914
FSLIQ,2025-12-23,13869.5785
FSLIQ,2025-12-24,13871.8492
FSLIQ,2025-12-25,13874.4646
FSLIQ,2025-12-26,13877.3664
FSLIQ,2025-12-29,13878.1565
FSLIQ,2025-12-30,13882.8315
FSLIQ,2025-12-31,13888.5082
FSLIQ,2026-01-01,13892.3892
FSLIQ,2026-01-02,13894.0045
FSLIQ,2026-01-05,13896.8835
FSLIQ,2026-01-06,13900.1710
FSLIQ,2026-01-07,13904.9001
FSLIQ,2026-01-08,13907.8131
FSLIQ,2026-01-09,13913.2851
FSLIQ,2026-01-12,13917.0723
FSLIQ,2026-01-13,13920.1824
FSLIQ,2026-01-14,13924.4233
FSLIQ,2026-01-15,13928.2342
FSLIQ,2026-01-16,13930.7718
FSLIQ,2026-01-19,13932.1853
FSLIQ,2026-01-20,13938.0452
FSLIQ,2026-01-21,13942.0609
FSLIQ,2026-01-22,13944.7636
FSLIQ,2026-01-23,13948.3214
FSLIQ,2026-01-26,13950.6001
FSLIQ,2026-01-27,13955.9428
FSLIQ,2026-01-28,13960.3715
FSLIQ,2026-01-29,13964.3322
FSLIQ,2026-01-30,13966.2397
FSLIQ,2026-02-02,13969.9760
FSLIQ,2026-02-03,13975.3397
FSLIQ,2026-02-04,13979.6780
FSLIQ,2026-02-05,13981.6838
FSLIQ,2026-02-06,13986.8361
FSLIQ,2026-02-09,13991.6023
FSLIQ,2026-02-10,13995.3810
FSLIQ,2026-02-11,13996.7017
FSLIQ,2026-02-12,13998.2656
FSLIQ,2026-02-13,14001.8587
FSLIQ,2026-02-16,14003.9110
FSLIQ,2026-02-17,14008.4387
FSLIQ,2026-02-18,14013.4761
FSLIQ,2026-02-19,14018.2982
FSLIQ,2026-02-20,14021.4727
FSLIQ,2026-02-23,14024.1660
FSLIQ,2026-02-24,14027.7681
FSLIQ,2026-02-25,14030.7956
FSLIQ,2026-02-26,14035.7100
FSLIQ,2026-02-27,14037.8163
FSLIQ,2026-03-02,14042.0629
FSLIQ,2026-03-03,14045.8764
FSLIQ,2026-03-04,14048.9416
FSLIQ,2026-03-05,14051.6222
FSLIQ,2026-03-06,14055.1238
FSLIQ,2026-03-09,14058.6727
FSLIQ,2026-03-10,14062.3765
FSLIQ,2026-03-11,14065.5654
FSLIQ,2026-03-12,14069.4466
FSLIQ,2026-03-13,14073.7800
FSLIQ,2026-03-16,14077.8544
FSLIQ,2026-03-17,14080.2126
FSLIQ,2026-03-18,14082.4480
FSLIQ,2026-03-19,14087.3791
FSLIQ,2026-03-20,14091.5131
FSLIQ,2026-03-23,14094.5724
FSLIQ,2026-03-24,14095.9185
FSLIQ,2026-03-25,14098.6476
FSLIQ,2026-03-26,14102.1211
FSLIQ,2026-03-27,14105.9392
FSLIQ,2026-03-30,14109.0725
FSLIQ,2026-03-31,14112.4762
FSLIQ,2026-04-01,14118.2558
FSLIQ,2026-04-02,14122.6202
FSLIQ,2026-04-03,14125.6097
FSLIQ,2026-04-06,14128.9092
FSLIQ,2026-04-07,14134.0543
FSLIQ,2026-04-08,14138.0502
FSLIQ,2026-04-09,14142.9912
FSLIQ,2026-04-10,14146.1145
FSLIQ,2026-04-13,14149.5080
FSLIQ,2026-04-14,14151.8936
FSLIQ,2026-04-15,14155.2609
FSLIQ,2026-04-16,14159.4707
FSLIQ,2026-04-17,14163.9589
FSLIQ,2026-04-20,14168.2979
FSLIQ,2026-04-21,14171.8434
FSLIQ,2026-04-22,14174.4238
FSLIQ,2026-04-23,14177.6624
FSLIQ,2026-04-24,14181.8877
FSLIQ,2026-04-27,14184.6429
FSLIQ,2026-04-28,14187.7086
FSLIQ,2026-04-29,14189.7310
FSLIQ,2026-04-30,14194.4465
FSLIQ,2026-05-01,14200.1149
FSLIQ,2026-05-04,14203.5403
FSLIQ,2026-05-05,14206.5658
FSLIQ,2026-05-06,14210.6549
FSLIQ,2026-05-07,14216.0373
FSLIQ,2026-05-08,14219.3288
FSLIQ,2026-05-11,14221.1704
FSLIQ,2026-05-12,14222.9209
FSLIQ,2026-05-13,14227.8494
FSLIQ,2026-05-14,14234.0452
FSLIQ,2026-05-15,14236.7732
FSLIQ,2026-05-18,14240.0431
FSLIQ,2026-05-19,14242.7299
FSLIQ,2026-05-20,14248.2011
FSLIQ,2026-05-21,14252.3774
FSLIQ,2026-05-22,14255.8047
FSLIQ,2026-05-25,14258.7417
FSLIQ,2026-05-26,14264.8526
FSLIQ,2026-05-27,14266.7831
FSLIQ,2026-05-28,14269.9642
FSLIQ,2026-05-29,14272.5248
FSLIQ,2026-06-01,14277.0238
FSLIQ,2026-06-02,14278.5023
FSLIQ,2026-06-03,14282.8289
FSLIQ,2026-06-04,14285.5020
FSLIQ,2026-06-05,14290.4353
FSLIQ,2026-06-08,14295.8486
FSLIQ,2026-06-09,14296.5750
FSLIQ,2026-06-10,14298.9661
FSLIQ,2026-06-11,14299.8231
FSLIQ,2026-06-12,14302.2166
FSLIQ,2026-06-15,14305.8616
FSLIQ,2026-06-16,14308.1837
FSLIQ,2026-06-17,14309.2750
FSLIQ,2026-06-18,14313.8012
FSLIQ,2026-06-19,14317.3054
FSLIQ,2026-06-22,14318.9174
FSLIQ,2026-06-23,14322.5642
FSLIQ,2026-06-24,14325.2255
FSLIQ,2026-06-25,14328.4779
FSLIQ,2026-06-26,14332.7076
FSLIQ,2026-06-29,14337.6095
FSLIQ,2026-06-30,14340.7034
FSLIQ,2026-07-01,14344.4771
FSLIQ,2026-07-02,14347.8026
FSLIQ,2026-07-03,14351.6462
FSLIQ,2026-07-06,14354.3195
FSLIQ,2026-07-07,14356.6721
FSLIQ,2026-07-08,14360.4089
FSLIQ,2026-07-09,14364.9554
FSLIQ,2026-07-10,14368.5966
FSLIQ,2026-07-13,14369.4472
FSLIQ,2026-07-14,14374.7629
FSLIQ,2026-07-15,14377.6533
FSLIQ,2026-07-16,14382.7533
FSLIQ,2026-07-17,14387.1344
FSLIQ,2026-07-20,14391.0474
FSLIQ,2026-07-21,14395.6953
FSLIQ,2026-07-22,14398.9262
FSLIQ,2026-07-23,14400.4254
FSLIQ,2026-07-24,14404.9601
FSLIQ,2026-07-27,14408.7480
FSLIQ,2026-07-28,14413.9800
FSLIQ,2026-07-29,14417.6233
FSLIQ,2026-07-30,14420.2505
FSLIQ,2026-07-31,14425.3881
FSLIQ,2026-08-03,14431.8336
FSLIQ,2026-08-04,14435.9163
FSLIQ,2026-08-05,14438.6669
FSLIQ,2026-08-06,14439.8119
FSLIQ,2026-08-07,14443.7384
FSLIQ,2026-08-10,14447.3897
FSLIQ,2026-08-11,14450.7461
FSLIQ,2026-08-12,14453.5030
FSLIQ,2026-08-13,14457.0286
FSLIQ,2026-08-14,14462.3022
FSLIQ,2026-08-17,14465.9232
FSLIQ,2026-08-18,14470.5417
FSLIQ,2026-08-19,14472.4747
FSLIQ,2026-08-20,14477.3516
FSLIQ,2026-08-21,14482.6966
FSLIQ,2026-08-24,14486.0958
FSLIQ,2026-08-25,14486.3822
FSLIQ,2026-08-26,14489.6737
FSLIQ,2026-08-27,14494.4066
FSLIQ,2026-08-28,14498.9293
FSLIQ,2026-08-31,14501.6584
FSLIQ,2026-09-01,14503.2650
FSLIQ,2026-09-02,14508.1953
FSLIQ,2026-09-03,14509.3416
FSLIQ,2026-09-04,14512.6371
FSLIQ,2026-09-07,14514.6342
FSLIQ,2026-09-08,14516.3328
FSLIQ,2026-09-09,14521.2099
FSLIQ,2026-09-10,14526.9618
FSLIQ,2026-09-11,14528.6747
FSLIQ,2026-09-14,14533.5204
FSLIQ,2026-09-15,14538.7539
FSLIQ,2026-09-16,14540.2800
FSLIQ,2026-09-17,14544.2512
FSLIQ,2026-09-18,14546.9571
FSLIQ,2026-09-21,14550.4300
FSLIQ,2026-09-22,14551.2529
FSLIQ,2026-09-23,14553.3684
FSLIQ,2026-09-24,14556.6816
FSLIQ,2026-09-25,14561.2562
FSLIQ,2026-09-28,14562.4935
FSLIQ,2026-09-29,14567.4390
FSLIQ,2026-09-30,14570.7789
FSHYB,2021-01-04,10039.8494
FSHYB,2021-01-05,10014.3745
FSHYB,2021-01-06,10032.6080
FSHYB,2021-01-07,10055.4785
FSHYB,2021-01-08,10072.2044
FSHYB,2021-01-11,10066.3865
FSHYB,2021-01-12,10061.4410
FSHYB,2021-01-13,10030.3609
FSHYB,2021-01-14,10090.8905
FSHYB,2021-01-15,10098.2706
FSHYB,2021-01-18,10170.1239
FSHYB,2021-01-19,10256.4423
FSHYB,2021-01-20,10287.3721
FSHYB,2021-01-21,10247.6611
FSHYB,2021-01-22,10281.8257
FSHYB,2021-01-25,10253.8774
FSHYB,2021-01-26,10209.1381
FSHYB,2021-01-27,10073.6784
FSHYB,2021-01-28,10046.7510
FSHYB,2021-01-29,10062.7982
FSHYB,2021-02-01,9958.7938
FSHYB,2021-02-02,9969.6427
FSHYB,2021-02-03,9988.2918
FSHYB,2021-02-04,10051.6651
FSHYB,2021-02-05,10060.9927
FSHYB,2021-02-08,10121.2142
FSHYB,2021-02-09,10098.7978
FSHYB,2021-02-10,10119.3575
FSHYB,2021-02-11,10143.5326
FSHYB,2021-02-12,10064.1693
FSHYB,2021-02-15,10025.8828
FSHYB,2021-02-16,10051.0931
FSHYB,2021-02-17,10080.8715
FSHYB,2021-02-18,10078.3267
FSHYB,2021-02-19,10155.3278
FSHYB,2021-02-22,10160.5656
FSHYB,2021-02-23,10213.3826
FSHYB,2021-02-24,10241.6279
FSHYB,2021-02-25,10274.2631
FSHYB,2021-02-26,10303.3023
FSHYB,2021-03-01,10324.9311
FSHYB,2021-03-02,10321.3566
FSHYB,2021-03-03,10371.1534
FSHYB,2021-03-04,10345.6884
FSHYB,2021-03-05,10454.7527
FSHYB,2021-03-08,10495.8003
FSHYB,2021-03-09,10493.1863
FSHYB,2021-03-10,10521.6455
FSHYB,2021-03-11,10534.0616
FSHYB,2021-03-12,10463.8112
FSHYB,2021-03-15,10451.0106
FSHYB,2021-03-16,10439.1510
FSHYB,2021-03-17,10459.9315
FSHYB,2021-03-18,10433.2651
FSHYB,2021-03-19,10472.0461
FSHYB,2021-03-22,10456.4529
FSHYB,2021-03-23,10481.8462
FSHYB,2021-03-24,10437.7261
FSHYB,2021-03-25,10424.8578
FSHYB,2021-03-26,10402.0291
FSHYB,2021-03-29,10340.6046
FSHYB,2021-03-30,10219.2334
FSHYB,2021-03-31,10202.3200
FSHYB,2021-04-01,10197.9951
FSHYB,2021-04-02,10175.1009
FSHYB,2021-04-05,10111.8553
FSHYB,2021-04-06,10088.6385
FSHYB,2021-04-07,10111.9282
FSHYB,2021-04-08,10144.0954
FSHYB,2021-04-09,10158.5258
FSHYB,2021-04-12,10150.7928
FSHYB,2021-04-13,10152.4937
FSHYB,2021-04-14,10197.0457
FSHYB,2021-04-15,10230.4227
FSHYB,2021-04-16,10214.2582
FSHYB,2021-04-19,10168.3252
FSHYB,2021-04-20,10172.0616
FSHYB,2021-04-21,10120.0644
FSHYB,2021-04-22,10181.5116
FSHYB,2021-04-23,10122.2502
FSHYB,2021-04-26,10167.2492
FSHYB,2021-04-27,10229.0992
FSHYB,2021-04-28,10162.9766
FSHYB,2021-04-29,10163.5674
FSHYB,2021-04-30,10160.3657
FSHYB,2021-05-03,10277.0965
FSHYB,2021-05-04,10289.4373
FSHYB,2021-05-05,10245.4358
FSHYB,2021-05-06,10156.7882
FSHYB,2021-05-07,10156.9905
FSHYB,2021-05-10,10184.1564
FSHYB,2021-05-11,10138.1907
FSHYB,2021-05-12,10166.5332
FSHYB,2021-05-13,10122.9340
FSHYB,2021-05-14,10119.6539
FSHYB,2021-05-17,10128.0485
FSHYB,2021-05-18,10122.1339
FSHYB,2021-05-19,10113.1467
FSHYB,2021-05-20,10135.5964
FSHYB,2021-05-21,10124.2040
FSHYB,2021-05-24,10173.5100
FSHYB,2021-05-25,10292.4378
FSHYB,2021-05-26,10323.3694
FSHYB,2021-05-27,10390.1097
FSHYB,2021-05-28,10373.2869
FSHYB,2021-05-31,10369.3404
FSHYB,2021-06-01,10409.9156
FSHYB,2021-06-02,10373.8388
FSHYB,2021-06-03,10325.5833
FSHYB,2021-06-04,10280.4979
FSHYB,2021-06-07,10332.3661
FSHYB,2021-06-08,10323.6541
FSHYB,2021-06-09,10319.1840
FSHYB,2021-06-10,10313.2168
FSHYB,2021-06-11,10277.8268
FSHYB,2021-06-14,10301.8412
FSHYB,2021-06-15,10306.0952
FSHYB,2021-06-16,10329.4854
FSHYB,2021-06-17,10326.0146
FSHYB,2021-06-18,10298.0026
FSHYB,2021-06-21,10262.4790
FSHYB,2021-06-22,10210.6310
FSHYB,2021-06-23,10220.4517
FSHYB,2021-06-24,10236.9246
FSHYB,2021-06-25,10236.7935
FSHYB,2021-06-28,10307.4013
FSHYB,2021-06-29,10282.9719
FSHYB,2021-06-30,10267.7321
FSHYB,2021-07-01,10300.5417
FSHYB,2021-07-02,10255.9901
FSHYB,2021-07-05,10210.4252
FSHYB,2021-07-06,10126.1616
FSHYB,2021-07-07,10105.6038
FSHYB,2021-07-08,10105.7241
FSHYB,2021-07-09,10100.6019
FSHYB,2021-07-12,10184.2496
FSHYB,2021-07-13,10168.0765
FSHYB,2021-07-14,10180.8382
FSHYB,2021-07-15,10142.2436
FSHYB,2021-07-16,10166.0296
FSHYB,2021-07-19,10211.1490
FSHYB,2021-07-20,10218.7241
FSHYB,2021-07-21,10236.3660
FSHYB,2021-07-22,10246.1354
FSHYB,2021-07-23,10209.6671
FSHYB,2021-07-26,10216.4308
FSHYB,2021-07-27,10226.9920
FSHYB,2021-07-28,10216.1167
FSHYB,2021-07-29,10188.7188
FSHYB,2021-07-30,10164.7378
FSHYB,2021-08-02,10160.1256
FSHYB,2021-08-03,10195.9236
FSHYB,2021-08-04,10212.4692
FSHYB,2021-08-05,10152.1797
FSHYB,2021-08-06,10162.0779
FSHYB,2021-08-09,10135.5902
FSHYB,2021-08-10,10220.2186
FSHYB,2021-08-11,10287.9932
FSHYB,2021-08-12,10237.2794
FSHYB,2021-08-13,10158.6081
FSHYB,2021-08-16,10268.2802
FSHYB,2021-08-17,10295.2762
FSHYB,2021-08-18,10187.8422
FSHYB,2021-08-19,10183.2000
FSHYB,2021-08-20,10207.6266
FSHYB,2021-08-23,10271.8024
FSHYB,2021-08-24,10292.5020
FSHYB,2021-08-25,10341.7683
FSHYB,2021-08-26,10298.5652
FSHYB,2021-08-27,10330.7153
FSHYB,2021-08-30,10355.4654
FSHYB,2021-08-31,10426.3020
FSHYB,2021-09-01,10426.9740
FSHYB,2021-09-02,10455.7402
FSHYB,2021-09-03,10494.0801
FSHYB,2021-09-06,10483.5061
FSHYB,2021-09-07,10617.2426
FSHYB,2021-09-08,10544.4165
FSHYB,2021-09-09,10565.8382
FSHYB,2021-09-10,10604.3700
FSHYB,2021-09-13,10611.5658
FSHYB,2021-09-14,10548.0824
FSHYB,2021-09-15,10562.6302
FSHYB,2021-09-16,10598.9624
FSHYB,2021-09-17,10589.0548
FSHYB,2021-09-20,10604.5520
FSHYB,2021-09-21,10576.7401
FSHYB,2021-09-22,10638.0136
FSHYB,2021-09-23,10727.0592
FSHYB,2021-09-24,10727.3812
FSHYB,2021-09-27,10737.1754
FSHYB,2021-09-28,10797.4842
FSHYB,2021-09-29,10750.8973
FSHYB,2021-09-30,10791.5900
FSHYB,2021-10-01,10785.4112
FSHYB,2021-10-04,10741.3427
FSHYB,2021-10-05,10766.6193
FSHYB,2021-10-06,10724.5916
FSHYB,2021-10-07,10746.6992
FSHYB,2021-10-08,10740.9581
FSHYB,2021-10-11,10724.7158
FSHYB,2021-10-12,10734.1044
FSHYB,2021-10-13,10758.9474
FSHYB,2021-10-14,10862.8894
FSHYB,2021-10-15,10918.7614
FSHYB,2021-10-18,10874.0595
FSHYB,2021-10-19,10885.4950
FSHYB,2021-10-20,10909.0754
FSHYB,2021-10-21,10912.2581
FSHYB,2021-10-22,10871.1651
FSHYB,2021-10-25,10876.1534
FSHYB,2021-10-26,10837.4376
FSHYB,2021-10-27,10762.1728
FSHYB,2021-10-28,10687.3690
FSHYB,2021-10-29,10685.9469
FSHYB,2021-11-01,10695.4315
FSHYB,2021-11-02,10662.9524
FSHYB,2021-11-03,10673.9117
FSHYB,2021-11-04,10594.7587
FSHYB,2021-11-05,10632.9948
FSHYB,2021-11-08,10665.3887
FSHYB,2021-11-09,10684.3830
FSHYB,2021-11-10,10654.7934
FSHYB,2021-11-11,10692.2703
FSHYB,2021-11-12,10690.5130
FSHYB,2021-11-15,10696.6382
FSHYB,2021-11-16,10649.3744
FSHYB,2021-11-17,10655.9193
FSHYB,2021-11-18,10680.5884
FSHYB,2021-11-19,10671.8875
FSHYB,2021-11-22,10763.1894
FSHYB,2021-11-23,10856.5681
FSHYB,2021-11-24,10849.5175
FSHYB,2021-11-25,10787.1775
FSHYB,2021-11-26,10786.8345
FSHYB,2021-11-29,10808.3654
FSHYB,2021-11-30,10737.4732
FSHYB,2021-12-01,10739.3093
FSHYB,2021-12-02,10752.3853
FSHYB,2021-12-03,10715.4007
FSHYB,2021-12-06,10727.5565
FSHYB,2021-12-07,10787.1663
FSHYB,2021-12-08,10841.2518
FSHYB,2021-12-09,10831.8259
FSHYB,2021-12-10,10777.5235
FSHYB,2021-12-13,10799.4306
FSHYB,2021-12-14,10804.8527
FSHYB,2021-12-15,10765.9630
FSHYB,2021-12-16,10810.2936
FSHYB,2021-12-17,10826.1332
FSHYB,2021-12-20,10858.8176
FSHYB,2021-12-21,10798.1381
FSHYB,2021-12-22,10764.2671
FSHYB,2021-12-23,10858.6793
FSHYB,2021-12-24,10941.6726
FSHYB,2021-12-27,10940.6590
FSHYB,2021-12-28,11028.8505
FSHYB,2021-12-29,11039.8432
FSHYB,2021-12-30,11049.2909
FSHYB,2021-12-31,11032.9209
FSHYB,2022-01-03,10969.8797
FSHYB,2022-01-04,10985.6569
FSHYB,2022-01-05,11118.2052
FSHYB,2022-01-06,11115.8505
FSHYB,2022-01-07,11202.9127
FSHYB,2022-01-10,11069.5409
FSHYB,2022-01-11,11071.4421
FSHYB,2022-01-12,11104.1302
FSHYB,2022-01-13,11095.2731
FSHYB,2022-01-14,11060.9607
FSHYB,2022-01-17,11099.8405
FSHYB,2022-01-18,11146.2569
FSHYB,2022-01-19,11132.9193
FSHYB,2022-01-20,11136.5037
FSHYB,2022-01-21,11059.9226
FSHYB,2022-01-24,11046.5173
FSHYB,2022-01-25,11088.3028
FSHYB,2022-01-26,11021.4379
FSHYB,2022-01-27,11062.8770
FSHYB,2022-01-28,11045.9044
FSHYB,2022-01-31,11031.5480
FSHYB,2022-02-01,11026.5845
FSHYB,2022-02-02,11106.9343
FSHYB,2022-02-03,11044.3279
FSHYB,2022-02-04,11173.7460
FSHYB,2022-02-07,11186.5005
FSHYB,2022-02-08,11255.4663
FSHYB,2022-02-09,11278.7984
FSHYB,2022-02-10,11295.7969
FSHYB,2022-02-11,11246.1124
FSHYB,2022-02-14,11240.3662
FSHYB,2022-02-15,11167.1416
FSHYB,2022-02-16,11186.7767
FSHYB,2022-02-17,11216.3647
FSHYB,2022-02-18,11342.5420
FSHYB,2022-02-21,11436.3144
FSHYB,2022-02-22,11399.2879
FSHYB,2022-02-23,11381.3925
FSHYB,2022-02-24,11271.9840
FSHYB,2022-02-25,11239.7134
FSHYB,2022-02-28,11268.4202
FSHYB,2022-03-01,11278.0767
FSHYB,2022-03-02,11269.0079
FSHYB,2022-03-03,11263.4399
FSHYB,2022-03-04,11283.3855
FSHYB,2022-03-07,11263.8361
FSHYB,2022-03-08,11309.8693
FSHYB,2022-03-09,11333.7016
FSHYB,2022-03-10,11275.2079
FSHYB,2022-03-11,11260.7675
FSHYB,2022-03-14,11285.6561
FSHYB,2022-03-15,11294.5800
FSHYB,2022-03-16,11314.2358
FSHYB,2022-03-17,11357.0148
FSHYB,2022-03-18,11454.4798
FSHYB,2022-03-21,11466.9182
FSHYB,2022-03-22,11477.5857
FSHYB,2022-03-23,11561.6130
FSHYB,2022-03-24,11560.2171
FSHYB,2022-03-25,11539.1331
FSHYB,2022-03-28,11555.2568
FSHYB,2022-03-29,11626.8456
FSHYB,2022-03-30,11586.1481
FSHYB,2022-03-31,11612.2347
FSHYB,2022-04-01,11562.4101
FSHYB,2022-04-04,11590.5485
FSHYB,2022-04-05,11557.8091
FSHYB,2022-04-06,11555.1414
FSHYB,2022-04-07,11566.4687
FSHYB,2022-04-08,11537.7302
FSHYB,2022-04-11,11542.3217
FSHYB,2022-04-12,11508.9925
FSHYB,2022-04-13,11507.9806
FSHYB,2022-04-14,11477.5849
FSHYB,2022-04-15,11396.0283
FSHYB,2022-04-18,11450.1155
FSHYB,2022-04-19,11506.3849
FSHYB,2022-04-20,11530.7310
FSHYB,2022-04-21,11432.9739
FSHYB,2022-04-22,11428.2269
FSHYB,2022-04-25,11393.7327
FSHYB,2022-04-26,11480.6975
FSHYB,2022-04-27,11484.3416
FSHYB,2022-04-28,11511.4776
FSHYB,2022-04-29,11453.2823
FSHYB,2022-05-02,11499.1711
FSHYB,2022-05-03,11485.7234
FSHYB,2022-05-04,11515.1344
FSHYB,2022-05-05,11499.6924
FSHYB,2022-05-06,11458.5577
FSHYB,2022-05-09,11404.9602
FSHYB,2022-05-10,11377.0619
FSHYB,2022-05-11,11324.9736
FSHYB,2022-05-12,11347.8859
FSHYB,2022-05-13,11397.2187
FSHYB,2022-05-16,11416.4908
FSHYB,2022-05-17,11303.7261
FSHYB,2022-05-18,11334.5562
FSHYB,2022-05-19,11338.9347
FSHYB,2022-05-20,11634.4588
FSHYB,2022-05-23,11622.6672
FSHYB,2022-05-24,11853.4599
FSHYB,2022-05-25,11869.7776
FSHYB,2022-05-26,11952.7165
FSHYB,2022-05-27,12131.4853
FSHYB,2022-05-30,12104.4673
FSHYB,2022-05-31,12231.9450
FSHYB,2022-06-01,12126.2036
FSHYB,2022-06-02,11898.2842
FSHYB,2022-06-03,11977.3080
FSHYB,2022-06-06,11887.1530
FSHYB,2022-06-07,12188.5076
FSHYB,2022-06-08,12195.0926
FSHYB,2022-06-09,12029.6299
FSHYB,2022-06-10,11969.5711
FSHYB,2022-06-13,11711.4746
FSHYB,2022-06-14,11654.4597
FSHYB,2022-06-15,11599.4997
FSHYB,2022-06-16,11566.7483
FSHYB,2022-06-17,11593.9302
FSHYB,2022-06-20,11621.3191
FSHYB,2022-06-21,11289.7677
FSHYB,2022-06-22,11315.2741
FSHYB,2022-06-23,11326.3960
FSHYB,2022-06-24,11343.7489
FSHYB,2022-06-27,11394.6487
FSHYB,2022-06-28,11305.9774
FSHYB,2022-06-29,11456.7852
FSHYB,2022-06-30,11359.3774
FSHYB,2022-07-01,11347.0866
FSHYB,2022-07-04,11336.2325
FSHYB,2022-07-05,11170.0388
FSHYB,2022-07-06,11222.9678
FSHYB,2022-07-07,11246.9878
FSHYB,2022-07-08,11190.7346
FSHYB,2022-07-11,11190.8742
FSHYB,2022-07-12,11184.1169
FSHYB,2022-07-13,11242.5514
FSHYB,2022-07-14,11249.9651
FSHYB,2022-07-15,11198.5077
FSHYB,2022-07-18,11131.7079
FSHYB,2022-07-19,11129.1995
FSHYB,2022-07-20,11141.4439
FSHYB,2022-07-21,11174.5190
FSHYB,2022-07-22,11166.5966
FSHYB,2022-07-25,11210.4454
FSHYB,2022-07-26,11232.8842
FSHYB,2022-07-27,11215.5527
FSHYB,2022-07-28,11209.5949
FSHYB,2022-07-29,11261.8869
FSHYB,2022-08-01,11285.7671
FSHYB,2022-08-02,11363.0992
FSHYB,2022-08-03,11342.5513
FSHYB,2022-08-04,11334.7164
FSHYB,2022-08-05,11329.0893
FSHYB,2022-08-08,11317.5752
FSHYB,2022-08-09,11399.7635
FSHYB,2022-08-10,11391.8296
FSHYB,2022-08-11,11425.8745
FSHYB,2022-08-12,11372.4526
FSHYB,2022-08-15,11424.2235
FSHYB,2022-08-16,11405.4189
FSHYB,2022-08-17,11418.7417
FSHYB,2022-08-18,11431.7081
FSHYB,2022-08-19,11481.7091
FSHYB,2022-08-22,11511.5580
FSHYB,2022-08-23,11582.9851
FSHYB,2022-08-24,11614.3285
FSHYB,2022-08-25,11598.7781
FSHYB,2022-08-26,11604.2293
FSHYB,2022-08-29,11600.6199
FSHYB,2022-08-30,11591.3666
FSHYB,2022-08-31,11590.3357
FSHYB,2022-09-01,11555.5568
FSHYB,2022-09-02,11588.7328
FSHYB,2022-09-05,11578.0867
FSHYB,2022-09-06,11618.8625
FSHYB,2022-09-07,11624.1975
FSHYB,2022-09-08,11659.9073
FSHYB,2022-09-09,11634.9133
FSHYB,2022-09-12,11664.9235
FSHYB,2022-09-13,11694.7128
FSHYB,2022-09-14,11672.5145
FSHYB,2022-09-15,11688.6665
FSHYB,2022-09-16,11703.6368
FSHYB,2022-09-19,11698.5509
FSHYB,2022-09-20,11724.8954
FSHYB,2022-09-21,11724.9263
FSHYB,2022-09-22,11748.7364
FSHYB,2022-09-23,11857.2809
FSHYB,2022-09-26,11830.0651
FSHYB,2022-09-27,11878.9791
FSHYB,2022-09-28,11878.9538
FSHYB,2022-09-29,11889.5341
FSHYB,2022-09-30,11855.6087
FSHYB,2022-10-03,11781.4854
FSHYB,2022-10-04,11808.4575
FSHYB,2022-10-05,11828.8913
FSHYB,2022-10-06,11830.3775
FSHYB,2022-10-07,11779.1518
FSHYB,2022-10-10,11760.5433
FSHYB,2022-10-11,11764.8279
FSHYB,2022-10-12,11808.4266
FSHYB,2022-10-13,11836.9764
FSHYB,2022-10-14,11786.4970
FSHYB,2022-10-17,11787.1717
FSHYB,2022-10-18,11775.5170
FSHYB,2022-10-19,11823.5689
FSHYB,2022-10-20,11817.1807
FSHYB,2022-10-21,11832.9965
FSHYB,2022-10-24,11818.2000
FSHYB,2022-10-25,11866.3165
FSHYB,2022-10-26,11838.2581
FSHYB,2022-10-27,11853.1024
FSHYB,2022-10-28,11755.5368
FSHYB,2022-10-31,11770.7489
FSHYB,2022-11-01,11729.3614
FSHYB,2022-11-02,11662.7177
FSHYB,2022-11-03,11701.0676
FSHYB,2022-11-04,11669.0962
FSHYB,2022-11-07,11637.1098
FSHYB,2022-11-08,11690.9006
FSHYB,2022-11-09,11790.4262
FSHYB,2022-11-10,11783.8722
FSHYB,2022-11-11,11739.6495
FSHYB,2022-11-14,11665.7891
FSHYB,2022-11-15,11755.5479
FSHYB,2022-11-16,11672.8917
FSHYB,2022-11-17,11667.4897
FSHYB,2022-11-18,11641.0193
FSHYB,2022-11-21,11633.0016
FSHYB,2022-11-22,11661.2005
FSHYB,2022-11-23,11720.5673
FSHYB,2022-11-24,11678.9402
FSHYB,2022-11-25,11692.6647
FSHYB,2022-11-28,11615.0208
FSHYB,2022-11-29,11614.9322
FSHYB,2022-11-30,11631.2117
FSHYB,2022-12-01,11634.4300
FSHYB,2022-12-02,11706.2457
FSHYB,2022-12-05,11726.7318
FSHYB,2022-12-06,11788.6177
FSHYB,2022-12-07,11729.1539
FSHYB,2022-12-08,11707.5605
FSHYB,2022-12-09,11702.0689
FSHYB,2022-12-12,11854.8579
FSHYB,2022-12-13,11822.8357
FSHYB,2022-12-14,11794.1132
FSHYB,2022-12-15,11897.7081
FSHYB,2022-12-16,11955.3781
FSHYB,2022-12-19,11948.6190
FSHYB,2022-12-20,11952.0894
FSHYB,2022-12-21,11968.8475
FSHYB,2022-12-22,12049.5277
FSHYB,2022-12-23,12074.6729
FSHYB,2022-12-26,12003.7828
FSHYB,2022-12-27,12044.0400
FSHYB,2022-12-28,11919.4730
FSHYB,2022-12-29,11938.2968
FSHYB,2022-12-30,11893.0953
FSHYB,2023-01-02,11835.3295
FSHYB,2023-01-03,11836.2673
FSHYB,2023-01-04,11735.7966
FSHYB,2023-01-05,11765.8522
FSHYB,2023-01-06,11782.6945
FSHYB,2023-01-09,11777.2746
FSHYB,2023-01-10,11724.8552
FSHYB,2023-01-11,11700.6035
FSHYB,2023-01-12,11711.2126
FSHYB,2023-01-13,11705.5008
FSHYB,2023-01-16,11686.7903
FSHYB,2023-01-17,11688.4079
FSHYB,2023-01-18,11774.6336
FSHYB,2023-01-19,11802.9402
FSHYB,2023-01-20,11822.0530
FSHYB,2023-01-23,11899.7754
FSHYB,2023-01-24,11908.0915
FSHYB,2023-01-25,11942.0688
FSHYB,2023-01-26,12000.5449
FSHYB,2023-01-27,12047.0205
FSHYB,2023-01-30,12014.1531
FSHYB,2023-01-31,11948.8988
FSHYB,2023-02-01,11909.0627
FSHYB,2023-02-02,11929.5887
FSHYB,2023-02-03,12012.3193
FSHYB,2023-02-06,12032.7449
FSHYB,2023-02-07,12062.1844
FSHYB,2023-02-08,12059.7444
FSHYB,2023-02-09,12118.0553
FSHYB,2023-02-10,12147.4971
FSHYB,2023-02-13,12252.9512
FSHYB,2023-02-14,12291.4137
FSHYB,2023-02-15,12331.7468
FSHYB,2023-02-16,12320.5684
FSHYB,2023-02-17,12409.2622
FSHYB,2023-02-20,12406.4170
FSHYB,2023-02-21,12425.7946
FSHYB,2023-02-22,12437.6030
FSHYB,2023-02-23,12384.0993
FSHYB,2023-02-24,12395.2644
FSHYB,2023-02-27,12506.4669
FSHYB,2023-02-28,12471.1661
FSHYB,2023-03-01,12465.7563
FSHYB,2023-03-02,12468.7432
FSHYB,2023-03-03,12501.4676
FSHYB,2023-03-06,12472.6460
FSHYB,2023-03-07,12512.2708
FSHYB,2023-03-08,12566.7210
FSHYB,2023-03-09,12594.7666
FSHYB,2023-03-10,12598.9420
FSHYB,2023-03-13,12554.0061
FSHYB,2023-03-14,12553.1504
FSHYB,2023-03-15,12594.4906
FSHYB,2023-03-16,12565.2693
FSHYB,2023-03-17,12602.3300
FSHYB,2023-03-20,12587.5298
FSHYB,2023-03-21,12643.4058
FSHYB,2023-03-22,12588.5912
FSHYB,2023-03-23,12600.5388
FSHYB,2023-03-24,12598.2799
FSHYB,2023-03-27,12655.0549
FSHYB,2023-03-28,12668.5257
FSHYB,2023-03-29,12636.8527
FSHYB,2023-03-30,12471.3567
FSHYB,2023-03-31,12479.1627
FSHYB,2023-04-03,12429.0659
FSHYB,2023-04-04,12451.6940
FSHYB,2023-04-05,12527.5349
FSHYB,2023-04-06,12620.3379
FSHYB,2023-04-07,12525.9379
FSHYB,2023-04-10,12548.5934
FSHYB,2023-04-11,12602.3734
FSHYB,2023-04-12,12577.3607
FSHYB,2023-04-13,12574.6133
FSHYB,2023-04-14,12472.9092
FSHYB,2023-04-17,12433.8250
FSHYB,2023-04-18,12457.9427
FSHYB,2023-04-19,12634.0884
FSHYB,2023-04-20,12586.7377
FSHYB,2023-04-21,12591.1469
FSHYB,2023-04-24,12543.3490
FSHYB,2023-04-25,12549.4169
FSHYB,2023-04-26,12650.7133
FSHYB,2023-04-27,12579.7305
FSHYB,2023-04-28,12756.6720
FSHYB,2023-05-01,12729.3322
FSHYB,2023-05-02,12731.4673
FSHYB,2023-05-03,12684.7797
FSHYB,2023-05-04,12618.2155
FSHYB,2023-05-05,12543.5050
FSHYB,2023-05-08,12565.1897
FSHYB,2023-05-09,12615.7205
FSHYB,2023-05-10,12702.7578
FSHYB,2023-05-11,12757.9001
FSHYB,2023-05-12,12725.2163
FSHYB,2023-05-15,12597.3206
FSHYB,2023-05-16,12687.9275
FSHYB,2023-05-17,12632.6652
FSHYB,2023-05-18,12667.1267
FSHYB,2023-05-19,12668.7276
FSHYB,2023-05-22,12693.2572
FSHYB,2023-05-23,12676.0107
FSHYB,2023-05-24,12714.0174
FSHYB,2023-05-25,12759.0879
FSHYB,2023-05-26,12798.3805
FSHYB,2023-05-29,12889.5284
FSHYB,2023-05-30,13021.0532
FSHYB,2023-05-31,13017.2973
FSHYB,2023-06-01,12991.0010
FSHYB,2023-06-02,12935.0003
FSHYB,2023-06-05,13027.3663
FSHYB,2023-06-06,12961.8717
FSHYB,2023-06-07,12953.2523
FSHYB,2023-06-08,13000.7451
FSHYB,2023-06-09,13016.9639
FSHYB,2023-06-12,13089.1383
FSHYB,2023-06-13,13063.3750
FSHYB,2023-06-14,13052.5318
FSHYB,2023-06-15,13035.1091
FSHYB,2023-06-16,12878.7650
FSHYB,2023-06-19,12893.4177
FSHYB,2023-06-20,12909.9115
FSHYB,2023-06-21,12976.5791
FSHYB,2023-06-22,12956.3889
FSHYB,2023-06-23,13046.1134
FSHYB,2023-06-26,13094.5398
FSHYB,2023-06-27,13096.0731
FSHYB,2023-06-28,13131.3378
FSHYB,2023-06-29,13246.8877
FSHYB,2023-06-30,13244.6228
FSHYB,2023-07-03,13349.1627
FSHYB,2023-07-04,13367.0453
FSHYB,2023-07-05,13359.5397
FSHYB,2023-07-06,13431.1111
FSHYB,2023-07-07,13487.5774
FSHYB,2023-07-10,13527.8287
FSHYB,2023-07-11,13584.9683
FSHYB,2023-07-12,13591.4214
FSHYB,2023-07-13,13604.1232
FSHYB,2023-07-14,13652.4649
FSHYB,2023-07-17,13723.9964
FSHYB,2023-07-18,13722.4141
FSHYB,2023-07-19,13740.7466
FSHYB,2023-07-20,13634.5938
FSHYB,2023-07-21,13603.1467
FSHYB,2023-07-24,13668.7808
FSHYB,2023-07-25,13746.4852
FSHYB,2023-07-26,13755.7178
FSHYB,2023-07-27,13878.2521
FSHYB,2023-07-28,13878.3292
FSHYB,2023-07-31,13919.4607
FSHYB,2023-08-01,13991.2115
FSHYB,2023-08-02,14029.5334
FSHYB,2023-08-03,14016.6129
FSHYB,2023-08-04,14002.5888
FSHYB,2023-08-07,13936.2947
FSHYB,2023-08-08,13883.3048
FSHYB,2023-08-09,13971.6497
FSHYB,2023-08-10,13997.6712
FSHYB,2023-08-11,13913.8037
FSHYB,2023-08-14,13894.3150
FSHYB,2023-08-15,13907.5759
FSHYB,2023-08-16,14001.3124
FSHYB,2023-08-17,14067.6706
FSHYB,2023-08-18,14122.6905
FSHYB,2023-08-21,14152.5736
FSHYB,2023-08-22,14136.3082
FSHYB,2023-08-23,14175.2724
FSHYB,2023-08-24,14165.3558
FSHYB,2023-08-25,14171.9506
FSHYB,2023-08-28,14190.4674
FSHYB,2023-08-29,14252.2380
FSHYB,2023-08-30,14211.3342
FSHYB,2023-08-31,14190.0465
FSHYB,2023-09-01,14217.4485
FSHYB,2023-09-04,14227.7535
FSHYB,2023-09-05,14210.7314
FSHYB,2023-09-06,14277.6097
FSHYB,2023-09-07,14226.3236
FSHYB,2023-09-08,14199.3575
FSHYB,2023-09-11,14169.2845
FSHYB,2023-09-12,14248.0074
FSHYB,2023-09-13,14167.3542
FSHYB,2023-09-14,14202.8468
FSHYB,2023-09-15,14072.6255
FSHYB,2023-09-18,13967.0587
FSHYB,2023-09-19,13854.1208
FSHYB,2023-09-20,13875.7891
FSHYB,2023-09-21,13778.5225
FSHYB,2023-09-22,13732.9048
FSHYB,2023-09-25,13753.2130
FSHYB,2023-09-26,13717.9637
FSHYB,2023-09-27,13709.6865
FSHYB,2023-09-28,13705.5971
FSHYB,2023-09-29,13742.3883
FSHYB,2023-10-02,13720.4364
FSHYB,2023-10-03,13717.7610
FSHYB,2023-10-04,13650.4477
FSHYB,2023-10-05,13706.0066
FSHYB,2023-10-06,13701.8341
FSHYB,2023-10-09,13666.0483
FSHYB,2023-10-10,13651.8222
FSHYB,2023-10-11,13670.2559
FSHYB,2023-10-12,13664.3806
FSHYB,2023-10-13,13665.6934
FSHYB,2023-10-16,13669.4246
FSHYB,2023-10-17,13638.3411
FSHYB,2023-10-18,13597.7292
FSHYB,2023-10-19,13645.3120
FSHYB,2023-10-20,13607.9046
FSHYB,2023-10-23,13597.5005
FSHYB,2023-10-24,13634.8108
FSHYB,2023-10-25,13714.9070
FSHYB,2023-10-26,13728.0138
FSHYB,2023-10-27,13729.9250
FSHYB,2023-10-30,13788.4673
FSHYB,2023-10-31,13776.8793
FSHYB,2023-11-01,13769.2986
FSHYB,2023-11-02,13795.1824
FSHYB,2023-11-03,13827.2434
FSHYB,2023-11-06,13807.8667
FSHYB,2023-11-07,13729.4436
FSHYB,2023-11-08,13755.2765
FSHYB,2023-11-09,13801.9926
FSHYB,2023-11-10,13754.6369
FSHYB,2023-11-13,13771.6615
FSHYB,2023-11-14,13799.9204
FSHYB,2023-11-15,13736.8637
FSHYB,2023-11-16,13741.9866
FSHYB,2023-11-17,13673.2976
FSHYB,2023-11-20,13673.3568
FSHYB,2023-11-21,13635.0126
FSHYB,2023-11-22,13588.7278
FSHYB,2023-11-23,13609.3416
FSHYB,2023-11-24,13501.9331
FSHYB,2023-11-27,13477.4969
FSHYB,2023-11-28,13491.5298
FSHYB,2023-11-29,13484.2956
FSHYB,2023-11-30,13484.4547
FSHYB,2023-12-01,13542.4414
FSHYB,2023-12-04,13579.7073
FSHYB,2023-12-05,13583.3954
FSHYB,2023-12-06,13612.1974
FSHYB,2023-12-07,13626.5451
FSHYB,2023-12-08,13608.8099
FSHYB,2023-12-11,13579.4258
FSHYB,2023-12-12,13586.3447
FSHYB,2023-12-13,13527.0857
FSHYB,2023-12-14,13575.8940
FSHYB,2023-12-15,13582.4353
FSHYB,2023-12-18,13572.4045
FSHYB,2023-12-19,13570.2177
FSHYB,2023-12-20,13650.7450
FSHYB,2023-12-21,13655.0348
FSHYB,2023-12-22,13647.8526
FSHYB,2023-12-25,13642.4471
FSHYB,2023-12-26,13656.2828
FSHYB,2023-12-27,13707.6966
FSHYB,2023-12-28,13650.6956
FSHYB,2023-12-29,13575.0754
FSHYB,2024-01-01,13683.1071
FSHYB,2024-01-02,13764.7644
FSHYB,2024-01-03,13769.8175
FSHYB,2024-01-04,13827.9640
FSHYB,2024-01-05,13872.0151
FSHYB,2024-01-08,13700.7630
FSHYB,2024-01-09,13752.3474
FSHYB,2024-01-10,13775.1114
FSHYB,2024-01-11,13767.1385
FSHYB,2024-01-12,13739.5991
FSHYB,2024-01-15,13738.8001
FSHYB,2024-01-16,13777.5690
FSHYB,2024-01-17,13774.0812
FSHYB,2024-01-18,13732.7568
FSHYB,2024-01-19,13829.9005
FSHYB,2024-01-22,13855.4800
FSHYB,2024-01-23,13801.0471
FSHYB,2024-01-24,13747.8309
FSHYB,2024-01-25,13795.2540
FSHYB,2024-01-26,13824.3987
FSHYB,2024-01-29,13836.2310
FSHYB,2024-01-30,13978.1453
FSHYB,2024-01-31,14047.8741
FSHYB,2024-02-01,14080.8391
FSHYB,2024-02-02,13967.7566
FSHYB,2024-02-05,14063.3004
FSHYB,2024-02-06,14030.5173
FSHYB,2024-02-07,14087.1538
FSHYB,2024-02-08,14091.6202
FSHYB,2024-02-09,14044.0586
FSHYB,2024-02-12,14056.1419
FSHYB,2024-02-13,14079.4206
FSHYB,2024-02-14,14112.3081
FSHYB,2024-02-15,14121.1975
FSHYB,2024-02-16,14180.4387
FSHYB,2024-02-19,14230.8871
FSHYB,2024-02-20,14184.9194
FSHYB,2024-02-21,14191.4273
FSHYB,2024-02-22,14193.8871
FSHYB,2024-02-23,14319.4713
FSHYB,2024-02-26,14389.1615
FSHYB,2024-02-27,14414.9010
FSHYB,2024-02-28,14475.8039
FSHYB,2024-02-29,14489.5740
FSHYB,2024-03-01,14526.9755
FSHYB,2024-03-04,14495.1053
FSHYB,2024-03-05,14518.3505
FSHYB,2024-03-06,14541.2432
FSHYB,2024-03-07,14611.5423
FSHYB,2024-03-08,14588.9261
FSHYB,2024-03-11,14663.0424
FSHYB,2024-03-12,14623.8976
FSHYB,2024-03-13,14641.3158
FSHYB,2024-03-14,14635.7179
FSHYB,2024-03-15,14630.8237
FSHYB,2024-03-18,14524.4884
FSHYB,2024-03-19,14534.6568
FSHYB,2024-03-20,14602.7098
FSHYB,2024-03-21,14457.3660
FSHYB,2024-03-22,14411.0442
FSHYB,2024-03-25,14477.8300
FSHYB,2024-03-26,14532.2343
FSHYB,2024-03-27,14513.0685
FSHYB,2024-03-28,14626.7257
FSHYB,2024-03-29,14693.2726
FSHYB,2024-04-01,14676.3042
FSHYB,2024-04-02,14651.5703
FSHYB,2024-04-03,14600.8605
FSHYB,2024-04-04,14590.5082
FSHYB,2024-04-05,14530.9583
FSHYB,2024-04-08,14532.1979
FSHYB,2024-04-09,14558.4991
FSHYB,2024-04-10,14645.8995
FSHYB,2024-04-11,14712.1305
FSHYB,2024-04-12,14701.6799
FSHYB,2024-04-15,14764.3610
FSHYB,2024-04-16,14805.8649
FSHYB,2024-04-17,14729.3349
FSHYB,2024-04-18,14795.3203
FSHYB,2024-04-19,14804.0490
FSHYB,2024-04-22,14800.0829
FSHYB,2024-04-23,14719.3097
FSHYB,2024-04-24,14689.2948
FSHYB,2024-04-25,14712.9784
FSHYB,2024-04-26,14746.4401
FSHYB,2024-04-29,14755.8717
FSHYB,2024-04-30,14745.0241
FSHYB,2024-05-01,14701.8530
FSHYB,2024-05-02,14732.7677
FSHYB,2024-05-03,14749.1155
FSHYB,2024-05-06,14805.7271
FSHYB,2024-05-07,14784.7128
FSHYB,2024-05-08,14784.0394
FSHYB,2024-05-09,14828.2672
FSHYB,2024-05-10,14837.6393
FSHYB,2024-05-13,14801.3081
FSHYB,2024-05-14,14829.7522
FSHYB,2024-05-15,14796.7589
FSHYB,2024-05-16,14749.7320
FSHYB,2024-05-17,14752.1354
FSHYB,2024-05-20,14808.4792
FSHYB,2024-05-21,14844.0818
FSHYB,2024-05-22,14740.0320
FSHYB,2024-05-23,14787.8967
FSHYB,2024-05-24,14826.2924
FSHYB,2024-05-27,14889.1569
FSHYB,2024-05-28,14955.1230
FSHYB,2024-05-29,14913.6842
FSHYB,2024-05-30,14847.7299
FSHYB,2024-05-31,14798.8939
FSHYB,2024-06-03,14955.5071
FSHYB,2024-06-04,14536.0489
FSHYB,2024-06-05,14943.0772
FSHYB,2024-06-06,14820.8458
FSHYB,2024-06-07,15130.2761
FSHYB,2024-06-10,15126.7104
FSHYB,2024-06-11,15220.3330
FSHYB,2024-06-12,15142.7082
FSHYB,2024-06-13,15307.1208
FSHYB,2024-06-14,15249.8707
FSHYB,2024-06-17,15296.0381
FSHYB,2024-06-18,15270.1081
FSHYB,2024-06-19,15377.5843
FSHYB,2024-06-20,15576.2865
FSHYB,2024-06-21,15435.5125
FSHYB,2024-06-24,15284.0702
FSHYB,2024-06-25,15283.6242
FSHYB,2024-06-26,15167.8816
FSHYB,2024-06-27,15091.4032
FSHYB,2024-06-28,15366.2454
FSHYB,2024-07-01,15344.8311
FSHYB,2024-07-02,15371.2953
FSHYB,2024-07-03,15388.0025
FSHYB,2024-07-04,15348.6924
FSHYB,2024-07-05,15370.5912
FSHYB,2024-07-08,15322.4134
FSHYB,2024-07-09,15413.3663
FSHYB,2024-07-10,15434.9037
FSHYB,2024-07-11,15597.8165
FSHYB,2024-07-12,15624.1759
FSHYB,2024-07-15,15608.9977
FSHYB,2024-07-16,15607.3544
FSHYB,2024-07-17,15604.9028
FSHYB,2024-07-18,15687.5579
FSHYB,2024-07-19,15697.6779
FSHYB,2024-07-22,15724.7711
FSHYB,2024-07-23,15729.9810
FSHYB,2024-07-24,15842.2747
FSHYB,2024-07-25,15889.4472
FSHYB,2024-07-26,15958.6190
FSHYB,2024-07-29,16088.3148
FSHYB,2024-07-30,15991.2099
FSHYB,2024-07-31,15977.9723
FSHYB,2024-08-01,16018.5813
FSHYB,2024-08-02,15988.0081
FSHYB,2024-08-05,15987.8661
FSHYB,2024-08-06,16004.8794
FSHYB,2024-08-07,15961.2552
FSHYB,2024-08-08,15916.4998
FSHYB,2024-08-09,15974.0161
FSHYB,2024-08-12,16077.0220
FSHYB,2024-08-13,16087.0452
FSHYB,2024-08-14,16179.2629
FSHYB,2024-08-15,16161.5640
FSHYB,2024-08-16,16165.0962
FSHYB,2024-08-19,16184.6722
FSHYB,2024-08-20,16181.2436
FSHYB,2024-08-21,16233.6997
FSHYB,2024-08-22,16150.3188
FSHYB,2024-08-23,16200.5704
FSHYB,2024-08-26,16198.4741
FSHYB,2024-08-27,16234.0834
FSHYB,2024-08-28,16279.8432
FSHYB,2024-08-29,16299.4690
FSHYB,2024-08-30,16271.1844
FSHYB,2024-09-02,16214.1596
FSHYB,2024-09-03,16227.2206
FSHYB,2024-09-04,16240.4711
FSHYB,2024-09-05,16288.8579
FSHYB,2024-09-06,16133.4498
FSHYB,2024-09-09,16140.8106
FSHYB,2024-09-10,16134.0342
FSHYB,2024-09-11,16138.6877
FSHYB,2024-09-12,16132.7013
FSHYB,2024-09-13,16100.7339
FSHYB,2024-09-16,16191.8488
FSHYB,2024-09-17,16111.9140
FSHYB,2024-09-18,16109.8923
FSHYB,2024-09-19,15999.2990
FSHYB,2024-09-20,16040.2078
FSHYB,2024-09-23,16015.0286
FSHYB,2024-09-24,15971.2423
FSHYB,2024-09-25,15899.3067
FSHYB,2024-09-26,15821.4913
FSHYB,2024-09-27,15810.5393
FSHYB,2024-09-30,15761.0816
FSHYB,2024-10-01,15806.1345
FSHYB,2024-10-02,15819.1289
FSHYB,2024-10-03,15841.0311
FSHYB,2024-10-04,15776.7719
FSHYB,2024-10-07,15783.1667
FSHYB,2024-10-08,15836.3279
FSHYB,2024-10-09,15811.3803
FSHYB,2024-10-10,15840.8979
FSHYB,2024-10-11,15854.6332
FSHYB,2024-10-14,15858.9390
FSHYB,2024-10-15,15718.5083
FSHYB,2024-10-16,15844.0161
FSHYB,2024-10-17,15877.8600
FSHYB,2024-10-18,15940.4848
FSHYB,2024-10-21,15883.3391
FSHYB,2024-10-22,15824.4539
FSHYB,2024-10-23,15837.9004
FSHYB,2024-10-24,15780.1916
FSHYB,2024-10-25,15766.3036
FSHYB,2024-10-28,15872.1814
FSHYB,2024-10-29,15920.7403
FSHYB,2024-10-30,15914.7767
FSHYB,2024-10-31,15889.0225
FSHYB,2024-11-01,15879.7928
FSHYB,2024-11-04,15928.2498
FSHYB,2024-11-05,15856.8166
FSHYB,2024-11-06,15837.3007
FSHYB,2024-11-07,15850.3874
FSHYB,2024-11-08,15946.0153
FSHYB,2024-11-11,16024.4954
FSHYB,2024-11-12,16042.3294
FSHYB,2024-11-13,16085.5436
FSHYB,2024-11-14,16060.6409
FSHYB,2024-11-15,16052.4922
FSHYB,2024-11-18,16128.5516
FSHYB,2024-11-19,16153.0602
FSHYB,2024-11-20,16100.4095
FSHYB,2024-11-21,16140.4723
FSHYB,2024-11-22,16156.4050
FSHYB,2024-11-25,16138.8503
FSHYB,2024-11-26,16154.5363
FSHYB,2024-11-27,16128.9355
FSHYB,2024-11-28,16217.2062
FSHYB,2024-11-29,16210.0532
FSHYB,2024-12-02,16302.2878
FSHYB,2024-12-03,16271.4516
FSHYB,2024-12-04,16243.0654
FSHYB,2024-12-05,16312.8968
FSHYB,2024-12-06,16341.3439
FSHYB,2024-12-09,16366.1775
FSHYB,2024-12-10,16339.6720
FSHYB,2024-12-11,16378.5513
FSHYB,2024-12-12,16476.5294
FSHYB,2024-12-13,16375.3174
FSHYB,2024-12-16,16356.8695
FSHYB,2024-12-17,16223.8464
FSHYB,2024-12-18,16172.9459
FSHYB,2024-12-19,16122.7943
FSHYB,2024-12-20,16099.8626
FSHYB,2024-12-23,16017.3733
FSHYB,2024-12-24,16012.9486
FSHYB,2024-12-25,15980.5433
FSHYB,2024-12-26,15977.0473
FSHYB,2024-12-27,16030.7935
FSHYB,2024-12-30,16066.5099
FSHYB,2024-12-31,16125.9617
FSHYB,2025-01-01,16223.4601
FSHYB,2025-01-02,16257.7103
FSHYB,2025-01-03,16189.2280
FSHYB,2025-01-06,16245.6138
FSHYB,2025-01-07,16263.2384
FSHYB,2025-01-08,16267.4914
FSHYB,2025-01-09,16309.8915
FSHYB,2025-01-10,16326.2353
FSHYB,2025-01-13,16359.0796
FSHYB,2025-01-14,16363.5764
FSHYB,2025-01-15,16453.1030
FSHYB,2025-01-16,16496.1525
FSHYB,2025-01-17,16481.2344
FSHYB,2025-01-20,16574.4119
FSHYB,2025-01-21,16646.2538
FSHYB,2025-01-22,16648.9059
FSHYB,2025-01-23,16803.9430
FSHYB,2025-01-24,16766.8903
FSHYB,2025-01-27,16749.0084
FSHYB,2025-01-28,16779.4019
FSHYB,2025-01-29,16828.0174
FSHYB,2025-01-30,16809.6806
FSHYB,2025-01-31,16884.3619
FSHYB,2025-02-03,16871.7793
FSHYB,2025-02-04,16816.1294
FSHYB,2025-02-05,16760.5986
FSHYB,2025-02-06,16616.9265
FSHYB,2025-02-07,17154.2492
FSHYB,2025-02-10,17204.7170
FSHYB,2025-02-11,17283.3165
FSHYB,2025-02-12,17363.9305
FSHYB,2025-02-13,17353.1025
FSHYB,2025-02-14,17489.4850
FSHYB,2025-02-17,17496.1935
FSHYB,2025-02-18,17547.9948
FSHYB,2025-02-19,17624.4754
FSHYB,2025-02-20,17650.6128
FSHYB,2025-02-21,17682.8229
FSHYB,2025-02-24,17777.4202
FSHYB,2025-02-25,17792.5401
FSHYB,2025-02-26,17750.0727
FSHYB,2025-02-27,17726.0502
FSHYB,2025-02-28,17724.3328
FSHYB,2025-03-03,17827.7751
FSHYB,2025-03-04,17878.2934
FSHYB,2025-03-05,17865.0734
FSHYB,2025-03-06,17869.4099
FSHYB,2025-03-07,17803.9188
FSHYB,2025-03-10,17817.6482
FSHYB,2025-03-11,17820.9727
FSHYB,2025-03-12,17920.7671
FSHYB,2025-03-13,17838.0376
FSHYB,2025-03-14,17887.7301
FSHYB,2025-03-17,17892.7458
FSHYB,2025-03-18,17814.5541
FSHYB,2025-03-19,17853.0969
FSHYB,2025-03-20,18010.4698
FSHYB,2025-03-21,17996.8145
FSHYB,2025-03-24,17803.3514
FSHYB,2025-03-25,17799.7528
FSHYB,2025-03-26,17810.5542
FSHYB,2025-03-27,17823.2335
FSHYB,2025-03-28,17761.9614
FSHYB,2025-03-31,17758.3332
FSHYB,2025-04-01,17742.1197
FSHYB,2025-04-02,17768.0390
FSHYB,2025-04-03,18159.6356
FSHYB,2025-04-04,18101.1981
FSHYB,2025-04-07,18070.9275
FSHYB,2025-04-08,18077.0016
FSHYB,2025-04-09,18097.7560
FSHYB,2025-04-10,18049.9246
FSHYB,2025-04-11,18057.3134
FSHYB,2025-04-14,18006.4606
FSHYB,2025-04-15,17877.1962
FSHYB,2025-04-16,17874.5278
FSHYB,2025-04-17,17890.0742
FSHYB,2025-04-18,17940.8696
FSHYB,2025-04-21,17913.8832
FSHYB,2025-04-22,17918.7926
FSHYB,2025-04-23,17914.8000
FSHYB,2025-04-24,17856.0417
FSHYB,2025-04-25,17790.7287
FSHYB,2025-04-28,17842.5346
FSHYB,2025-04-29,17841.1081
FSHYB,2025-04-30,17864.7774
FSHYB,2025-05-01,17792.1300
FSHYB,2025-05-02,17740.5744
FSHYB,2025-05-05,17776.1530
FSHYB,2025-05-06,17697.7094
FSHYB,2025-05-07,17654.1169
FSHYB,2025-05-08,17706.7111
FSHYB,2025-05-09,17754.2875
FSHYB,2025-05-12,17671.1632
FSHYB,2025-05-13,17557.1795
FSHYB,2025-05-14,17557.6368
FSHYB,2025-05-15,17582.1147
FSHYB,2025-05-16,17569.3608
FSHYB,2025-05-19,17464.0786
FSHYB,2025-05-20,17529.5848
FSHYB,2025-05-21,17657.1224
FSHYB,2025-05-22,17621.3760
FSHYB,2025-05-23,17604.3483
FSHYB,2025-05-26,17574.7819
FSHYB,2025-05-27,17584.9240
FSHYB,2025-05-28,17624.4981
FSHYB,2025-05-29,17755.9619
FSHYB,2025-05-30,17938.7632
FSHYB,2025-06-02,18024.2729
FSHYB,2025-06-03,17974.9063
FSHYB,2025-06-04,18007.2469
FSHYB,2025-06-05,17925.5997
FSHYB,2025-06-06,17956.4062
FSHYB,2025-06-09,17963.4028
FSHYB,2025-06-10,17996.3563
FSHYB,2025-06-11,18018.9287
FSHYB,2025-06-12,18014.7019
FSHYB,2025-06-13,18000.3101
FSHYB,2025-06-16,17995.1565
FSHYB,2025-06-17,17982.2046
FSHYB,2025-06-18,18013.4802
FSHYB,2025-06-19,18011.2630
FSHYB,2025-06-20,18118.4496
FSHYB,2025-06-23,18111.5205
FSHYB,2025-06-24,18038.3354
FSHYB,2025-06-25,18063.5040
FSHYB,2025-06-26,18092.0307
FSHYB,2025-06-27,18068.2869
FSHYB,2025-06-30,18102.7851
FSHYB,2025-07-01,18191.4168
FSHYB,2025-07-02,18249.1370
FSHYB,2025-07-03,18327.0329
FSHYB,2025-07-04,18344.6410
FSHYB,2025-07-07,18309.0425
FSHYB,2025-07-08,18252.6517
FSHYB,2025-07-09,18406.0873
FSHYB,2025-07-10,18436.9324
FSHYB,2025-07-11,18490.0793
FSHYB,2025-07-14,18382.0108
FSHYB,2025-07-15,18448.2738
FSHYB,2025-07-16,18445.1742
FSHYB,2025-07-17,18334.7779
FSHYB,2025-07-18,18312.8462
FSHYB,2025-07-21,18201.9477
FSHYB,2025-07-22,18175.7610
FSHYB,2025-07-23,18246.4344
FSHYB,2025-07-24,18198.5274
FSHYB,2025-07-25,18187.3274
FSHYB,2025-07-28,18198.9590
FSHYB,2025-07-29,18255.7937
FSHYB,2025-07-30,18178.0248
FSHYB,2025-07-31,18239.6101
FSHYB,2025-08-01,18268.1273
FSHYB,2025-08-04,18233.4447
FSHYB,2025-08-05,18220.2105
FSHYB,2025-08-06,18240.8138
FSHYB,2025-08-07,18235.9139
FSHYB,2025-08-08,18187.4908
FSHYB,2025-08-11,18113.9372
FSHYB,2025-08-12,18093.4643
FSHYB,2025-08-13,18124.1995
FSHYB,2025-08-14,18181.6363
FSHYB,2025-08-15,18158.5331
FSHYB,2025-08-18,18173.2102
FSHYB,2025-08-19,18301.0437
FSHYB,2025-08-20,18291.2318
FSHYB,2025-08-21,18241.4209
FSHYB,2025-08-22,18157.8673
FSHYB,2025-08-25,18092.8562
FSHYB,2025-08-26,18201.2481
FSHYB,2025-08-27,18191.0574
FSHYB,2025-08-28,18370.5150
FSHYB,2025-08-29,18383.2847
FSHYB,2025-09-01,18273.0364
FSHYB,2025-09-02,18307.5879
FSHYB,2025-09-03,18312.6099
FSHYB,2025-09-04,18470.7652
FSHYB,2025-09-05,18474.2009
FSHYB,2025-09-08,18539.4633
FSHYB,2025-09-09,18462.0538
FSHYB,2025-09-10,18475.0222
FSHYB,2025-09-11,18465.1234
FSHYB,2025-09-12,18454.8897
FSHYB,2025-09-15,18524.3647
FSHYB,2025-09-16,18441.6806
FSHYB,2025-09-17,18432.4708
FSHYB,2025-09-18,18453.0257
FSHYB,2025-09-19,18487.7681
FSHYB,2025-09-22,17936.2968
FSHYB,2025-09-23,17985.2034
FSHYB,2025-09-24,18006.7580
FSHYB,2025-09-25,17960.6243
FSHYB,2025-09-26,17960.5955
FSHYB,2025-09-29,18018.1754
FSHYB,2025-09-30,18162.8799
FSHYB,2025-10-01,18192.5422
FSHYB,2025-10-02,18278.6452
FSHYB,2025-10-03,18224.5532
FSHYB,2025-10-06,18279.6412
FSHYB,2025-10-07,18263.1200
FSHYB,2025-10-08,18237.1852
FSHYB,2025-10-09,18177.2053
FSHYB,2025-10-10,18183.4440
FSHYB,2025-10-13,18188.8519
FSHYB,2025-10-14,18192.7965
FSHYB,2025-10-15,18224.3153
FSHYB,2025-10-16,18276.2166
FSHYB,2025-10-17,18351.8724
FSHYB,2025-10-20,18274.3292
FSHYB,2025-10-21,18159.5288
FSHYB,2025-10-22,18041.5374
FSHYB,2025-10-23,17942.7768
FSHYB,2025-10-24,17960.9221
FSHYB,2025-10-27,18000.7127
FSHYB,2025-10-28,18000.8923
FSHYB,2025-10-29,18058.4992
FSHYB,2025-10-30,18066.2935
FSHYB,2025-10-31,17971.3675
FSHYB,2025-11-03,17931.8760
FSHYB,2025-11-04,17934.8874
FSHYB,2025-11-05,17982.8586
FSHYB,2025-11-06,18111.7404
FSHYB,2025-11-07,18138.2335
FSHYB,2025-11-10,18096.2191
FSHYB,2025-11-11,18135.5624
FSHYB,2025-11-12,18202.3203
FSHYB,2025-11-13,18215.8947
FSHYB,2025-11-14,18229.3876
FSHYB,2025-11-17,18303.2199
FSHYB,2025-11-18,18381.1915
FSHYB,2025-11-19,18437.4073
FSHYB,2025-11-20,18328.8051
FSHYB,2025-11-21,18249.0500
FSHYB,2025-11-24,18152.7745
FSHYB,2025-11-25,18181.0525
FSHYB,2025-11-26,18293.2547
FSHYB,2025-11-27,18265.1342
FSHYB,2025-11-28,18311.9901
FSHYB,2025-12-01,18517.5912
FSHYB,2025-12-02,18528.1054
FSHYB,2025-12-03,18414.2399
FSHYB,2025-12-04,18353.2006
FSHYB,2025-12-05,18373.0891
FSHYB,2025-12-08,18392.2895
FSHYB,2025-12-09,18410.2801
FSHYB,2025-12-10,18397.1729
FSHYB,2025-12-11,18397.7899
FSHYB,2025-12-12,18442.4662
FSHYB,2025-12-15,18428.2360
FSHYB,2025-12-16,18433.1028
FSHYB,2025-12-17,18400.6505
FSHYB,2025-12-18,18420.3741
FSHYB,2025-12-19,18396.5099
FSHYB,2025-12-22,18376.2762
FSHYB,2025-12-23,18510.4543
FSHYB,2025-12-24,18494.0649
FSHYB,2025-12-25,18475.6427
FSHYB,2025-12-26,18544.7559
FSHYB,2025-12-29,18569.1618
FSHYB,2025-12-30,18501.1621
FSHYB,2025-12-31,18490.7371
FSHYB,2026-01-01,18563.8541
FSHYB,2026-01-02,18601.4522
FSHYB,2026-01-05,18566.5846
FSHYB,2026-01-06,18422.6916
FSHYB,2026-01-07,18349.5107
FSHYB,2026-01-08,18265.9493
FSHYB,2026-01-09,18266.4669
FSHYB,2026-01-12,18284.3533
FSHYB,2026-01-13,18250.7101
FSHYB,2026-01-14,18636.8473
FSHYB,2026-01-15,18396.3312
FSHYB,2026-01-16,18359.5427
FSHYB,2026-01-19,18334.3246
FSHYB,2026-01-20,18512.6670
FSHYB,2026-01-21,18633.6720
FSHYB,2026-01-22,18824.4233
FSHYB,2026-01-23,18895.1273
FSHYB,2026-01-26,19059.3012
FSHYB,2026-01-27,19047.4668
FSHYB,2026-01-28,19058.5854
FSHYB,2026-01-29,18983.5576
FSHYB,2026-01-30,18888.9508
FSHYB,2026-02-02,18986.0298
FSHYB,2026-02-03,19072.4268
FSHYB,2026-02-04,18974.1015
FSHYB,2026-02-05,19163.3324
FSHYB,2026-02-06,19293.0920
FSHYB,2026-02-09,19331.2434
FSHYB,2026-02-10,19466.1400
FSHYB,2026-02-11,19464.8262
FSHYB,2026-02-12,19418.5160
FSHYB,2026-02-13,19381.4882
FSHYB,2026-02-16,19398.9779
FSHYB,2026-02-17,19318.0063
FSHYB,2026-02-18,19316.6831
FSHYB,2026-02-19,19317.5313
FSHYB,2026-02-20,19109.2756
FSHYB,2026-02-23,19049.0849
FSHYB,2026-02-24,19237.8516
FSHYB,2026-02-25,19296.3899
FSHYB,2026-02-26,19284.9123
FSHYB,2026-02-27,19292.4915
FSHYB,2026-03-02,19471.2644
FSHYB,2026-03-03,19366.5880
FSHYB,2026-03-04,19544.4550
FSHYB,2026-03-05,19514.6715
FSHYB,2026-03-06,19533.9093
FSHYB,2026-03-09,19452.6514
FSHYB,2026-03-10,19313.7619
FSHYB,2026-03-11,19265.3666
FSHYB,2026-03-12,19374.5835
FSHYB,2026-03-13,19452.5998
FSHYB,2026-03-16,19554.5098
FSHYB,2026-03-17,19203.6747
FSHYB,2026-03-18,18763.8211
FSHYB,2026-03-19,18768.0656
FSHYB,2026-03-20,18722.9550
FSHYB,2026-03-23,18570.5290
FSHYB,2026-03-24,18563.0434
FSHYB,2026-03-25,18607.8318
FSHYB,2026-03-26,18526.2249
FSHYB,2026-03-27,18717.6406
FSHYB,2026-03-30,18539.9811
FSHYB,2026-03-31,18539.3601
FSHYB,2026-04-01,18507.6375
FSHYB,2026-04-02,18537.9415
FSHYB,2026-04-03,18564.8792
FSHYB,2026-04-06,18438.0337
FSHYB,2026-04-07,18441.0869
FSHYB,2026-04-08,18356.1270
FSHYB,2026-04-09,18308.1373
FSHYB,2026-04-10,18282.2455
FSHYB,2026-04-13,18243.0973
FSHYB,2026-04-14,18331.9853
FSHYB,2026-04-15,18269.8925
FSHYB,2026-04-16,18337.4577
FSHYB,2026-04-17,18405.5623
FSHYB,2026-04-20,18430.8030
FSHYB,2026-04-21,18454.0442
FSHYB,2026-04-22,18523.0897
FSHYB,2026-04-23,18675.4787
FSHYB,2026-04-24,18715.4619
FSHYB,2026-04-27,18611.1993
FSHYB,2026-04-28,18605.7648
FSHYB,2026-04-29,18703.7811
FSHYB,2026-04-30,18866.0226
FSHYB,2026-05-01,18895.5541
FSHYB,2026-05-04,18936.4228
FSHYB,2026-05-05,18764.2237
FSHYB,2026-05-06,18651.2579
FSHYB,2026-05-07,18447.0517
FSHYB,2026-05-08,18617.2958
FSHYB,2026-05-11,18590.8115
FSHYB,2026-05-12,18523.1677
FSHYB,2026-05-13,18464.5482
FSHYB,2026-05-14,18381.8853
FSHYB,2026-05-15,18265.9290
FSHYB,2026-05-18,18188.5373
FSHYB,2026-05-19,17979.4152
FSHYB,2026-05-20,17941.4780
FSHYB,2026-05-21,17841.6761
FSHYB,2026-05-22,17921.1188
FSHYB,2026-05-25,17921.4087
FSHYB,2026-05-26,17760.8143
FSHYB,2026-05-27,17831.3671
FSHYB,2026-05-28,17798.9055
FSHYB,2026-05-29,17855.2951
FSHYB,2026-06-01,17930.9838
FSHYB,2026-06-02,17902.3621
FSHYB,2026-06-03,17908.0790
FSHYB,2026-06-04,17963.8752
FSHYB,2026-06-05,18020.0560
FSHYB,2026-06-08,18289.2475
FSHYB,2026-06-09,18245.5588
FSHYB,2026-06-10,18102.5551
FSHYB,2026-06-11,18135.8050
FSHYB,2026-06-12,18124.8432
FSHYB,2026-06-15,18091.5931
FSHYB,2026-06-16,17959.4064
FSHYB,2026-06-17,17922.9370
FSHYB,2026-06-18,17894.7556
FSHYB,2026-06-19,17823.4326
FSHYB,2026-06-22,17792.3599
FSHYB,2026-06-23,17801.7618
FSHYB,2026-06-24,17823.9735
FSHYB,2026-06-25,17891.6018
FSHYB,2026-06-26,17940.0793
FSHYB,2026-06-29,18008.8316
FSHYB,2026-06-30,18013.3554
FSHYB,2026-07-01,18074.3659
FSHYB,2026-07-02,18110.7227
FSHYB,2026-07-03,18046.0513
FSHYB,2026-07-06,18078.9130
FSHYB,2026-07-07,18039.6134
FSHYB,2026-07-08,18161.3921
FSHYB,2026-07-09,18150.7470
FSHYB,2026-07-10,18224.5822
FSHYB,2026-07-13,18232.7492
FSHYB,2026-07-14,18045.7966
FSHYB,2026-07-15,18097.2427
FSHYB,2026-07-16,18120.0687
FSHYB,2026-07-17,18229.1624
FSHYB,2026-07-20,18354.0997
FSHYB,2026-07-21,18449.6799
FSHYB,2026-07-22,18443.1504
FSHYB,2026-07-23,18331.2353
FSHYB,2026-07-24,18360.9783
FSHYB,2026-07-27,18391.9296
FSHYB,2026-07-28,18337.7557
FSHYB,2026-07-29,18227.8992
FSHYB,2026-07-30,18312.5814
FSHYB,2026-07-31,18370.2279
FSHYB,2026-08-03,18364.4972
FSHYB,2026-08-04,18347.3772
FSHYB,2026-08-05,18369.2235
FSHYB,2026-08-06,18406.6243
FSHYB,2026-08-07,18182.1181
FSHYB,2026-08-10,18211.3669
FSHYB,2026-08-11,18143.2627
FSHYB,2026-08-12,17891.1228
FSHYB,2026-08-13,17910.3696
FSHYB,2026-08-14,17822.6792
FSHYB,2026-08-17,17719.5174
FSHYB,2026-08-18,17639.6879
FSHYB,2026-08-19,17523.3548
FSHYB,2026-08-20,17563.6990
FSHYB,2026-08-21,17468.8033
FSHYB,2026-08-24,17516.5405
FSHYB,2026-08-25,17555.3469
FSHYB,2026-08-26,17516.2604
FSHYB,2026-08-27,17521.5660
FSHYB,2026-08-28,17542.3637
FSHYB,2026-08-31,17599.2878
FSHYB,2026-09-01,17581.6200
FSHYB,2026-09-02,17547.4814
FSHYB,2026-09-03,17522.9829
FSHYB,2026-09-04,17509.0618
FSHYB,2026-09-07,17536.5344
FSHYB,2026-09-08,17476.0716
FSHYB,2026-09-09,17518.4819
FSHYB,2026-09-10,17483.3475
FSHYB,2026-09-11,17523.2567
FSHYB,2026-09-14,17491.8103
FSHYB,2026-09-15,17422.9066
FSHYB,2026-09-16,17337.2276
FSHYB,2026-09-17,17367.4979
FSHYB,2026-09-18,17318.6507
FSHYB,2026-09-21,17377.7950
FSHYB,2026-09-22,17386.7040
FSHYB,2026-09-23,17450.8918
FSHYB,2026-09-24,17362.2282
FSHYB,2026-09-25,17074.2448
FSHYB,2026-09-28,17040.2423
FSHYB,2026-09-29,16935.4341
FSHYB,2026-09-30,16854.4174
