scheme_code,date,nav
FS-LC-001,2021-01-04,52.7859
FS-LC-001,2021-01-05,52.4911
FS-LC-001,2021-01-06,52.8040
FS-LC-001,2021-01-07,53.2698
FS-LC-001,2021-01-08,53.6569
FS-LC-001,2021-01-11,53.5227
FS-LC-001,2021-01-12,53.5732
FS-LC-001,2021-01-13,53.1818
FS-LC-001,2021-01-14,53.7355
FS-LC-001,2021-01-15,53.6821
FS-LC-001,2021-01-18,54.3498
FS-LC-001,2021-01-19,54.9671
FS-LC-001,2021-01-20,55.3684
FS-LC-001,2021-01-21,54.8743
FS-LC-001,2021-01-22,55.4380
FS-LC-001,2021-01-25,55.2486
FS-LC-001,2021-01-26,54.4419
FS-LC-001,2021-01-27,53.0752
FS-LC-001,2021-01-28,52.7902
FS-LC-001,2021-01-29,52.9213
FS-LC-001,2021-02-01,51.6695
FS-LC-001,2021-02-02,51.8424
FS-LC-001,2021-02-03,51.8794
FS-LC-001,2021-02-04,52.1638
FS-LC-001,2021-02-05,52.4489
FS-LC-001,2021-02-08,53.0663
FS-LC-001,2021-02-09,53.0769
FS-LC-001,2021-02-10,53.2608
FS-LC-001,2021-02-11,53.4557
FS-LC-001,2021-02-12,52.5093
FS-LC-001,2021-02-15,52.2021
FS-LC-001,2021-02-16,52.3178
FS-LC-001,2021-02-17,52.9857
FS-LC-001,2021-02-18,53.0686
FS-LC-001,2021-02-19,53.8871
FS-LC-001,2021-02-22,53.9523
FS-LC-001,2021-02-23,54.5794
FS-LC-001,2021-02-24,54.9816
FS-LC-001,2021-02-25,55.4240
FS-LC-001,2021-02-26,55.7256
FS-LC-001,2021-03-01,55.9784
FS-LC-001,2021-03-02,55.7733
FS-LC-001,2021-03-03,56.5421
FS-LC-001,2021-03-04,56.1254
FS-LC-001,2021-03-05,57.2290
FS-LC-001,2021-03-08,57.7898
FS-LC-001,2021-03-09,57.7762
FS-LC-001,2021-03-10,58.1470
FS-LC-001,2021-03-11,58.3918
FS-LC-001,2021-03-12,57.8379
FS-LC-001,2021-03-15,57.7860
FS-LC-001,2021-03-16,57.6589
FS-LC-001,2021-03-17,57.9683
FS-LC-001,2021-03-18,57.6866
FS-LC-001,2021-03-19,58.0560
FS-LC-001,2021-03-22,57.9019
FS-LC-001,2021-03-23,58.1457
FS-LC-001,2021-03-24,57.8197
FS-LC-001,2021-03-25,57.5696
FS-LC-001,2021-03-26,57.2377
FS-LC-001,2021-03-29,56.5652
FS-LC-001,2021-03-30,55.2494
FS-LC-001,2021-03-31,55.0131
FS-LC-001,2021-04-01,54.9390
FS-LC-001,2021-04-02,54.8346
FS-LC-001,2021-04-05,54.1289
FS-LC-001,2021-04-06,53.9494
FS-LC-001,2021-04-07,54.0858
FS-LC-001,2021-04-08,54.5353
FS-LC-001,2021-04-09,54.6201
FS-LC-001,2021-04-12,54.5673
FS-LC-001,2021-04-13,54.6200
FS-LC-001,2021-04-14,55.1066
FS-LC-001,2021-04-15,55.5187
FS-LC-001,2021-04-16,55.1568
FS-LC-001,2021-04-19,54.6844
FS-LC-001,2021-04-20,54.6136
FS-LC-001,2021-04-21,54.1288
FS-LC-001,2021-04-22,54.6009
FS-LC-001,2021-04-23,54.3818
FS-LC-001,2021-04-26,54.7471
FS-LC-001,2021-04-27,55.1187
FS-LC-001,2021-04-28,54.7918
FS-LC-001,2021-04-29,54.9084
FS-LC-001,2021-04-30,54.9519
FS-LC-001,2021-05-03,55.9223
FS-LC-001,2021-05-04,55.8540
FS-LC-001,2021-05-05,55.7787
FS-LC-001,2021-05-06,55.0206
FS-LC-001,2021-05-07,55.0427
FS-LC-001,2021-05-10,55.4686
FS-LC-001,2021-05-11,55.2684
FS-LC-001,2021-05-12,55.5504
FS-LC-001,2021-05-13,54.9985
FS-LC-001,2021-05-14,54.5091
FS-LC-001,2021-05-17,54.5600
FS-LC-001,2021-05-18,54.4372
FS-LC-001,2021-05-19,54.3797
FS-LC-001,2021-05-20,54.5320
FS-LC-001,2021-05-21,54.3713
FS-LC-001,2021-05-24,54.6829
FS-LC-001,2021-05-25,56.1161
FS-LC-001,2021-05-26,56.3331
FS-LC-001,2021-05-27,56.8895
FS-LC-001,2021-05-28,56.4971
FS-LC-001,2021-05-31,56.5625
FS-LC-001,2021-06-01,57.0462
FS-LC-001,2021-06-02,56.5745
FS-LC-001,2021-06-03,56.0576
FS-LC-001,2021-06-04,55.5810
FS-LC-001,2021-06-07,55.9087
FS-LC-001,2021-06-08,55.8319
FS-LC-001,2021-06-09,56.0135
FS-LC-001,2021-06-10,55.9564
FS-LC-001,2021-06-11,55.4558
FS-LC-001,2021-06-14,55.5918
FS-LC-001,2021-06-15,55.5467
FS-LC-001,2021-06-16,55.6866
FS-LC-001,2021-06-17,55.6653
FS-LC-001,2021-06-18,55.4553
FS-LC-001,2021-06-21,54.9173
FS-LC-001,2021-06-22,54.5183
FS-LC-001,2021-06-23,54.4088
FS-LC-001,2021-06-24,54.3043
FS-LC-001,2021-06-25,54.2297
FS-LC-001,2021-06-28,55.0694
FS-LC-001,2021-06-29,54.9668
FS-LC-001,2021-06-30,54.9785
FS-LC-001,2021-07-01,55.2449
FS-LC-001,2021-07-02,54.6188
FS-LC-001,2021-07-05,54.4203
FS-LC-001,2021-07-06,53.6286
FS-LC-001,2021-07-07,53.5006
FS-LC-001,2021-07-08,53.4701
FS-LC-001,2021-07-09,53.4403
FS-LC-001,2021-07-12,54.1430
FS-LC-001,2021-07-13,53.8498
FS-LC-001,2021-07-14,54.1269
FS-LC-001,2021-07-15,53.8317
FS-LC-001,2021-07-16,54.0504
FS-LC-001,2021-07-19,54.6642
FS-LC-001,2021-07-20,54.8508
FS-LC-001,2021-07-21,54.9430
FS-LC-001,2021-07-22,54.9290
FS-LC-001,2021-07-23,54.6454
FS-LC-001,2021-07-26,54.8845
FS-LC-001,2021-07-27,55.0578
FS-LC-001,2021-07-28,54.6587
FS-LC-001,2021-07-29,54.3555
FS-LC-001,2021-07-30,54.2936
FS-LC-001,2021-08-02,54.3319
FS-LC-001,2021-08-03,54.5039
FS-LC-001,2021-08-04,54.5884
FS-LC-001,2021-08-05,53.9243
FS-LC-001,2021-08-06,53.9211
FS-LC-001,2021-08-09,53.7778
FS-LC-001,2021-08-10,54.4042
FS-LC-001,2021-08-11,54.8706
FS-LC-001,2021-08-12,54.2239
FS-LC-001,2021-08-13,53.3955
FS-LC-001,2021-08-16,54.2061
FS-LC-001,2021-08-17,54.5538
FS-LC-001,2021-08-18,53.4220
FS-LC-001,2021-08-19,53.4399
FS-LC-001,2021-08-20,53.5128
FS-LC-001,2021-08-23,54.2566
FS-LC-001,2021-08-24,54.3189
FS-LC-001,2021-08-25,54.6660
FS-LC-001,2021-08-26,54.2160
FS-LC-001,2021-08-27,54.5664
FS-LC-001,2021-08-30,54.5342
FS-LC-001,2021-08-31,55.1417
FS-LC-001,2021-09-01,55.3404
FS-LC-001,2021-09-02,55.6361
FS-LC-001,2021-09-03,56.0229
FS-LC-001,2021-09-06,55.9853
FS-LC-001,2021-09-07,57.1268
FS-LC-001,2021-09-08,56.4745
FS-LC-001,2021-09-09,56.9824
FS-LC-001,2021-09-10,57.1754
FS-LC-001,2021-09-13,57.4401
FS-LC-001,2021-09-14,56.6806
FS-LC-001,2021-09-15,56.7829
FS-LC-001,2021-09-16,57.2345
FS-LC-001,2021-09-17,57.1850
FS-LC-001,2021-09-20,57.5331
FS-LC-001,2021-09-21,57.3782
FS-LC-001,2021-09-22,57.9542
FS-LC-001,2021-09-23,58.9299
FS-LC-001,2021-09-24,58.4813
FS-LC-001,2021-09-27,58.4703
FS-LC-001,2021-09-28,58.8288
FS-LC-001,2021-09-29,58.4489
FS-LC-001,2021-09-30,58.6744
FS-LC-001,2021-10-01,58.5214
FS-LC-001,2021-10-04,58.1366
FS-LC-001,2021-10-05,58.3354
FS-LC-001,2021-10-06,58.1328
FS-LC-001,2021-10-07,58.2155
FS-LC-001,2021-10-08,58.1913
FS-LC-001,2021-10-11,58.2507
FS-LC-001,2021-10-12,57.9830
FS-LC-001,2021-10-13,58.2063
FS-LC-001,2021-10-14,59.0892
FS-LC-001,2021-10-15,59.6518
FS-LC-001,2021-10-18,59.1465
FS-LC-001,2021-10-19,59.1581
FS-LC-001,2021-10-20,59.5169
FS-LC-001,2021-10-21,59.3626
FS-LC-001,2021-10-22,58.7930
FS-LC-001,2021-10-25,58.8560
FS-LC-001,2021-10-26,58.8298
FS-LC-001,2021-10-27,58.4309
FS-LC-001,2021-10-28,57.6750
FS-LC-001,2021-10-29,57.7961
FS-LC-001,2021-11-01,58.0918
FS-LC-001,2021-11-02,57.8057
FS-LC-001,2021-11-03,57.7965
FS-LC-001,2021-11-04,57.0351
FS-LC-001,2021-11-05,57.3529
FS-LC-001,2021-11-08,57.6736
FS-LC-001,2021-11-09,57.9762
FS-LC-001,2021-11-10,57.7589
FS-LC-001,2021-11-11,58.0091
FS-LC-001,2021-11-12,58.1989
FS-LC-001,2021-11-15,58.5372
FS-LC-001,2021-11-16,58.1770
FS-LC-001,2021-11-17,58.1013
FS-LC-001,2021-11-18,58.5533
FS-LC-001,2021-11-19,58.5603
FS-LC-001,2021-11-22,59.5103
FS-LC-001,2021-11-23,60.0917
FS-LC-001,2021-11-24,60.0056
FS-LC-001,2021-11-25,59.5955
FS-LC-001,2021-11-26,59.5167
FS-LC-001,2021-11-29,59.6136
FS-LC-001,2021-11-30,58.9183
FS-LC-001,2021-12-01,58.9058
FS-LC-001,2021-12-02,58.6558
FS-LC-001,2021-12-03,58.0723
FS-LC-001,2021-12-06,58.1674
FS-LC-001,2021-12-07,58.6434
FS-LC-001,2021-12-08,59.2135
FS-LC-001,2021-12-09,58.7792
FS-LC-001,2021-12-10,58.5723
FS-LC-001,2021-12-13,58.7437
FS-LC-001,2021-12-14,58.5840
FS-LC-001,2021-12-15,58.1865
FS-LC-001,2021-12-16,58.7773
FS-LC-001,2021-12-17,58.8399
FS-LC-001,2021-12-20,59.2558
FS-LC-001,2021-12-21,58.4643
FS-LC-001,2021-12-22,57.9518
FS-LC-001,2021-12-23,58.9494
FS-LC-001,2021-12-24,59.8487
FS-LC-001,2021-12-27,59.6968
FS-LC-001,2021-12-28,60.5048
FS-LC-001,2021-12-29,60.6535
FS-LC-001,2021-12-30,61.0453
FS-LC-001,2021-12-31,60.7518
FS-LC-001,2022-01-03,59.9597
FS-LC-001,2022-01-04,60.0311
FS-LC-001,2022-01-05,61.2019
FS-LC-001,2022-01-06,61.2848
FS-LC-001,2022-01-07,62.0710
FS-LC-001,2022-01-10,61.0082
FS-LC-001,2022-01-11,60.9024
FS-LC-001,2022-01-12,61.2479
FS-LC-001,2022-01-13,61.1632
FS-LC-001,2022-01-14,61.0286
FS-LC-001,2022-01-17,61.6413
FS-LC-001,2022-01-18,62.3118
FS-LC-001,2022-01-19,62.2764
FS-LC-001,2022-01-20,62.3773
FS-LC-001,2022-01-21,61.6653
FS-LC-001,2022-01-24,61.5335
FS-LC-001,2022-01-25,61.9237
FS-LC-001,2022-01-26,61.3867
FS-LC-001,2022-01-27,61.8683
FS-LC-001,2022-01-28,61.3986
FS-LC-001,2022-01-31,60.9816
FS-LC-001,2022-02-01,61.2303
FS-LC-001,2022-02-02,61.8350
FS-LC-001,2022-02-03,61.1048
FS-LC-001,2022-02-04,62.3758
FS-LC-001,2022-02-07,62.6024
FS-LC-001,2022-02-08,63.4617
FS-LC-001,2022-02-09,63.5641
FS-LC-001,2022-02-10,63.6989
FS-LC-001,2022-02-11,63.1736
FS-LC-001,2022-02-14,63.2030
FS-LC-001,2022-02-15,62.7531
FS-LC-001,2022-02-16,62.7495
FS-LC-001,2022-02-17,63.0158
FS-LC-001,2022-02-18,64.5635
FS-LC-001,2022-02-21,65.6757
FS-LC-001,2022-02-22,64.7843
FS-LC-001,2022-02-23,64.4028
FS-LC-001,2022-02-24,63.3973
FS-LC-001,2022-02-25,62.8350
FS-LC-001,2022-02-28,63.2144
FS-LC-001,2022-03-01,63.4108
FS-LC-001,2022-03-02,63.1659
FS-LC-001,2022-03-03,63.1072
FS-LC-001,2022-03-04,63.0850
FS-LC-001,2022-03-07,62.6596
FS-LC-001,2022-03-08,63.1008
FS-LC-001,2022-03-09,63.2723
FS-LC-001,2022-03-10,62.9592
FS-LC-001,2022-03-11,62.9404
FS-LC-001,2022-03-14,63.0389
FS-LC-001,2022-03-15,63.0859
FS-LC-001,2022-03-16,63.3603
FS-LC-001,2022-03-17,63.8832
FS-LC-001,2022-03-18,65.1511
FS-LC-001,2022-03-21,65.4942
FS-LC-001,2022-03-22,65.2884
FS-LC-001,2022-03-23,66.1923
FS-LC-001,2022-03-24,66.1891
FS-LC-001,2022-03-25,66.0269
FS-LC-001,2022-03-28,66.4186
FS-LC-001,2022-03-29,67.0125
FS-LC-001,2022-03-30,66.3698
FS-LC-001,2022-03-31,66.3115
FS-LC-001,2022-04-01,66.0470
FS-LC-001,2022-04-04,66.5776
FS-LC-001,2022-04-05,66.1350
FS-LC-001,2022-04-06,66.1969
FS-LC-001,2022-04-07,66.3939
FS-LC-001,2022-04-08,66.0832
FS-LC-001,2022-04-11,66.1305
FS-LC-001,2022-04-12,65.8160
FS-LC-001,2022-04-13,65.3565
FS-LC-001,2022-04-14,65.0181
FS-LC-001,2022-04-15,64.2905
FS-LC-001,2022-04-18,64.9325
FS-LC-001,2022-04-19,65.6588
FS-LC-001,2022-04-20,65.5215
FS-LC-001,2022-04-21,64.6604
FS-LC-001,2022-04-22,64.5559
FS-LC-001,2022-04-25,64.0286
FS-LC-001,2022-04-26,64.8819
FS-LC-001,2022-04-27,64.7803
FS-LC-001,2022-04-28,65.0623
FS-LC-001,2022-04-29,64.7281
FS-LC-001,2022-05-02,65.1050
FS-LC-001,2022-05-03,65.3824
FS-LC-001,2022-05-04,66.0737
FS-LC-001,2022-05-05,66.0495
FS-LC-001,2022-05-06,65.4681
FS-LC-001,2022-05-09,65.0930
FS-LC-001,2022-05-10,65.0058
FS-LC-001,2022-05-11,64.3714
FS-LC-001,2022-05-12,64.4478
FS-LC-001,2022-05-13,64.7706
FS-LC-001,2022-05-16,65.0297
FS-LC-001,2022-05-17,63.9890
FS-LC-001,2022-05-18,64.4988
FS-LC-001,2022-05-19,64.4038
FS-LC-001,2022-05-20,67.5458
FS-LC-001,2022-05-23,67.5269
FS-LC-001,2022-05-24,69.6677
FS-LC-001,2022-05-25,69.8018
FS-LC-001,2022-05-26,70.6359
FS-LC-001,2022-05-27,72.4613
FS-LC-001,2022-05-30,72.1868
FS-LC-001,2022-05-31,73.8179
FS-LC-001,2022-06-01,72.8428
FS-LC-001,2022-06-02,70.3318
FS-LC-001,2022-06-03,71.1496
FS-LC-001,2022-06-06,70.2336
FS-LC-001,2022-06-07,73.2397
FS-LC-001,2022-06-08,73.0818
FS-LC-001,2022-06-09,71.1981
FS-LC-001,2022-06-10,70.3325
FS-LC-001,2022-06-13,67.3404
FS-LC-001,2022-06-14,66.8589
FS-LC-001,2022-06-15,66.5684
FS-LC-001,2022-06-16,66.6428
FS-LC-001,2022-06-17,67.1062
FS-LC-001,2022-06-20,67.4511
FS-LC-001,2022-06-21,63.9396
FS-LC-001,2022-06-22,64.0720
FS-LC-001,2022-06-23,63.9785
FS-LC-001,2022-06-24,64.3723
FS-LC-001,2022-06-27,64.6127
FS-LC-001,2022-06-28,63.4821
FS-LC-001,2022-06-29,65.2398
FS-LC-001,2022-06-30,64.3186
FS-LC-001,2022-07-01,64.0783
FS-LC-001,2022-07-04,64.0393
FS-LC-001,2022-07-05,62.5555
FS-LC-001,2022-07-06,63.0570
FS-LC-001,2022-07-07,63.4200
FS-LC-001,2022-07-08,63.0013
FS-LC-001,2022-07-11,63.0113
FS-LC-001,2022-07-12,62.6936
FS-LC-001,2022-07-13,63.3996
FS-LC-001,2022-07-14,63.7782
FS-LC-001,2022-07-15,63.2003
FS-LC-001,2022-07-18,62.1974
FS-LC-001,2022-07-19,62.0331
FS-LC-001,2022-07-20,62.3975
FS-LC-001,2022-07-21,62.7107
FS-LC-001,2022-07-22,62.6888
FS-LC-001,2022-07-25,63.2189
FS-LC-001,2022-07-26,63.6831
FS-LC-001,2022-07-27,63.3609
FS-LC-001,2022-07-28,62.9496
FS-LC-001,2022-07-29,63.5507
FS-LC-001,2022-08-01,63.9426
FS-LC-001,2022-08-02,64.6785
FS-LC-001,2022-08-03,64.9608
FS-LC-001,2022-08-04,64.9269
FS-LC-001,2022-08-05,65.2579
FS-LC-001,2022-08-08,65.0986
FS-LC-001,2022-08-09,65.7006
FS-LC-001,2022-08-10,65.6325
FS-LC-001,2022-08-11,66.3811
FS-LC-001,2022-08-12,65.6330
FS-LC-001,2022-08-15,66.4100
FS-LC-001,2022-08-16,66.0430
FS-LC-001,2022-08-17,66.3245
FS-LC-001,2022-08-18,66.4080
FS-LC-001,2022-08-19,66.7291
FS-LC-001,2022-08-22,67.3219
FS-LC-001,2022-08-23,67.8829
FS-LC-001,2022-08-24,68.1049
FS-LC-001,2022-08-25,68.0939
FS-LC-001,2022-08-26,68.2589
FS-LC-001,2022-08-29,68.3150
FS-LC-001,2022-08-30,68.1373
FS-LC-001,2022-08-31,68.2389
FS-LC-001,2022-09-01,67.7577
FS-LC-001,2022-09-02,68.3524
FS-LC-001,2022-09-05,68.4619
FS-LC-001,2022-09-06,68.9674
FS-LC-001,2022-09-07,69.0433
FS-LC-001,2022-09-08,69.3309
FS-LC-001,2022-09-09,68.9555
FS-LC-001,2022-09-12,69.5515
FS-LC-001,2022-09-13,70.0908
FS-LC-001,2022-09-14,70.1439
FS-LC-001,2022-09-15,69.9998
FS-LC-001,2022-09-16,69.9384
FS-LC-001,2022-09-19,69.7961
FS-LC-001,2022-09-20,69.9457
FS-LC-001,2022-09-21,70.1777
FS-LC-001,2022-09-22,70.5755
FS-LC-001,2022-09-23,71.5138
FS-LC-001,2022-09-26,71.7091
FS-LC-001,2022-09-27,72.5463
FS-LC-001,2022-09-28,72.8748
FS-LC-001,2022-09-29,73.2471
FS-LC-001,2022-09-30,72.7895
FS-LC-001,2022-10-03,71.9136
FS-LC-001,2022-10-04,72.0668
FS-LC-001,2022-10-05,72.2923
FS-LC-001,2022-10-06,72.3683
FS-LC-001,2022-10-07,71.9379
FS-LC-001,2022-10-10,71.7199
FS-LC-001,2022-10-11,71.6357
FS-LC-001,2022-10-12,71.8979
FS-LC-001,2022-10-13,71.8637
FS-LC-001,2022-10-14,71.4957
FS-LC-001,2022-10-17,71.4982
FS-LC-001,2022-10-18,71.4860
FS-LC-001,2022-10-19,72.1519
FS-LC-001,2022-10-20,72.2145
FS-LC-001,2022-10-21,72.3112
FS-LC-001,2022-10-24,72.0109
FS-LC-001,2022-10-25,72.6832
FS-LC-001,2022-10-26,72.3159
FS-LC-001,2022-10-27,72.2557
FS-LC-001,2022-10-28,71.3475
FS-LC-001,2022-10-31,71.2467
FS-LC-001,2022-11-01,70.7905
FS-LC-001,2022-11-02,70.0367
FS-LC-001,2022-11-03,70.1307
FS-LC-001,2022-11-04,69.8803
FS-LC-001,2022-11-07,69.2772
FS-LC-001,2022-11-08,69.7954
FS-LC-001,2022-11-09,70.9144
FS-LC-001,2022-11-10,70.5700
FS-LC-001,2022-11-11,70.5795
FS-LC-001,2022-11-14,70.0316
FS-LC-001,2022-11-15,70.5121
FS-LC-001,2022-11-16,69.7490
FS-LC-001,2022-11-17,69.3405
FS-LC-001,2022-11-18,69.0860
FS-LC-001,2022-11-21,69.2959
FS-LC-001,2022-11-22,69.5500
FS-LC-001,2022-11-23,70.2502
FS-LC-001,2022-11-24,69.7733
FS-LC-001,2022-11-25,69.7420
FS-LC-001,2022-11-28,68.7110
FS-LC-001,2022-11-29,68.6151
FS-LC-001,2022-11-30,68.8091
FS-LC-001,2022-12-01,68.6902
FS-LC-001,2022-12-02,69.4508
FS-LC-001,2022-12-05,69.5004
FS-LC-001,2022-12-06,70.5077
FS-LC-001,2022-12-07,69.7114
FS-LC-001,2022-12-08,69.4810
FS-LC-001,2022-12-09,69.3858
FS-LC-001,2022-12-12,70.9207
FS-LC-001,2022-12-13,70.8905
FS-LC-001,2022-12-14,70.4424
FS-LC-001,2022-12-15,71.4702
FS-LC-001,2022-12-16,71.7520
FS-LC-001,2022-12-19,71.7986
FS-LC-001,2022-12-20,71.6095
FS-LC-001,2022-12-21,71.5199
FS-LC-001,2022-12-22,72.5451
FS-LC-001,2022-12-23,72.6032
FS-LC-001,2022-12-26,71.9774
FS-LC-001,2022-12-27,72.2243
FS-LC-001,2022-12-28,70.8320
FS-LC-001,2022-12-29,71.0437
FS-LC-001,2022-12-30,70.4987
FS-LC-001,2023-01-02,70.0093
FS-LC-001,2023-01-03,69.8817
FS-LC-001,2023-01-04,68.7332
FS-LC-001,2023-01-05,69.1061
FS-LC-001,2023-01-06,69.6255
FS-LC-001,2023-01-09,69.1261
FS-LC-001,2023-01-10,68.3902
FS-LC-001,2023-01-11,68.1907
FS-LC-001,2023-01-12,68.2359
FS-LC-001,2023-01-13,68.2566
FS-LC-001,2023-01-16,68.3187
FS-LC-001,2023-01-17,68.1807
FS-LC-001,2023-01-18,68.8865
FS-LC-001,2023-01-19,69.2819
FS-LC-001,2023-01-20,69.1145
FS-LC-001,2023-01-23,69.7746
FS-LC-001,2023-01-24,69.8413
FS-LC-001,2023-01-25,70.2731
FS-LC-001,2023-01-26,70.8339
FS-LC-001,2023-01-27,71.3974
FS-LC-001,2023-01-30,71.3252
FS-LC-001,2023-01-31,70.8676
FS-LC-001,2023-02-01,70.3942
FS-LC-001,2023-02-02,70.5536
FS-LC-001,2023-02-03,71.6295
FS-LC-001,2023-02-06,72.0638
FS-LC-001,2023-02-07,72.4295
FS-LC-001,2023-02-08,72.3711
FS-LC-001,2023-02-09,72.6615
FS-LC-001,2023-02-10,72.8877
FS-LC-001,2023-02-13,74.1476
FS-LC-001,2023-02-14,74.4321
FS-LC-001,2023-02-15,74.8374
FS-LC-001,2023-02-16,74.5265
FS-LC-001,2023-02-17,75.9048
FS-LC-001,2023-02-20,75.4423
FS-LC-001,2023-02-21,75.3654
FS-LC-001,2023-02-22,75.3285
FS-LC-001,2023-02-23,74.7921
FS-LC-001,2023-02-24,74.7091
FS-LC-001,2023-02-27,75.7048
FS-LC-001,2023-02-28,75.1744
FS-LC-001,2023-03-01,74.9625
FS-LC-001,2023-03-02,75.1708
FS-LC-001,2023-03-03,75.4019
FS-LC-001,2023-03-06,75.2821
FS-LC-001,2023-03-07,75.8883
FS-LC-001,2023-03-08,76.3476
FS-LC-001,2023-03-09,76.6666
FS-LC-001,2023-03-10,76.5899
FS-LC-001,2023-03-13,76.1393
FS-LC-001,2023-03-14,76.0029
FS-LC-001,2023-03-15,76.6520
FS-LC-001,2023-03-16,76.4561
FS-LC-001,2023-03-17,76.9789
FS-LC-001,2023-03-20,77.0078
FS-LC-001,2023-03-21,77.5353
FS-LC-001,2023-03-22,76.9371
FS-LC-001,2023-03-23,77.2053
FS-LC-001,2023-03-24,77.0747
FS-LC-001,2023-03-27,77.9455
FS-LC-001,2023-03-28,78.0323
FS-LC-001,2023-03-29,78.0812
FS-LC-001,2023-03-30,76.3392
FS-LC-001,2023-03-31,76.3600
FS-LC-001,2023-04-03,75.6584
FS-LC-001,2023-04-04,75.6802
FS-LC-001,2023-04-05,76.5275
FS-LC-001,2023-04-06,77.7175
FS-LC-001,2023-04-07,76.7530
FS-LC-001,2023-04-10,76.9718
FS-LC-001,2023-04-11,77.0037
FS-LC-001,2023-04-12,76.5847
FS-LC-001,2023-04-13,76.5456
FS-LC-001,2023-04-14,75.2498
FS-LC-001,2023-04-17,74.7316
FS-LC-001,2023-04-18,75.1872
FS-LC-001,2023-04-19,77.1901
FS-LC-001,2023-04-20,76.3504
FS-LC-001,2023-04-21,76.5077
FS-LC-001,2023-04-24,76.2027
FS-LC-001,2023-04-25,76.2340
FS-LC-001,2023-04-26,77.7201
FS-LC-001,2023-04-27,76.9109
FS-LC-001,2023-04-28,78.7958
FS-LC-001,2023-05-01,78.4692
FS-LC-001,2023-05-02,78.4507
FS-LC-001,2023-05-03,77.8102
FS-LC-001,2023-05-04,77.1934
FS-LC-001,2023-05-05,76.2619
FS-LC-001,2023-05-08,76.5047
FS-LC-001,2023-05-09,76.8483
FS-LC-001,2023-05-10,77.1981
FS-LC-001,2023-05-11,77.5165
FS-LC-001,2023-05-12,77.4430
FS-LC-001,2023-05-15,75.9365
FS-LC-001,2023-05-16,76.9438
FS-LC-001,2023-05-17,76.1944
FS-LC-001,2023-05-18,76.6171
FS-LC-001,2023-05-19,76.2447
FS-LC-001,2023-05-22,76.7506
FS-LC-001,2023-05-23,76.2829
FS-LC-001,2023-05-24,77.0164
FS-LC-001,2023-05-25,77.6838
FS-LC-001,2023-05-26,78.2244
FS-LC-001,2023-05-29,79.5056
FS-LC-001,2023-05-30,81.2358
FS-LC-001,2023-05-31,81.2049
FS-LC-001,2023-06-01,80.6390
FS-LC-001,2023-06-02,80.2049
FS-LC-001,2023-06-05,81.3173
FS-LC-001,2023-06-06,80.6251
FS-LC-001,2023-06-07,80.3497
FS-LC-001,2023-06-08,81.1466
FS-LC-001,2023-06-09,81.0263
FS-LC-001,2023-06-12,81.5007
FS-LC-001,2023-06-13,80.9866
FS-LC-001,2023-06-14,80.5772
FS-LC-001,2023-06-15,80.2349
FS-LC-001,2023-06-16,78.4650
FS-LC-001,2023-06-19,78.4812
FS-LC-001,2023-06-20,78.6443
FS-LC-001,2023-06-21,79.4255
FS-LC-001,2023-06-22,79.4081
FS-LC-001,2023-06-23,80.3560
FS-LC-001,2023-06-26,80.5868
FS-LC-001,2023-06-27,80.5766
FS-LC-001,2023-06-28,80.7826
FS-LC-001,2023-06-29,81.8614
FS-LC-001,2023-06-30,81.8015
FS-LC-001,2023-07-03,82.7310
FS-LC-001,2023-07-04,83.1685
FS-LC-001,2023-07-05,83.2848
FS-LC-001,2023-07-06,83.6400
FS-LC-001,2023-07-07,84.1709
FS-LC-001,2023-07-10,84.3860
FS-LC-001,2023-07-11,84.8034
FS-LC-001,2023-07-12,84.8986
FS-LC-001,2023-07-13,84.9853
FS-LC-001,2023-07-14,85.0405
FS-LC-001,2023-07-17,86.0882
FS-LC-001,2023-07-18,86.3520
FS-LC-001,2023-07-19,86.7288
FS-LC-001,2023-07-20,85.5677
FS-LC-001,2023-07-21,85.6361
FS-LC-001,2023-07-24,86.5855
FS-LC-001,2023-07-25,87.6467
FS-LC-001,2023-07-26,87.4682
FS-LC-001,2023-07-27,88.9161
FS-LC-001,2023-07-28,88.9954
FS-LC-001,2023-07-31,89.3717
FS-LC-001,2023-08-01,89.9980
FS-LC-001,2023-08-02,90.0225
FS-LC-001,2023-08-03,89.7944
FS-LC-001,2023-08-04,89.5027
FS-LC-001,2023-08-07,89.1396
FS-LC-001,2023-08-08,89.0435
FS-LC-001,2023-08-09,90.0794
FS-LC-001,2023-08-10,90.1213
FS-LC-001,2023-08-11,89.1885
FS-LC-001,2023-08-14,88.9302
FS-LC-001,2023-08-15,88.8867
FS-LC-001,2023-08-16,90.2721
FS-LC-001,2023-08-17,91.2553
FS-LC-001,2023-08-18,91.3182
FS-LC-001,2023-08-21,91.6363
FS-LC-001,2023-08-22,91.4538
FS-LC-001,2023-08-23,91.8427
FS-LC-001,2023-08-24,91.5991
FS-LC-001,2023-08-25,91.6897
FS-LC-001,2023-08-28,92.1360
FS-LC-001,2023-08-29,93.3783
FS-LC-001,2023-08-30,92.9433
FS-LC-001,2023-08-31,92.8779
FS-LC-001,2023-09-01,93.5170
FS-LC-001,2023-09-04,93.7214
FS-LC-001,2023-09-05,93.7169
FS-LC-001,2023-09-06,94.3047
FS-LC-001,2023-09-07,93.5465
FS-LC-001,2023-09-08,93.2843
FS-LC-001,2023-09-11,92.7225
FS-LC-001,2023-09-12,93.4723
FS-LC-001,2023-09-13,92.8300
FS-LC-001,2023-09-14,93.4654
FS-LC-001,2023-09-15,91.5000
FS-LC-001,2023-09-18,90.3614
FS-LC-001,2023-09-19,89.1438
FS-LC-001,2023-09-20,89.4100
FS-LC-001,2023-09-21,87.9835
FS-LC-001,2023-09-22,87.3021
FS-LC-001,2023-09-25,87.6315
FS-LC-001,2023-09-26,87.5930
FS-LC-001,2023-09-27,87.1747
FS-LC-001,2023-09-28,87.2401
FS-LC-001,2023-09-29,87.4312
FS-LC-001,2023-10-02,87.3300
FS-LC-001,2023-10-03,87.4094
FS-LC-001,2023-10-04,86.6396
FS-LC-001,2023-10-05,87.4015
FS-LC-001,2023-10-06,87.1936
FS-LC-001,2023-10-09,86.6804
FS-LC-001,2023-10-10,86.2222
FS-LC-001,2023-10-11,86.2679
FS-LC-001,2023-10-12,86.2435
FS-LC-001,2023-10-13,86.1324
FS-LC-001,2023-10-16,86.2621
FS-LC-001,2023-10-17,85.7544
FS-LC-001,2023-10-18,85.2620
FS-LC-001,2023-10-19,85.6282
FS-LC-001,2023-10-20,85.3180
FS-LC-001,2023-10-23,85.2040
FS-LC-001,2023-10-24,85.7751
FS-LC-001,2023-10-25,86.8607
FS-LC-001,2023-10-26,86.9231
FS-LC-001,2023-10-27,86.7998
FS-LC-001,2023-10-30,87.5046
FS-LC-001,2023-10-31,87.7029
FS-LC-001,2023-11-01,87.1294
FS-LC-001,2023-11-02,87.3181
FS-LC-001,2023-11-03,87.6781
FS-LC-001,2023-11-06,87.5584
FS-LC-001,2023-11-07,86.7040
FS-LC-001,2023-11-08,86.9299
FS-LC-001,2023-11-09,87.7786
FS-LC-001,2023-11-10,87.8611
FS-LC-001,2023-11-13,88.2724
FS-LC-001,2023-11-14,88.9604
FS-LC-001,2023-11-15,88.6129
FS-LC-001,2023-11-16,88.2152
FS-LC-001,2023-11-17,87.3187
FS-LC-001,2023-11-20,87.2194
FS-LC-001,2023-11-21,86.7598
FS-LC-001,2023-11-22,85.9761
FS-LC-001,2023-11-23,85.9654
FS-LC-001,2023-11-24,84.6820
FS-LC-001,2023-11-27,84.3752
FS-LC-001,2023-11-28,84.7985
FS-LC-001,2023-11-29,84.6536
FS-LC-001,2023-11-30,84.8844
FS-LC-001,2023-12-01,85.5390
FS-LC-001,2023-12-04,85.6614
FS-LC-001,2023-12-05,86.2610
FS-LC-001,2023-12-06,87.0163
FS-LC-001,2023-12-07,87.4834
FS-LC-001,2023-12-08,87.3674
FS-LC-001,2023-12-11,87.0143
FS-LC-001,2023-12-12,87.2381
FS-LC-001,2023-12-13,86.5119
FS-LC-001,2023-12-14,87.0450
FS-LC-001,2023-12-15,87.4413
FS-LC-001,2023-12-18,87.6583
FS-LC-001,2023-12-19,87.5261
FS-LC-001,2023-12-20,88.5830
FS-LC-001,2023-12-21,88.4170
FS-LC-001,2023-12-22,88.2471
FS-LC-001,2023-12-25,87.9769
FS-LC-001,2023-12-26,88.1663
FS-LC-001,2023-12-27,88.7578
FS-LC-001,2023-12-28,88.6102
FS-LC-001,2023-12-29,87.7021
FS-LC-001,2024-01-01,89.2849
FS-LC-001,2024-01-02,90.2513
FS-LC-001,2024-01-03,90.4383
FS-LC-001,2024-01-04,91.2078
FS-LC-001,2024-01-05,91.9764
FS-LC-001,2024-01-08,89.5390
FS-LC-001,2024-01-09,90.1552
FS-LC-001,2024-01-10,90.6756
FS-LC-001,2024-01-11,90.4253
FS-LC-001,2024-01-12,89.5036
FS-LC-001,2024-01-15,89.7211
FS-LC-001,2024-01-16,89.8065
FS-LC-001,2024-01-17,89.1648
FS-LC-001,2024-01-18,88.7584
FS-LC-001,2024-01-19,90.0687
FS-LC-001,2024-01-22,90.3457
FS-LC-001,2024-01-23,89.9170
FS-LC-001,2024-01-24,89.1066
FS-LC-001,2024-01-25,89.4252
FS-LC-001,2024-01-26,89.4210
FS-LC-001,2024-01-29,89.3169
FS-LC-001,2024-01-30,91.1070
FS-LC-001,2024-01-31,92.0921
FS-LC-001,2024-02-01,92.9198
FS-LC-001,2024-02-02,91.8906
FS-LC-001,2024-02-05,92.9525
FS-LC-001,2024-02-06,92.1168
FS-LC-001,2024-02-07,92.8539
FS-LC-001,2024-02-08,92.8012
FS-LC-001,2024-02-09,91.7704
FS-LC-001,2024-02-12,91.8761
FS-LC-001,2024-02-13,92.1048
FS-LC-001,2024-02-14,92.1240
FS-LC-001,2024-02-15,92.2237
FS-LC-001,2024-02-16,92.8425
FS-LC-001,2024-02-19,93.2934
FS-LC-001,2024-02-20,92.5928
FS-LC-001,2024-02-21,92.5194
FS-LC-001,2024-02-22,92.9408
FS-LC-001,2024-02-23,94.9174
FS-LC-001,2024-02-26,95.5318
FS-LC-001,2024-02-27,95.5958
FS-LC-001,2024-02-28,96.1079
FS-LC-001,2024-02-29,96.7160
FS-LC-001,2024-03-01,97.6010
FS-LC-001,2024-03-04,97.0808
FS-LC-001,2024-03-05,96.9433
FS-LC-001,2024-03-06,96.9557
FS-LC-001,2024-03-07,97.5808
FS-LC-001,2024-03-08,97.4110
FS-LC-001,2024-03-11,98.0635
FS-LC-001,2024-03-12,97.4935
FS-LC-001,2024-03-13,97.5842
FS-LC-001,2024-03-14,97.6585
FS-LC-001,2024-03-15,97.0346
FS-LC-001,2024-03-18,95.7055
FS-LC-001,2024-03-19,95.8368
FS-LC-001,2024-03-20,96.9211
FS-LC-001,2024-03-21,95.0958
FS-LC-001,2024-03-22,94.4654
FS-LC-001,2024-03-25,95.3673
FS-LC-001,2024-03-26,96.1617
FS-LC-001,2024-03-27,95.8835
FS-LC-001,2024-03-28,97.3109
FS-LC-001,2024-03-29,97.8601
FS-LC-001,2024-04-01,97.5269
FS-LC-001,2024-04-02,97.3697
FS-LC-001,2024-04-03,96.4675
FS-LC-001,2024-04-04,96.2835
FS-LC-001,2024-04-05,95.3131
FS-LC-001,2024-04-08,94.7953
FS-LC-001,2024-04-09,94.8828
FS-LC-001,2024-04-10,95.7877
FS-LC-001,2024-04-11,97.0313
FS-LC-001,2024-04-12,96.9568
FS-LC-001,2024-04-15,97.5799
FS-LC-001,2024-04-16,97.8951
FS-LC-001,2024-04-17,96.8115
FS-LC-001,2024-04-18,97.6373
FS-LC-001,2024-04-19,97.5362
FS-LC-001,2024-04-22,97.3014
FS-LC-001,2024-04-23,96.1787
FS-LC-001,2024-04-24,96.1022
FS-LC-001,2024-04-25,96.1413
FS-LC-001,2024-04-26,96.4787
FS-LC-001,2024-04-29,96.4724
FS-LC-001,2024-04-30,96.1628
FS-LC-001,2024-05-01,95.4527
FS-LC-001,2024-05-02,95.9820
FS-LC-001,2024-05-03,95.9494
FS-LC-001,2024-05-06,96.1837
FS-LC-001,2024-05-07,95.7036
FS-LC-001,2024-05-08,95.5519
FS-LC-001,2024-05-09,96.4231
FS-LC-001,2024-05-10,95.8882
FS-LC-001,2024-05-13,95.8613
FS-LC-001,2024-05-14,95.8594
FS-LC-001,2024-05-15,95.3558
FS-LC-001,2024-05-16,94.8941
FS-LC-001,2024-05-17,94.5478
FS-LC-001,2024-05-20,94.8999
FS-LC-001,2024-05-21,94.9251
FS-LC-001,2024-05-22,93.7488
FS-LC-001,2024-05-23,94.4790
FS-LC-001,2024-05-24,95.0638
FS-LC-001,2024-05-27,95.4218
FS-LC-001,2024-05-28,95.8584
FS-LC-001,2024-05-29,95.7105
FS-LC-001,2024-05-30,95.0431
FS-LC-001,2024-05-31,94.4818
FS-LC-001,2024-06-03,95.8993
FS-LC-001,2024-06-04,91.0564
FS-LC-001,2024-06-05,95.6408
FS-LC-001,2024-06-06,93.9104
FS-LC-001,2024-06-07,97.5747
FS-LC-001,2024-06-10,97.9114
FS-LC-001,2024-06-11,98.3642
FS-LC-001,2024-06-12,97.6521
FS-LC-001,2024-06-13,99.7369
FS-LC-001,2024-06-14,98.9684
FS-LC-001,2024-06-17,99.4698
FS-LC-001,2024-06-18,99.4147
FS-LC-001,2024-06-19,100.4662
FS-LC-001,2024-06-20,102.2737
FS-LC-001,2024-06-21,100.6811
FS-LC-001,2024-06-24,98.5351
FS-LC-001,2024-06-25,98.8797
FS-LC-001,2024-06-26,97.5254
FS-LC-001,2024-06-27,96.3898
FS-LC-001,2024-06-28,99.2917
FS-LC-001,2024-07-01,98.9265
FS-LC-001,2024-07-02,99.0560
FS-LC-001,2024-07-03,99.1392
FS-LC-001,2024-07-04,99.0657
FS-LC-001,2024-07-05,99.4130
FS-LC-001,2024-07-08,98.3184
FS-LC-001,2024-07-09,99.4269
FS-LC-001,2024-07-10,99.7769
FS-LC-001,2024-07-11,101.6294
FS-LC-001,2024-07-12,102.3963
FS-LC-001,2024-07-15,102.2923
FS-LC-001,2024-07-16,102.0594
FS-LC-001,2024-07-17,102.6959
FS-LC-001,2024-07-18,102.8787
FS-LC-001,2024-07-19,102.7243
FS-LC-001,2024-07-22,103.1680
FS-LC-001,2024-07-23,103.1852
FS-LC-001,2024-07-24,104.1997
FS-LC-001,2024-07-25,104.5743
FS-LC-001,2024-07-26,105.6041
FS-LC-001,2024-07-29,106.9470
FS-LC-001,2024-07-30,105.5280
FS-LC-001,2024-07-31,104.9431
FS-LC-001,2024-08-01,105.1395
FS-LC-001,2024-08-02,104.8568
FS-LC-001,2024-08-05,104.3351
FS-LC-001,2024-08-06,105.1804
FS-LC-001,2024-08-07,104.7140
FS-LC-001,2024-08-08,104.3279
FS-LC-001,2024-08-09,104.9318
FS-LC-001,2024-08-12,106.4433
FS-LC-001,2024-08-13,106.3856
FS-LC-001,2024-08-14,107.2107
FS-LC-001,2024-08-15,107.4058
FS-LC-001,2024-08-16,107.7353
FS-LC-001,2024-08-19,107.8274
FS-LC-001,2024-08-20,107.6977
FS-LC-001,2024-08-21,108.5680
FS-LC-001,2024-08-22,107.8186
FS-LC-001,2024-08-23,108.4368
FS-LC-001,2024-08-26,108.1367
FS-LC-001,2024-08-27,108.5555
FS-LC-001,2024-08-28,108.7902
FS-LC-001,2024-08-29,108.9602
FS-LC-001,2024-08-30,109.0444
FS-LC-001,2024-09-02,108.4743
FS-LC-001,2024-09-03,108.9649
FS-LC-001,2024-09-04,109.2899
FS-LC-001,2024-09-05,109.3291
FS-LC-001,2024-09-06,106.7803
FS-LC-001,2024-09-09,106.6750
FS-LC-001,2024-09-10,106.5201
FS-LC-001,2024-09-11,106.5266
FS-LC-001,2024-09-12,106.3130
FS-LC-001,2024-09-13,105.6196
FS-LC-001,2024-09-16,106.4777
FS-LC-001,2024-09-17,105.7293
FS-LC-001,2024-09-18,105.7443
FS-LC-001,2024-09-19,104.4796
FS-LC-001,2024-09-20,104.9746
FS-LC-001,2024-09-23,104.3098
FS-LC-001,2024-09-24,103.8383
FS-LC-001,2024-09-25,103.1777
FS-LC-001,2024-09-26,102.1403
FS-LC-001,2024-09-27,102.2854
FS-LC-001,2024-09-30,101.8952
FS-LC-001,2024-10-01,102.4701
FS-LC-001,2024-10-02,102.9414
FS-LC-001,2024-10-03,103.1676
FS-LC-001,2024-10-04,102.4011
FS-LC-001,2024-10-07,102.2674
FS-LC-001,2024-10-08,102.6326
FS-LC-001,2024-10-09,102.1607
FS-LC-001,2024-10-10,102.7100
FS-LC-001,2024-10-11,103.0799
FS-LC-001,2024-10-14,103.1416
FS-LC-001,2024-10-15,101.5480
FS-LC-001,2024-10-16,102.8762
FS-LC-001,2024-10-17,103.5591
FS-LC-001,2024-10-18,104.2464
FS-LC-001,2024-10-21,103.2544
FS-LC-001,2024-10-22,103.0513
FS-LC-001,2024-10-23,103.0504
FS-LC-001,2024-10-24,102.1231
FS-LC-001,2024-10-25,102.4027
FS-LC-001,2024-10-28,103.6757
FS-LC-001,2024-10-29,104.0076
FS-LC-001,2024-10-30,104.1292
FS-LC-001,2024-10-31,103.4308
FS-LC-001,2024-11-01,103.2983
FS-LC-001,2024-11-04,103.8908
FS-LC-001,2024-11-05,102.9130
FS-LC-001,2024-11-06,103.1282
FS-LC-001,2024-11-07,103.4360
FS-LC-001,2024-11-08,104.6622
FS-LC-001,2024-11-11,105.5459
FS-LC-001,2024-11-12,106.1905
FS-LC-001,2024-11-13,107.3278
FS-LC-001,2024-11-14,107.0108
FS-LC-001,2024-11-15,106.8272
FS-LC-001,2024-11-18,107.0210
FS-LC-001,2024-11-19,107.7270
FS-LC-001,2024-11-20,106.7396
FS-LC-001,2024-11-21,107.0232
FS-LC-001,2024-11-22,107.1013
FS-LC-001,2024-11-25,107.0670
FS-LC-001,2024-11-26,107.4806
FS-LC-001,2024-11-27,107.0749
FS-LC-001,2024-11-28,108.5740
FS-LC-001,2024-11-29,108.7226
FS-LC-001,2024-12-02,109.3093
FS-LC-001,2024-12-03,108.9425
FS-LC-001,2024-12-04,109.1661
FS-LC-001,2024-12-05,110.0990
FS-LC-001,2024-12-06,110.7277
FS-LC-001,2024-12-09,111.2698
FS-LC-001,2024-12-10,111.0524
FS-LC-001,2024-12-11,111.8946
FS-LC-001,2024-12-12,113.0380
FS-LC-001,2024-12-13,111.9866
FS-LC-001,2024-12-16,111.6606
FS-LC-001,2024-12-17,109.8549
FS-LC-001,2024-12-18,109.0810
FS-LC-001,2024-12-19,108.6489
FS-LC-001,2024-12-20,108.6160
FS-LC-001,2024-12-23,107.7461
FS-LC-001,2024-12-24,107.9001
FS-LC-001,2024-12-25,107.6847
FS-LC-001,2024-12-26,108.0322
FS-LC-001,2024-12-27,108.8900
FS-LC-001,2024-12-30,108.6361
FS-LC-001,2024-12-31,109.0034
FS-LC-001,2025-01-01,110.1896
FS-LC-001,2025-01-02,110.7254
FS-LC-001,2025-01-03,109.3666
FS-LC-001,2025-01-06,110.3131
FS-LC-001,2025-01-07,110.6876
FS-LC-001,2025-01-08,110.6044
FS-LC-001,2025-01-09,110.9835
FS-LC-001,2025-01-10,111.5256
FS-LC-001,2025-01-13,111.9050
FS-LC-001,2025-01-14,111.4235
FS-LC-001,2025-01-15,112.5676
FS-LC-001,2025-01-16,112.5656
FS-LC-001,2025-01-17,112.1934
FS-LC-001,2025-01-20,113.0847
FS-LC-001,2025-01-21,113.6159
FS-LC-001,2025-01-22,113.7836
FS-LC-001,2025-01-23,115.0078
FS-LC-001,2025-01-24,114.8748
FS-LC-001,2025-01-27,114.7954
FS-LC-001,2025-01-28,115.3329
FS-LC-001,2025-01-29,115.4838
FS-LC-001,2025-01-30,114.9879
FS-LC-001,2025-01-31,115.3518
FS-LC-001,2025-02-03,115.7693
FS-LC-001,2025-02-04,115.0697
FS-LC-001,2025-02-05,114.8016
FS-LC-001,2025-02-06,113.2166
FS-LC-001,2025-02-07,119.8759
FS-LC-001,2025-02-10,120.5367
FS-LC-001,2025-02-11,120.9718
FS-LC-001,2025-02-12,121.8393
FS-LC-001,2025-02-13,121.7339
FS-LC-001,2025-02-14,123.6007
FS-LC-001,2025-02-17,123.5241
FS-LC-001,2025-02-18,124.2849
FS-LC-001,2025-02-19,125.1666
FS-LC-001,2025-02-20,125.2812
FS-LC-001,2025-02-21,125.9262
FS-LC-001,2025-02-24,126.2964
FS-LC-001,2025-02-25,126.4097
FS-LC-001,2025-02-26,125.4108
FS-LC-001,2025-02-27,125.7918
FS-LC-001,2025-02-28,125.4668
FS-LC-001,2025-03-03,127.2536
FS-LC-001,2025-03-04,127.9662
FS-LC-001,2025-03-05,126.9535
FS-LC-001,2025-03-06,126.7429
FS-LC-001,2025-03-07,125.9989
FS-LC-001,2025-03-10,126.4434
FS-LC-001,2025-03-11,127.0894
FS-LC-001,2025-03-12,128.4856
FS-LC-001,2025-03-13,127.4521
FS-LC-001,2025-03-14,128.5225
FS-LC-001,2025-03-17,128.7403
FS-LC-001,2025-03-18,127.8705
FS-LC-001,2025-03-19,128.8037
FS-LC-001,2025-03-20,130.3454
FS-LC-001,2025-03-21,129.9098
FS-LC-001,2025-03-24,127.1742
FS-LC-001,2025-03-25,126.8810
FS-LC-001,2025-03-26,127.5471
FS-LC-001,2025-03-27,127.6747
FS-LC-001,2025-03-28,126.7036
FS-LC-001,2025-03-31,126.6693
FS-LC-001,2025-04-01,126.7171
FS-LC-001,2025-04-02,127.1233
FS-LC-001,2025-04-03,132.0821
FS-LC-001,2025-04-04,131.2732
FS-LC-001,2025-04-07,130.3800
FS-LC-001,2025-04-08,130.7340
FS-LC-001,2025-04-09,130.8190
FS-LC-001,2025-04-10,130.2326
FS-LC-001,2025-04-11,130.2149
FS-LC-001,2025-04-14,129.9293
FS-LC-001,2025-04-15,128.4094
FS-LC-001,2025-04-16,128.5278
FS-LC-001,2025-04-17,128.8248
FS-LC-001,2025-04-18,129.7715
FS-LC-001,2025-04-21,129.6605
FS-LC-001,2025-04-22,129.8948
FS-LC-001,2025-04-23,130.1345
FS-LC-001,2025-04-24,129.7764
FS-LC-001,2025-04-25,129.5125
FS-LC-001,2025-04-28,129.6772
FS-LC-001,2025-04-29,129.0386
FS-LC-001,2025-04-30,129.9521
FS-LC-001,2025-05-01,128.6337
FS-LC-001,2025-05-02,128.3272
FS-LC-001,2025-05-05,129.8611
FS-LC-001,2025-05-06,129.2243
FS-LC-001,2025-05-07,129.2556
FS-LC-001,2025-05-08,130.2565
FS-LC-001,2025-05-09,131.0353
FS-LC-001,2025-05-12,129.7876
FS-LC-001,2025-05-13,127.9167
FS-LC-001,2025-05-14,128.3571
FS-LC-001,2025-05-15,128.7227
FS-LC-001,2025-05-16,128.6931
FS-LC-001,2025-05-19,126.9230
FS-LC-001,2025-05-20,127.6348
FS-LC-001,2025-05-21,129.6632
FS-LC-001,2025-05-22,129.1551
FS-LC-001,2025-05-23,129.2075
FS-LC-001,2025-05-26,128.8535
FS-LC-001,2025-05-27,128.9713
FS-LC-001,2025-05-28,129.6634
FS-LC-001,2025-05-29,131.4908
FS-LC-001,2025-05-30,133.5320
FS-LC-001,2025-06-02,134.3570
FS-LC-001,2025-06-03,133.5213
FS-LC-001,2025-06-04,133.5928
FS-LC-001,2025-06-05,132.3157
FS-LC-001,2025-06-06,133.0883
FS-LC-001,2025-06-09,133.2275
FS-LC-001,2025-06-10,133.4746
FS-LC-001,2025-06-11,133.7383
FS-LC-001,2025-06-12,133.5932
FS-LC-001,2025-06-13,133.8104
FS-LC-001,2025-06-16,133.7960
FS-LC-001,2025-06-17,133.0135
FS-LC-001,2025-06-18,132.9190
FS-LC-001,2025-06-19,132.1035
FS-LC-001,2025-06-20,133.4225
FS-LC-001,2025-06-23,133.6672
FS-LC-001,2025-06-24,132.9964
FS-LC-001,2025-06-25,133.2133
FS-LC-001,2025-06-26,132.9461
FS-LC-001,2025-06-27,132.7758
FS-LC-001,2025-06-30,133.3479
FS-LC-001,2025-07-01,134.3086
FS-LC-001,2025-07-02,135.0768
FS-LC-001,2025-07-03,136.0229
FS-LC-001,2025-07-04,136.4596
FS-LC-001,2025-07-07,136.3313
FS-LC-001,2025-07-08,135.6927
FS-LC-001,2025-07-09,137.9389
FS-LC-001,2025-07-10,138.3815
FS-LC-001,2025-07-11,139.0856
FS-LC-001,2025-07-14,137.3331
FS-LC-001,2025-07-15,137.8023
FS-LC-001,2025-07-16,137.8133
FS-LC-001,2025-07-17,137.3263
FS-LC-001,2025-07-18,136.6781
FS-LC-001,2025-07-21,135.3186
FS-LC-001,2025-07-22,135.4608
FS-LC-001,2025-07-23,136.4367
FS-LC-001,2025-07-24,136.0154
FS-LC-001,2025-07-25,136.2975
FS-LC-001,2025-07-28,136.2981
FS-LC-001,2025-07-29,136.2352
FS-LC-001,2025-07-30,135.6697
FS-LC-001,2025-07-31,136.4396
FS-LC-001,2025-08-01,137.5341
FS-LC-001,2025-08-04,136.9000
FS-LC-001,2025-08-05,136.8380
FS-LC-001,2025-08-06,137.2322
FS-LC-001,2025-08-07,137.6148
FS-LC-001,2025-08-08,137.3043
FS-LC-001,2025-08-11,135.6107
FS-LC-001,2025-08-12,135.7101
FS-LC-001,2025-08-13,135.6587
FS-LC-001,2025-08-14,136.3515
FS-LC-001,2025-08-15,135.4958
FS-LC-001,2025-08-18,135.3318
FS-LC-001,2025-08-19,137.0324
FS-LC-001,2025-08-20,137.4344
FS-LC-001,2025-08-21,136.4324
FS-LC-001,2025-08-22,135.8752
FS-LC-001,2025-08-25,135.0240
FS-LC-001,2025-08-26,136.2933
FS-LC-001,2025-08-27,136.7208
FS-LC-001,2025-08-28,138.9754
FS-LC-001,2025-08-29,138.9928
FS-LC-001,2025-09-01,137.2004
FS-LC-001,2025-09-02,137.3148
FS-LC-001,2025-09-03,137.4875
FS-LC-001,2025-09-04,139.3712
FS-LC-001,2025-09-05,139.3030
FS-LC-001,2025-09-08,140.3944
FS-LC-001,2025-09-09,139.3122
FS-LC-001,2025-09-10,138.5070
FS-LC-001,2025-09-11,138.3365
FS-LC-001,2025-09-12,139.1501
FS-LC-001,2025-09-15,140.2664
FS-LC-001,2025-09-16,138.9328
FS-LC-001,2025-09-17,138.5720
FS-LC-001,2025-09-18,138.9319
FS-LC-001,2025-09-19,139.6137
FS-LC-001,2025-09-22,131.9198
FS-LC-001,2025-09-23,133.1361
FS-LC-001,2025-09-24,133.2930
FS-LC-001,2025-09-25,132.6632
FS-LC-001,2025-09-26,132.3913
FS-LC-001,2025-09-29,132.9468
FS-LC-001,2025-09-30,134.9353
FS-LC-001,2025-10-01,135.4865
FS-LC-001,2025-10-02,136.8007
FS-LC-001,2025-10-03,135.3176
FS-LC-001,2025-10-06,136.0294
FS-LC-001,2025-10-07,136.3643
FS-LC-001,2025-10-08,136.6808
FS-LC-001,2025-10-09,135.5464
FS-LC-001,2025-10-10,136.2195
FS-LC-001,2025-10-13,136.5662
FS-LC-001,2025-10-14,137.0829
FS-LC-001,2025-10-15,137.9217
FS-LC-001,2025-10-16,138.4583
FS-LC-001,2025-10-17,139.6548
FS-LC-001,2025-10-20,138.6205
FS-LC-001,2025-10-21,137.0557
FS-LC-001,2025-10-22,135.2559
FS-LC-001,2025-10-23,133.8729
FS-LC-001,2025-10-24,134.6010
FS-LC-001,2025-10-27,134.5036
FS-LC-001,2025-10-28,134.4287
FS-LC-001,2025-10-29,135.5497
FS-LC-001,2025-10-30,135.3337
FS-LC-001,2025-10-31,134.0768
FS-LC-001,2025-11-03,133.8515
FS-LC-001,2025-11-04,133.9124
FS-LC-001,2025-11-05,134.3003
FS-LC-001,2025-11-06,135.9982
FS-LC-001,2025-11-07,135.8544
FS-LC-001,2025-11-10,135.2809
FS-LC-001,2025-11-11,135.7711
FS-LC-001,2025-11-12,136.4882
FS-LC-001,2025-11-13,136.5097
FS-LC-001,2025-11-14,136.6647
FS-LC-001,2025-11-17,137.5216
FS-LC-001,2025-11-18,138.2756
FS-LC-001,2025-11-19,138.6137
FS-LC-001,2025-11-20,136.9931
FS-LC-001,2025-11-21,135.8103
FS-LC-001,2025-11-24,133.9200
FS-LC-001,2025-11-25,134.4126
FS-LC-001,2025-11-26,136.3764
FS-LC-001,2025-11-27,135.5453
FS-LC-001,2025-11-28,136.3843
FS-LC-001,2025-12-01,139.3085
FS-LC-001,2025-12-02,139.2296
FS-LC-001,2025-12-03,138.3717
FS-LC-001,2025-12-04,137.6472
FS-LC-001,2025-12-05,138.1571
FS-LC-001,2025-12-08,138.7081
FS-LC-001,2025-12-09,139.2132
FS-LC-001,2025-12-10,139.7908
FS-LC-001,2025-12-11,139.7577
FS-LC-001,2025-12-12,140.5005
FS-LC-001,2025-12-15,139.9943
FS-LC-001,2025-12-16,140.0644
FS-LC-001,2025-12-17,139.6578
FS-LC-001,2025-12-18,139.8497
FS-LC-001,2025-12-19,139.6283
FS-LC-001,2025-12-22,139.4426
FS-LC-001,2025-12-23,140.4366
FS-LC-001,2025-12-24,140.0756
FS-LC-001,2025-12-25,139.9216
FS-LC-001,2025-12-26,140.5503
FS-LC-001,2025-12-29,140.8942
FS-LC-001,2025-12-30,140.1161
FS-LC-001,2025-12-31,140.2293
FS-LC-001,2026-01-01,141.1394
FS-LC-001,2026-01-02,141.8002
FS-LC-001,2026-01-05,141.4603
FS-LC-001,2026-01-06,139.9575
FS-LC-001,2026-01-07,139.5183
FS-LC-001,2026-01-08,139.5361
FS-LC-001,2026-01-09,139.2286
FS-LC-001,2026-01-12,139.6747
FS-LC-001,2026-01-13,138.9187
FS-LC-001,2026-01-14,144.0338
FS-LC-001,2026-01-15,140.4311
FS-LC-001,2026-01-16,139.9360
FS-LC-001,2026-01-19,139.6068
FS-LC-001,2026-01-20,141.7970
FS-LC-001,2026-01-21,143.2109
FS-LC-001,2026-01-22,145.5830
FS-LC-001,2026-01-23,146.6045
FS-LC-001,2026-01-26,149.1148
FS-LC-001,2026-01-27,149.0320
FS-LC-001,2026-01-28,149.1635
FS-LC-001,2026-01-29,149.0484
FS-LC-001,2026-01-30,147.2265
FS-LC-001,2026-02-02,148.2114
FS-LC-001,2026-02-03,149.5709
FS-LC-001,2026-02-04,147.9496
FS-LC-001,2026-02-05,150.5913
FS-LC-001,2026-02-06,152.4425
FS-LC-001,2026-02-09,152.4455
FS-LC-001,2026-02-10,155.1240
FS-LC-001,2026-02-11,155.6812
FS-LC-001,2026-02-12,149.2983
FS-LC-001,2026-02-13,148.3958
FS-LC-001,2026-02-16,148.2619
FS-LC-001,2026-02-17,147.0953
FS-LC-001,2026-02-18,147.1320
FS-LC-001,2026-02-19,147.0052
FS-LC-001,2026-02-20,143.8383
FS-LC-001,2026-02-23,142.6881
FS-LC-001,2026-02-24,145.3642
FS-LC-001,2026-02-25,145.8500
FS-LC-001,2026-02-26,146.1742
FS-LC-001,2026-02-27,145.8232
FS-LC-001,2026-03-02,148.2612
FS-LC-001,2026-03-03,146.5441
FS-LC-001,2026-03-04,148.6958
FS-LC-001,2026-03-05,148.0856
FS-LC-001,2026-03-06,148.4498
FS-LC-001,2026-03-09,147.6545
FS-LC-001,2026-03-10,145.5618
FS-LC-001,2026-03-11,144.8680
FS-LC-001,2026-03-12,145.8638
FS-LC-001,2026-03-13,147.1151
FS-LC-001,2026-03-16,148.3490
FS-LC-001,2026-03-17,143.0151
FS-LC-001,2026-03-18,137.3596
FS-LC-001,2026-03-19,137.7822
FS-LC-001,2026-03-20,136.8195
FS-LC-001,2026-03-23,134.8801
FS-LC-001,2026-03-24,134.1717
FS-LC-001,2026-03-25,134.7165
FS-LC-001,2026-03-26,133.6131
FS-LC-001,2026-03-27,136.3112
FS-LC-001,2026-03-30,133.8826
FS-LC-001,2026-03-31,135.3080
FS-LC-001,2026-04-01,134.4437
FS-LC-001,2026-04-02,134.7089
FS-LC-001,2026-04-03,134.7547
FS-LC-001,2026-04-06,133.0094
FS-LC-001,2026-04-07,132.7074
FS-LC-001,2026-04-08,131.9897
FS-LC-001,2026-04-09,131.2265
FS-LC-001,2026-04-10,130.5810
FS-LC-001,2026-04-13,130.7254
FS-LC-001,2026-04-14,131.7228
FS-LC-001,2026-04-15,130.7693
FS-LC-001,2026-04-16,131.3008
FS-LC-001,2026-04-17,131.6361
FS-LC-001,2026-04-20,132.1238
FS-LC-001,2026-04-21,132.0659
FS-LC-001,2026-04-22,133.6898
FS-LC-001,2026-04-23,135.3685
FS-LC-001,2026-04-24,136.3245
FS-LC-001,2026-04-27,135.1580
FS-LC-001,2026-04-28,135.0478
FS-LC-001,2026-04-29,135.9094
FS-LC-001,2026-04-30,138.1380
FS-LC-001,2026-05-01,138.7994
FS-LC-001,2026-05-04,139.0404
FS-LC-001,2026-05-05,137.3075
FS-LC-001,2026-05-06,135.6969
FS-LC-001,2026-05-07,132.8735
FS-LC-001,2026-05-08,134.3945
FS-LC-001,2026-05-11,133.6516
FS-LC-001,2026-05-12,132.8647
FS-LC-001,2026-05-13,132.2738
FS-LC-001,2026-05-14,131.1354
FS-LC-001,2026-05-15,129.9556
FS-LC-001,2026-05-18,128.8772
FS-LC-001,2026-05-19,125.9681
FS-LC-001,2026-05-20,125.5330
FS-LC-001,2026-05-21,124.3042
FS-LC-001,2026-05-22,125.0492
FS-LC-001,2026-05-25,124.9336
FS-LC-001,2026-05-26,122.5898
FS-LC-001,2026-05-27,122.7527
FS-LC-001,2026-05-28,121.9666
FS-LC-001,2026-05-29,122.7365
FS-LC-001,2026-06-01,123.2236
FS-LC-001,2026-06-02,122.5325
FS-LC-001,2026-06-03,121.8618
FS-LC-001,2026-06-04,122.1879
FS-LC-001,2026-06-05,122.7324
FS-LC-001,2026-06-08,125.8524
FS-LC-001,2026-06-09,124.9323
FS-LC-001,2026-06-10,122.7555
FS-LC-001,2026-06-11,123.7534
FS-LC-001,2026-06-12,123.3796
FS-LC-001,2026-06-15,122.9887
FS-LC-001,2026-06-16,121.4346
FS-LC-001,2026-06-17,121.0071
FS-LC-001,2026-06-18,120.6323
FS-LC-001,2026-06-19,119.6594
FS-LC-001,2026-06-22,119.0399
FS-LC-001,2026-06-23,118.6065
FS-LC-001,2026-06-24,118.7717
FS-LC-001,2026-06-25,119.5194
FS-LC-001,2026-06-26,120.7219
FS-LC-001,2026-06-29,121.4766
FS-LC-001,2026-06-30,121.3861
FS-LC-001,2026-07-01,121.7548
FS-LC-001,2026-07-02,122.2022
FS-LC-001,2026-07-03,121.3128
FS-LC-001,2026-07-06,120.7266
FS-LC-001,2026-07-07,120.3551
FS-LC-001,2026-07-08,121.0529
FS-LC-001,2026-07-09,120.9451
FS-LC-001,2026-07-10,121.5386
FS-LC-001,2026-07-13,121.9205
FS-LC-001,2026-07-14,119.8442
FS-LC-001,2026-07-15,120.5530
FS-LC-001,2026-07-16,120.6359
FS-LC-001,2026-07-17,121.8902
FS-LC-001,2026-07-20,123.5842
FS-LC-001,2026-07-21,125.1263
FS-LC-001,2026-07-22,125.0453
FS-LC-001,2026-07-23,123.6377
FS-LC-001,2026-07-24,123.6322
FS-LC-001,2026-07-27,124.8468
FS-LC-001,2026-07-28,124.2911
FS-LC-001,2026-07-29,122.7526
FS-LC-001,2026-07-30,123.5286
FS-LC-001,2026-07-31,123.8405
FS-LC-001,2026-08-03,123.9552
FS-LC-001,2026-08-04,123.2995
FS-LC-001,2026-08-05,124.0308
FS-LC-001,2026-08-06,124.7629
FS-LC-001,2026-08-07,122.1943
FS-LC-001,2026-08-10,122.8638
FS-LC-001,2026-08-11,122.3213
FS-LC-001,2026-08-12,118.9078
FS-LC-001,2026-08-13,119.0117
FS-LC-001,2026-08-14,117.8424
FS-LC-001,2026-08-17,116.8745
FS-LC-001,2026-08-18,115.2603
FS-LC-001,2026-08-19,113.5300
FS-LC-001,2026-08-20,114.0991
FS-LC-001,2026-08-21,113.2021
FS-LC-001,2026-08-24,113.9776
FS-LC-001,2026-08-25,114.6370
FS-LC-001,2026-08-26,114.2669
FS-LC-001,2026-08-27,114.5533
FS-LC-001,2026-08-28,115.2481
FS-LC-001,2026-08-31,116.4093
FS-LC-001,2026-09-01,115.9898
FS-LC-001,2026-09-02,115.5117
FS-LC-001,2026-09-03,115.6153
FS-LC-001,2026-09-04,115.5335
FS-LC-001,2026-09-07,115.9334
FS-LC-001,2026-09-08,115.3574
FS-LC-001,2026-09-09,116.1557
FS-LC-001,2026-09-10,115.9990
FS-LC-001,2026-09-11,116.8921
FS-LC-001,2026-09-14,116.0762
FS-LC-001,2026-09-15,115.2752
FS-LC-001,2026-09-16,114.3474
FS-LC-001,2026-09-17,114.5363
FS-LC-001,2026-09-18,113.8428
FS-LC-001,2026-09-21,114.7827
FS-LC-001,2026-09-22,114.5144
FS-LC-001,2026-09-23,115.2050
FS-LC-001,2026-09-24,113.9285
FS-LC-001,2026-09-25,110.6283
FS-LC-001,2026-09-28,109.7062
FS-LC-001,2026-09-29,108.3023
FS-LC-001,2026-09-30,106.9724
FS-MC-002,2021-01-04,88.8455
FS-MC-002,2021-01-05,87.9693
FS-MC-002,2021-01-06,88.6598
FS-MC-002,2021-01-07,89.2665
FS-MC-002,2021-01-08,89.5468
FS-MC-002,2021-01-11,88.8506
FS-MC-002,2021-01-12,88.3178
FS-MC-002,2021-01-13,88.2387
FS-MC-002,2021-01-14,88.9573
FS-MC-002,2021-01-15,88.8897
FS-MC-002,2021-01-18,89.8365
FS-MC-002,2021-01-19,91.3910
FS-MC-002,2021-01-20,92.3129
FS-MC-002,2021-01-21,91.9399
FS-MC-002,2021-01-22,92.9406
FS-MC-002,2021-01-25,92.3297
FS-MC-002,2021-01-26,91.2027
FS-MC-002,2021-01-27,88.6711
FS-MC-002,2021-01-28,88.3351
FS-MC-002,2021-01-29,88.9644
FS-MC-002,2021-02-01,86.7602
FS-MC-002,2021-02-02,86.3488
FS-MC-002,2021-02-03,86.6530
FS-MC-002,2021-02-04,87.1682
FS-MC-002,2021-02-05,86.7180
FS-MC-002,2021-02-08,87.9823
FS-MC-002,2021-02-09,88.2048
FS-MC-002,2021-02-10,87.8314
FS-MC-002,2021-02-11,88.4072
FS-MC-002,2021-02-12,86.4993
FS-MC-002,2021-02-15,85.5241
FS-MC-002,2021-02-16,86.2469
FS-MC-002,2021-02-17,87.3974
FS-MC-002,2021-02-18,87.6525
FS-MC-002,2021-02-19,88.7504
FS-MC-002,2021-02-22,88.2112
FS-MC-002,2021-02-23,88.6529
FS-MC-002,2021-02-24,89.0737
FS-MC-002,2021-02-25,89.5960
FS-MC-002,2021-02-26,89.9519
FS-MC-002,2021-03-01,90.5903
FS-MC-002,2021-03-02,90.2223
FS-MC-002,2021-03-03,92.3312
FS-MC-002,2021-03-04,92.2401
FS-MC-002,2021-03-05,93.8100
FS-MC-002,2021-03-08,93.7860
FS-MC-002,2021-03-09,93.1314
FS-MC-002,2021-03-10,93.4521
FS-MC-002,2021-03-11,93.9397
FS-MC-002,2021-03-12,92.2108
FS-MC-002,2021-03-15,91.5973
FS-MC-002,2021-03-16,90.8743
FS-MC-002,2021-03-17,91.2780
FS-MC-002,2021-03-18,90.3311
FS-MC-002,2021-03-19,91.5650
FS-MC-002,2021-03-22,91.4899
FS-MC-002,2021-03-23,92.0575
FS-MC-002,2021-03-24,91.2296
FS-MC-002,2021-03-25,90.4524
FS-MC-002,2021-03-26,89.6037
FS-MC-002,2021-03-29,87.9902
FS-MC-002,2021-03-30,86.0928
FS-MC-002,2021-03-31,85.0546
FS-MC-002,2021-04-01,85.2162
FS-MC-002,2021-04-02,84.5210
FS-MC-002,2021-04-05,83.2013
FS-MC-002,2021-04-06,83.0067
FS-MC-002,2021-04-07,82.8329
FS-MC-002,2021-04-08,83.6869
FS-MC-002,2021-04-09,83.6949
FS-MC-002,2021-04-12,83.5649
FS-MC-002,2021-04-13,83.4757
FS-MC-002,2021-04-14,84.3591
FS-MC-002,2021-04-15,84.7119
FS-MC-002,2021-04-16,84.0699
FS-MC-002,2021-04-19,83.3488
FS-MC-002,2021-04-20,83.2867
FS-MC-002,2021-04-21,82.6771
FS-MC-002,2021-04-22,83.2108
FS-MC-002,2021-04-23,82.5206
FS-MC-002,2021-04-26,82.5324
FS-MC-002,2021-04-27,82.9256
FS-MC-002,2021-04-28,81.8385
FS-MC-002,2021-04-29,82.2847
FS-MC-002,2021-04-30,82.1708
FS-MC-002,2021-05-03,83.7105
FS-MC-002,2021-05-04,83.5368
FS-MC-002,2021-05-05,82.8774
FS-MC-002,2021-05-06,81.3561
FS-MC-002,2021-05-07,81.1734
FS-MC-002,2021-05-10,82.4549
FS-MC-002,2021-05-11,81.2097
FS-MC-002,2021-05-12,81.9387
FS-MC-002,2021-05-13,81.5480
FS-MC-002,2021-05-14,81.2644
FS-MC-002,2021-05-17,81.4845
FS-MC-002,2021-05-18,81.2542
FS-MC-002,2021-05-19,80.9919
FS-MC-002,2021-05-20,81.4032
FS-MC-002,2021-05-21,81.0841
FS-MC-002,2021-05-24,81.8321
FS-MC-002,2021-05-25,83.8677
FS-MC-002,2021-05-26,84.5483
FS-MC-002,2021-05-27,85.1713
FS-MC-002,2021-05-28,85.4088
FS-MC-002,2021-05-31,85.7958
FS-MC-002,2021-06-01,86.9333
FS-MC-002,2021-06-02,86.3280
FS-MC-002,2021-06-03,85.3825
FS-MC-002,2021-06-04,84.6193
FS-MC-002,2021-06-07,85.0062
FS-MC-002,2021-06-08,85.1394
FS-MC-002,2021-06-09,85.3074
FS-MC-002,2021-06-10,84.7542
FS-MC-002,2021-06-11,84.1422
FS-MC-002,2021-06-14,84.1220
FS-MC-002,2021-06-15,84.0832
FS-MC-002,2021-06-16,84.5416
FS-MC-002,2021-06-17,84.3601
FS-MC-002,2021-06-18,84.3099
FS-MC-002,2021-06-21,83.8869
FS-MC-002,2021-06-22,83.2450
FS-MC-002,2021-06-23,82.6257
FS-MC-002,2021-06-24,82.8424
FS-MC-002,2021-06-25,83.1602
FS-MC-002,2021-06-28,84.3805
FS-MC-002,2021-06-29,83.6190
FS-MC-002,2021-06-30,83.9026
FS-MC-002,2021-07-01,83.8870
FS-MC-002,2021-07-02,83.3457
FS-MC-002,2021-07-05,82.7039
FS-MC-002,2021-07-06,81.2631
FS-MC-002,2021-07-07,81.3782
FS-MC-002,2021-07-08,81.5678
FS-MC-002,2021-07-09,80.8521
FS-MC-002,2021-07-12,82.6019
FS-MC-002,2021-07-13,82.8910
FS-MC-002,2021-07-14,83.0806
FS-MC-002,2021-07-15,82.2227
FS-MC-002,2021-07-16,82.9756
FS-MC-002,2021-07-19,83.6075
FS-MC-002,2021-07-20,83.4378
FS-MC-002,2021-07-21,84.0233
FS-MC-002,2021-07-22,83.9645
FS-MC-002,2021-07-23,83.0548
FS-MC-002,2021-07-26,83.4609
FS-MC-002,2021-07-27,83.7605
FS-MC-002,2021-07-28,83.9730
FS-MC-002,2021-07-29,83.4309
FS-MC-002,2021-07-30,83.0411
FS-MC-002,2021-08-02,83.0911
FS-MC-002,2021-08-03,83.3338
FS-MC-002,2021-08-04,83.2765
FS-MC-002,2021-08-05,82.2688
FS-MC-002,2021-08-06,81.7763
FS-MC-002,2021-08-09,82.0906
FS-MC-002,2021-08-10,83.2078
FS-MC-002,2021-08-11,84.1694
FS-MC-002,2021-08-12,83.1496
FS-MC-002,2021-08-13,81.2357
FS-MC-002,2021-08-16,82.9719
FS-MC-002,2021-08-17,83.6922
FS-MC-002,2021-08-18,81.8310
FS-MC-002,2021-08-19,81.8082
FS-MC-002,2021-08-20,81.5553
FS-MC-002,2021-08-23,83.0322
FS-MC-002,2021-08-24,82.9832
FS-MC-002,2021-08-25,83.3068
FS-MC-002,2021-08-26,82.7752
FS-MC-002,2021-08-27,82.8437
FS-MC-002,2021-08-30,83.1455
FS-MC-002,2021-08-31,84.2144
FS-MC-002,2021-09-01,84.3482
FS-MC-002,2021-09-02,84.9035
FS-MC-002,2021-09-03,85.3532
FS-MC-002,2021-09-06,85.2772
FS-MC-002,2021-09-07,87.3837
FS-MC-002,2021-09-08,86.0992
FS-MC-002,2021-09-09,86.7485
FS-MC-002,2021-09-10,87.0373
FS-MC-002,2021-09-13,87.1931
FS-MC-002,2021-09-14,86.3267
FS-MC-002,2021-09-15,86.2467
FS-MC-002,2021-09-16,86.9232
FS-MC-002,2021-09-17,87.0549
FS-MC-002,2021-09-20,87.9679
FS-MC-002,2021-09-21,87.3157
FS-MC-002,2021-09-22,88.0041
FS-MC-002,2021-09-23,89.5413
FS-MC-002,2021-09-24,89.1132
FS-MC-002,2021-09-27,88.7754
FS-MC-002,2021-09-28,89.6430
FS-MC-002,2021-09-29,90.0198
FS-MC-002,2021-09-30,90.9426
FS-MC-002,2021-10-01,91.9288
FS-MC-002,2021-10-04,90.7387
FS-MC-002,2021-10-05,90.5006
FS-MC-002,2021-10-06,89.6130
FS-MC-002,2021-10-07,90.4632
FS-MC-002,2021-10-08,90.6713
FS-MC-002,2021-10-11,91.0131
FS-MC-002,2021-10-12,90.6497
FS-MC-002,2021-10-13,91.1434
FS-MC-002,2021-10-14,93.4307
FS-MC-002,2021-10-15,94.8313
FS-MC-002,2021-10-18,93.7165
FS-MC-002,2021-10-19,93.3564
FS-MC-002,2021-10-20,93.4828
FS-MC-002,2021-10-21,92.6264
FS-MC-002,2021-10-22,91.5711
FS-MC-002,2021-10-25,91.5727
FS-MC-002,2021-10-26,90.9169
FS-MC-002,2021-10-27,89.7973
FS-MC-002,2021-10-28,88.2955
FS-MC-002,2021-10-29,88.3419
FS-MC-002,2021-11-01,88.9429
FS-MC-002,2021-11-02,87.9414
FS-MC-002,2021-11-03,88.0330
FS-MC-002,2021-11-04,86.8862
FS-MC-002,2021-11-05,88.1666
FS-MC-002,2021-11-08,88.9490
FS-MC-002,2021-11-09,90.2305
FS-MC-002,2021-11-10,89.5041
FS-MC-002,2021-11-11,90.3736
FS-MC-002,2021-11-12,90.1752
FS-MC-002,2021-11-15,90.5545
FS-MC-002,2021-11-16,89.8775
FS-MC-002,2021-11-17,89.5602
FS-MC-002,2021-11-18,90.6207
FS-MC-002,2021-11-19,90.6480
FS-MC-002,2021-11-22,91.8820
FS-MC-002,2021-11-23,93.5169
FS-MC-002,2021-11-24,91.8895
FS-MC-002,2021-11-25,90.8676
FS-MC-002,2021-11-26,90.6361
FS-MC-002,2021-11-29,90.7801
FS-MC-002,2021-11-30,89.8550
FS-MC-002,2021-12-01,89.4198
FS-MC-002,2021-12-02,89.5037
FS-MC-002,2021-12-03,87.9916
FS-MC-002,2021-12-06,88.5678
FS-MC-002,2021-12-07,89.8983
FS-MC-002,2021-12-08,90.9691
FS-MC-002,2021-12-09,90.4098
FS-MC-002,2021-12-10,89.4352
FS-MC-002,2021-12-13,89.4668
FS-MC-002,2021-12-14,88.4984
FS-MC-002,2021-12-15,87.9686
FS-MC-002,2021-12-16,89.0507
FS-MC-002,2021-12-17,89.7484
FS-MC-002,2021-12-20,90.3043
FS-MC-002,2021-12-21,89.1008
FS-MC-002,2021-12-22,88.6339
FS-MC-002,2021-12-23,90.5290
FS-MC-002,2021-12-24,91.9383
FS-MC-002,2021-12-27,92.1522
FS-MC-002,2021-12-28,94.1089
FS-MC-002,2021-12-29,93.7883
FS-MC-002,2021-12-30,93.6769
FS-MC-002,2021-12-31,93.1262
FS-MC-002,2022-01-03,92.0136
FS-MC-002,2022-01-04,91.5992
FS-MC-002,2022-01-05,93.5091
FS-MC-002,2022-01-06,94.2481
FS-MC-002,2022-01-07,95.5471
FS-MC-002,2022-01-10,93.7391
FS-MC-002,2022-01-11,93.9733
FS-MC-002,2022-01-12,94.7680
FS-MC-002,2022-01-13,94.4675
FS-MC-002,2022-01-14,93.3941
FS-MC-002,2022-01-17,94.4930
FS-MC-002,2022-01-18,94.9881
FS-MC-002,2022-01-19,94.5180
FS-MC-002,2022-01-20,94.6558
FS-MC-002,2022-01-21,93.1395
FS-MC-002,2022-01-24,93.0361
FS-MC-002,2022-01-25,93.3730
FS-MC-002,2022-01-26,91.8126
FS-MC-002,2022-01-27,93.7606
FS-MC-002,2022-01-28,93.6658
FS-MC-002,2022-01-31,93.1684
FS-MC-002,2022-02-01,92.2657
FS-MC-002,2022-02-02,93.9688
FS-MC-002,2022-02-03,93.4875
FS-MC-002,2022-02-04,95.6526
FS-MC-002,2022-02-07,96.1391
FS-MC-002,2022-02-08,97.6076
FS-MC-002,2022-02-09,98.0339
FS-MC-002,2022-02-10,98.1094
FS-MC-002,2022-02-11,97.3727
FS-MC-002,2022-02-14,98.0015
FS-MC-002,2022-02-15,96.8392
FS-MC-002,2022-02-16,96.8225
FS-MC-002,2022-02-17,97.6367
FS-MC-002,2022-02-18,100.6513
FS-MC-002,2022-02-21,102.2765
FS-MC-002,2022-02-22,101.3683
FS-MC-002,2022-02-23,100.8322
FS-MC-002,2022-02-24,98.9886
FS-MC-002,2022-02-25,98.8427
FS-MC-002,2022-02-28,99.9499
FS-MC-002,2022-03-01,100.4323
FS-MC-002,2022-03-02,100.4778
FS-MC-002,2022-03-03,100.5161
FS-MC-002,2022-03-04,100.5903
FS-MC-002,2022-03-07,99.3653
FS-MC-002,2022-03-08,100.1663
FS-MC-002,2022-03-09,100.3670
FS-MC-002,2022-03-10,99.5603
FS-MC-002,2022-03-11,98.9174
FS-MC-002,2022-03-14,98.8390
FS-MC-002,2022-03-15,99.1408
FS-MC-002,2022-03-16,99.9579
FS-MC-002,2022-03-17,100.8442
FS-MC-002,2022-03-18,101.6916
FS-MC-002,2022-03-21,102.4835
FS-MC-002,2022-03-22,103.3734
FS-MC-002,2022-03-23,104.8161
FS-MC-002,2022-03-24,105.4316
FS-MC-002,2022-03-25,104.9981
FS-MC-002,2022-03-28,105.2660
FS-MC-002,2022-03-29,106.8386
FS-MC-002,2022-03-30,105.3573
FS-MC-002,2022-03-31,105.9696
FS-MC-002,2022-04-01,104.4194
FS-MC-002,2022-04-04,105.7253
FS-MC-002,2022-04-05,104.7053
FS-MC-002,2022-04-06,104.2195
FS-MC-002,2022-04-07,104.2732
FS-MC-002,2022-04-08,103.4697
FS-MC-002,2022-04-11,103.1639
FS-MC-002,2022-04-12,103.2616
FS-MC-002,2022-04-13,102.6839
FS-MC-002,2022-04-14,102.7596
FS-MC-002,2022-04-15,101.2323
FS-MC-002,2022-04-18,102.4909
FS-MC-002,2022-04-19,104.5196
FS-MC-002,2022-04-20,106.0923
FS-MC-002,2022-04-21,104.4601
FS-MC-002,2022-04-22,104.3251
FS-MC-002,2022-04-25,104.2938
FS-MC-002,2022-04-26,105.8218
FS-MC-002,2022-04-27,106.0077
FS-MC-002,2022-04-28,106.0420
FS-MC-002,2022-04-29,105.8979
FS-MC-002,2022-05-02,106.9633
FS-MC-002,2022-05-03,107.2676
FS-MC-002,2022-05-04,107.8285
FS-MC-002,2022-05-05,106.7918
FS-MC-002,2022-05-06,105.0516
FS-MC-002,2022-05-09,104.1704
FS-MC-002,2022-05-10,103.3838
FS-MC-002,2022-05-11,102.2924
FS-MC-002,2022-05-12,103.6103
FS-MC-002,2022-05-13,103.3116
FS-MC-002,2022-05-16,103.8852
FS-MC-002,2022-05-17,100.9891
FS-MC-002,2022-05-18,101.8024
FS-MC-002,2022-05-19,101.1644
FS-MC-002,2022-05-20,107.2624
FS-MC-002,2022-05-23,107.4031
FS-MC-002,2022-05-24,112.5071
FS-MC-002,2022-05-25,113.2771
FS-MC-002,2022-05-26,115.2239
FS-MC-002,2022-05-27,119.3326
FS-MC-002,2022-05-30,118.7604
FS-MC-002,2022-05-31,121.0597
FS-MC-002,2022-06-01,118.9827
FS-MC-002,2022-06-02,114.8839
FS-MC-002,2022-06-03,116.3424
FS-MC-002,2022-06-06,114.8422
FS-MC-002,2022-06-07,120.6915
FS-MC-002,2022-06-08,120.1144
FS-MC-002,2022-06-09,116.0011
FS-MC-002,2022-06-10,114.6177
FS-MC-002,2022-06-13,110.2686
FS-MC-002,2022-06-14,108.2938
FS-MC-002,2022-06-15,107.6824
FS-MC-002,2022-06-16,107.5058
FS-MC-002,2022-06-17,108.2800
FS-MC-002,2022-06-20,109.4968
FS-MC-002,2022-06-21,103.5078
FS-MC-002,2022-06-22,103.5393
FS-MC-002,2022-06-23,103.7988
FS-MC-002,2022-06-24,104.6799
FS-MC-002,2022-06-27,105.5246
FS-MC-002,2022-06-28,102.9822
FS-MC-002,2022-06-29,106.8513
FS-MC-002,2022-06-30,104.9520
FS-MC-002,2022-07-01,104.7221
FS-MC-002,2022-07-04,104.7223
FS-MC-002,2022-07-05,102.3685
FS-MC-002,2022-07-06,104.0619
FS-MC-002,2022-07-07,104.2923
FS-MC-002,2022-07-08,102.6134
FS-MC-002,2022-07-11,102.6219
FS-MC-002,2022-07-12,102.0817
FS-MC-002,2022-07-13,102.8446
FS-MC-002,2022-07-14,103.1229
FS-MC-002,2022-07-15,102.2650
FS-MC-002,2022-07-18,100.4158
FS-MC-002,2022-07-19,100.3788
FS-MC-002,2022-07-20,101.0490
FS-MC-002,2022-07-21,101.9483
FS-MC-002,2022-07-22,101.9685
FS-MC-002,2022-07-25,103.0656
FS-MC-002,2022-07-26,104.5754
FS-MC-002,2022-07-27,103.5593
FS-MC-002,2022-07-28,103.0418
FS-MC-002,2022-07-29,103.6406
FS-MC-002,2022-08-01,103.9066
FS-MC-002,2022-08-02,105.5249
FS-MC-002,2022-08-03,105.4442
FS-MC-002,2022-08-04,105.2792
FS-MC-002,2022-08-05,105.9309
FS-MC-002,2022-08-08,105.7801
FS-MC-002,2022-08-09,106.9642
FS-MC-002,2022-08-10,107.5415
FS-MC-002,2022-08-11,108.3712
FS-MC-002,2022-08-12,107.8123
FS-MC-002,2022-08-15,109.7300
FS-MC-002,2022-08-16,109.5093
FS-MC-002,2022-08-17,110.0817
FS-MC-002,2022-08-18,110.3378
FS-MC-002,2022-08-19,110.6756
FS-MC-002,2022-08-22,111.8658
FS-MC-002,2022-08-23,113.4271
FS-MC-002,2022-08-24,114.6042
FS-MC-002,2022-08-25,114.2663
FS-MC-002,2022-08-26,115.1428
FS-MC-002,2022-08-29,115.7773
FS-MC-002,2022-08-30,115.7418
FS-MC-002,2022-08-31,115.1900
FS-MC-002,2022-09-01,115.0581
FS-MC-002,2022-09-02,116.0429
FS-MC-002,2022-09-05,115.1404
FS-MC-002,2022-09-06,115.1975
FS-MC-002,2022-09-07,114.7399
FS-MC-002,2022-09-08,115.1287
FS-MC-002,2022-09-09,115.3082
FS-MC-002,2022-09-12,115.4399
FS-MC-002,2022-09-13,116.4148
FS-MC-002,2022-09-14,115.3628
FS-MC-002,2022-09-15,115.4965
FS-MC-002,2022-09-16,115.4337
FS-MC-002,2022-09-19,115.4854
FS-MC-002,2022-09-20,116.3797
FS-MC-002,2022-09-21,116.4850
FS-MC-002,2022-09-22,116.2890
FS-MC-002,2022-09-23,117.4665
FS-MC-002,2022-09-26,118.6323
FS-MC-002,2022-09-27,119.6534
FS-MC-002,2022-09-28,121.2400
FS-MC-002,2022-09-29,122.0634
FS-MC-002,2022-09-30,121.5380
FS-MC-002,2022-10-03,120.8914
FS-MC-002,2022-10-04,120.3769
FS-MC-002,2022-10-05,121.0136
FS-MC-002,2022-10-06,120.7240
FS-MC-002,2022-10-07,119.3822
FS-MC-002,2022-10-10,119.1188
FS-MC-002,2022-10-11,119.7380
FS-MC-002,2022-10-12,120.0144
FS-MC-002,2022-10-13,120.2344
FS-MC-002,2022-10-14,119.1251
FS-MC-002,2022-10-17,119.4280
FS-MC-002,2022-10-18,120.0555
FS-MC-002,2022-10-19,120.8125
FS-MC-002,2022-10-20,121.4708
FS-MC-002,2022-10-21,121.8059
FS-MC-002,2022-10-24,121.0006
FS-MC-002,2022-10-25,121.8674
FS-MC-002,2022-10-26,120.9362
FS-MC-002,2022-10-27,120.5974
FS-MC-002,2022-10-28,118.4601
FS-MC-002,2022-10-31,119.2374
FS-MC-002,2022-11-01,118.7664
FS-MC-002,2022-11-02,117.9753
FS-MC-002,2022-11-03,118.6046
FS-MC-002,2022-11-04,117.3669
FS-MC-002,2022-11-07,115.8523
FS-MC-002,2022-11-08,116.3004
FS-MC-002,2022-11-09,117.3399
FS-MC-002,2022-11-10,117.5182
FS-MC-002,2022-11-11,116.6570
FS-MC-002,2022-11-14,116.1171
FS-MC-002,2022-11-15,117.7139
FS-MC-002,2022-11-16,116.0015
FS-MC-002,2022-11-17,115.9183
FS-MC-002,2022-11-18,116.4590
FS-MC-002,2022-11-21,116.8606
FS-MC-002,2022-11-22,116.7471
FS-MC-002,2022-11-23,118.6949
FS-MC-002,2022-11-24,116.7584
FS-MC-002,2022-11-25,117.3525
FS-MC-002,2022-11-28,115.6978
FS-MC-002,2022-11-29,116.1292
FS-MC-002,2022-11-30,116.1833
FS-MC-002,2022-12-01,116.7013
FS-MC-002,2022-12-02,117.6282
FS-MC-002,2022-12-05,118.1811
FS-MC-002,2022-12-06,119.5380
FS-MC-002,2022-12-07,117.5353
FS-MC-002,2022-12-08,117.2639
FS-MC-002,2022-12-09,116.9835
FS-MC-002,2022-12-12,119.4949
FS-MC-002,2022-12-13,119.5819
FS-MC-002,2022-12-14,119.2493
FS-MC-002,2022-12-15,121.4870
FS-MC-002,2022-12-16,122.4674
FS-MC-002,2022-12-19,122.1973
FS-MC-002,2022-12-20,122.0517
FS-MC-002,2022-12-21,122.8576
FS-MC-002,2022-12-22,124.7499
FS-MC-002,2022-12-23,125.4432
FS-MC-002,2022-12-26,124.2793
FS-MC-002,2022-12-27,124.7423
FS-MC-002,2022-12-28,121.8637
FS-MC-002,2022-12-29,122.2496
FS-MC-002,2022-12-30,120.2985
FS-MC-002,2023-01-02,119.5591
FS-MC-002,2023-01-03,119.5695
FS-MC-002,2023-01-04,117.1833
FS-MC-002,2023-01-05,117.5995
FS-MC-002,2023-01-06,118.0813
FS-MC-002,2023-01-09,118.0809
FS-MC-002,2023-01-10,118.0631
FS-MC-002,2023-01-11,117.4054
FS-MC-002,2023-01-12,117.6083
FS-MC-002,2023-01-13,118.0435
FS-MC-002,2023-01-16,117.6820
FS-MC-002,2023-01-17,117.3583
FS-MC-002,2023-01-18,119.7303
FS-MC-002,2023-01-19,120.1837
FS-MC-002,2023-01-20,120.9139
FS-MC-002,2023-01-23,123.2598
FS-MC-002,2023-01-24,123.2449
FS-MC-002,2023-01-25,123.9611
FS-MC-002,2023-01-26,125.8889
FS-MC-002,2023-01-27,126.0005
FS-MC-002,2023-01-30,126.8788
FS-MC-002,2023-01-31,125.3572
FS-MC-002,2023-02-01,123.9799
FS-MC-002,2023-02-02,124.1754
FS-MC-002,2023-02-03,126.6137
FS-MC-002,2023-02-06,127.2869
FS-MC-002,2023-02-07,128.0855
FS-MC-002,2023-02-08,127.9808
FS-MC-002,2023-02-09,128.9524
FS-MC-002,2023-02-10,129.3869
FS-MC-002,2023-02-13,130.8628
FS-MC-002,2023-02-14,131.8350
FS-MC-002,2023-02-15,132.6568
FS-MC-002,2023-02-16,131.3229
FS-MC-002,2023-02-17,133.2966
FS-MC-002,2023-02-20,132.1680
FS-MC-002,2023-02-21,131.2446
FS-MC-002,2023-02-22,130.6613
FS-MC-002,2023-02-23,128.9336
FS-MC-002,2023-02-24,127.8581
FS-MC-002,2023-02-27,130.5196
FS-MC-002,2023-02-28,129.5101
FS-MC-002,2023-03-01,129.5721
FS-MC-002,2023-03-02,129.4112
FS-MC-002,2023-03-03,129.4425
FS-MC-002,2023-03-06,128.2639
FS-MC-002,2023-03-07,128.9211
FS-MC-002,2023-03-08,129.0960
FS-MC-002,2023-03-09,130.0438
FS-MC-002,2023-03-10,132.0096
FS-MC-002,2023-03-13,130.3997
FS-MC-002,2023-03-14,130.2153
FS-MC-002,2023-03-15,132.7038
FS-MC-002,2023-03-16,131.9213
FS-MC-002,2023-03-17,132.4148
FS-MC-002,2023-03-20,132.4298
FS-MC-002,2023-03-21,132.7820
FS-MC-002,2023-03-22,131.8915
FS-MC-002,2023-03-23,132.4928
FS-MC-002,2023-03-24,132.2765
FS-MC-002,2023-03-27,133.6098
FS-MC-002,2023-03-28,133.6281
FS-MC-002,2023-03-29,133.6998
FS-MC-002,2023-03-30,131.1034
FS-MC-002,2023-03-31,131.6776
FS-MC-002,2023-04-03,130.9718
FS-MC-002,2023-04-04,130.4846
FS-MC-002,2023-04-05,131.2868
FS-MC-002,2023-04-06,133.1337
FS-MC-002,2023-04-07,130.6073
FS-MC-002,2023-04-10,130.7558
FS-MC-002,2023-04-11,130.5122
FS-MC-002,2023-04-12,129.5980
FS-MC-002,2023-04-13,128.9793
FS-MC-002,2023-04-14,126.8860
FS-MC-002,2023-04-17,125.9829
FS-MC-002,2023-04-18,127.7288
FS-MC-002,2023-04-19,131.8726
FS-MC-002,2023-04-20,131.2411
FS-MC-002,2023-04-21,130.6520
FS-MC-002,2023-04-24,129.1037
FS-MC-002,2023-04-25,127.5697
FS-MC-002,2023-04-26,130.6700
FS-MC-002,2023-04-27,128.3659
FS-MC-002,2023-04-28,131.4718
FS-MC-002,2023-05-01,130.2213
FS-MC-002,2023-05-02,129.7043
FS-MC-002,2023-05-03,129.3513
FS-MC-002,2023-05-04,128.2240
FS-MC-002,2023-05-05,127.4917
FS-MC-002,2023-05-08,128.0563
FS-MC-002,2023-05-09,130.1697
FS-MC-002,2023-05-10,130.9308
FS-MC-002,2023-05-11,132.0152
FS-MC-002,2023-05-12,131.5783
FS-MC-002,2023-05-15,128.1914
FS-MC-002,2023-05-16,129.9615
FS-MC-002,2023-05-17,129.2345
FS-MC-002,2023-05-18,131.0174
FS-MC-002,2023-05-19,130.0344
FS-MC-002,2023-05-22,130.4044
FS-MC-002,2023-05-23,129.9227
FS-MC-002,2023-05-24,130.1537
FS-MC-002,2023-05-25,132.0092
FS-MC-002,2023-05-26,133.6771
FS-MC-002,2023-05-29,135.9028
FS-MC-002,2023-05-30,137.7501
FS-MC-002,2023-05-31,137.5054
FS-MC-002,2023-06-01,136.6039
FS-MC-002,2023-06-02,135.3091
FS-MC-002,2023-06-05,137.1555
FS-MC-002,2023-06-06,136.0555
FS-MC-002,2023-06-07,135.6759
FS-MC-002,2023-06-08,136.9129
FS-MC-002,2023-06-09,137.7149
FS-MC-002,2023-06-12,138.3196
FS-MC-002,2023-06-13,137.8177
FS-MC-002,2023-06-14,137.6833
FS-MC-002,2023-06-15,136.8942
FS-MC-002,2023-06-16,133.5401
FS-MC-002,2023-06-19,134.6447
FS-MC-002,2023-06-20,134.7520
FS-MC-002,2023-06-21,135.9017
FS-MC-002,2023-06-22,135.9563
FS-MC-002,2023-06-23,138.4716
FS-MC-002,2023-06-26,139.4183
FS-MC-002,2023-06-27,139.3844
FS-MC-002,2023-06-28,139.9832
FS-MC-002,2023-06-29,143.8071
FS-MC-002,2023-06-30,144.1074
FS-MC-002,2023-07-03,147.6321
FS-MC-002,2023-07-04,146.7526
FS-MC-002,2023-07-05,147.2110
FS-MC-002,2023-07-06,149.2367
FS-MC-002,2023-07-07,151.1040
FS-MC-002,2023-07-10,151.9880
FS-MC-002,2023-07-11,152.8341
FS-MC-002,2023-07-12,152.1825
FS-MC-002,2023-07-13,152.4308
FS-MC-002,2023-07-14,153.4785
FS-MC-002,2023-07-17,155.1078
FS-MC-002,2023-07-18,154.2455
FS-MC-002,2023-07-19,154.4745
FS-MC-002,2023-07-20,153.0422
FS-MC-002,2023-07-21,153.8138
FS-MC-002,2023-07-24,153.8732
FS-MC-002,2023-07-25,155.3462
FS-MC-002,2023-07-26,155.7584
FS-MC-002,2023-07-27,157.7186
FS-MC-002,2023-07-28,158.2378
FS-MC-002,2023-07-31,159.9457
FS-MC-002,2023-08-01,161.3243
FS-MC-002,2023-08-02,161.2957
FS-MC-002,2023-08-03,161.2537
FS-MC-002,2023-08-04,161.5809
FS-MC-002,2023-08-07,159.3634
FS-MC-002,2023-08-08,159.5037
FS-MC-002,2023-08-09,161.0195
FS-MC-002,2023-08-10,161.6402
FS-MC-002,2023-08-11,160.0171
FS-MC-002,2023-08-14,159.5057
FS-MC-002,2023-08-15,160.8052
FS-MC-002,2023-08-16,163.9346
FS-MC-002,2023-08-17,165.8221
FS-MC-002,2023-08-18,166.6344
FS-MC-002,2023-08-21,167.2375
FS-MC-002,2023-08-22,167.5154
FS-MC-002,2023-08-23,169.3231
FS-MC-002,2023-08-24,169.8107
FS-MC-002,2023-08-25,169.5478
FS-MC-002,2023-08-28,170.1291
FS-MC-002,2023-08-29,171.9312
FS-MC-002,2023-08-30,170.8278
FS-MC-002,2023-08-31,170.8323
FS-MC-002,2023-09-01,170.5364
FS-MC-002,2023-09-04,171.0309
FS-MC-002,2023-09-05,170.5925
FS-MC-002,2023-09-06,171.7699
FS-MC-002,2023-09-07,170.6121
FS-MC-002,2023-09-08,170.6650
FS-MC-002,2023-09-11,168.5261
FS-MC-002,2023-09-12,170.7642
FS-MC-002,2023-09-13,169.4538
FS-MC-002,2023-09-14,171.2058
FS-MC-002,2023-09-15,167.7938
FS-MC-002,2023-09-18,164.5325
FS-MC-002,2023-09-19,161.4104
FS-MC-002,2023-09-20,163.2552
FS-MC-002,2023-09-21,160.1703
FS-MC-002,2023-09-22,160.2200
FS-MC-002,2023-09-25,161.4901
FS-MC-002,2023-09-26,162.0904
FS-MC-002,2023-09-27,161.7982
FS-MC-002,2023-09-28,162.6803
FS-MC-002,2023-09-29,164.2559
FS-MC-002,2023-10-02,163.4305
FS-MC-002,2023-10-03,164.4031
FS-MC-002,2023-10-04,163.5257
FS-MC-002,2023-10-05,164.6996
FS-MC-002,2023-10-06,164.0221
FS-MC-002,2023-10-09,162.3198
FS-MC-002,2023-10-10,160.8079
FS-MC-002,2023-10-11,160.0359
FS-MC-002,2023-10-12,159.8674
FS-MC-002,2023-10-13,158.3621
FS-MC-002,2023-10-16,158.0782
FS-MC-002,2023-10-17,158.1736
FS-MC-002,2023-10-18,156.7337
FS-MC-002,2023-10-19,156.4561
FS-MC-002,2023-10-20,154.9866
FS-MC-002,2023-10-23,154.8817
FS-MC-002,2023-10-24,155.9002
FS-MC-002,2023-10-25,157.9695
FS-MC-002,2023-10-26,159.1256
FS-MC-002,2023-10-27,159.1395
FS-MC-002,2023-10-30,159.6949
FS-MC-002,2023-10-31,160.4144
FS-MC-002,2023-11-01,160.2267
FS-MC-002,2023-11-02,162.2270
FS-MC-002,2023-11-03,163.6587
FS-MC-002,2023-11-06,162.6091
FS-MC-002,2023-11-07,160.5520
FS-MC-002,2023-11-08,160.6229
FS-MC-002,2023-11-09,162.7051
FS-MC-002,2023-11-10,161.1344
FS-MC-002,2023-11-13,162.3798
FS-MC-002,2023-11-14,164.0370
FS-MC-002,2023-11-15,162.0538
FS-MC-002,2023-11-16,161.0078
FS-MC-002,2023-11-17,158.5855
FS-MC-002,2023-11-20,158.1074
FS-MC-002,2023-11-21,157.4483
FS-MC-002,2023-11-22,156.2984
FS-MC-002,2023-11-23,157.2779
FS-MC-002,2023-11-24,154.6599
FS-MC-002,2023-11-27,153.2856
FS-MC-002,2023-11-28,153.5805
FS-MC-002,2023-11-29,153.3755
FS-MC-002,2023-11-30,153.8718
FS-MC-002,2023-12-01,153.8183
FS-MC-002,2023-12-04,153.5619
FS-MC-002,2023-12-05,154.5840
FS-MC-002,2023-12-06,155.6873
FS-MC-002,2023-12-07,155.4187
FS-MC-002,2023-12-08,155.0986
FS-MC-002,2023-12-11,154.2770
FS-MC-002,2023-12-12,153.8582
FS-MC-002,2023-12-13,152.4118
FS-MC-002,2023-12-14,154.2803
FS-MC-002,2023-12-15,155.2791
FS-MC-002,2023-12-18,154.8272
FS-MC-002,2023-12-19,157.7791
FS-MC-002,2023-12-20,159.9553
FS-MC-002,2023-12-21,159.7805
FS-MC-002,2023-12-22,159.9679
FS-MC-002,2023-12-25,159.1807
FS-MC-002,2023-12-26,158.8543
FS-MC-002,2023-12-27,158.6013
FS-MC-002,2023-12-28,156.7289
FS-MC-002,2023-12-29,155.3252
FS-MC-002,2024-01-01,157.3436
FS-MC-002,2024-01-02,159.2955
FS-MC-002,2024-01-03,159.1536
FS-MC-002,2024-01-04,160.2092
FS-MC-002,2024-01-05,161.2782
FS-MC-002,2024-01-08,156.0318
FS-MC-002,2024-01-09,157.3055
FS-MC-002,2024-01-10,157.2804
FS-MC-002,2024-01-11,157.8746
FS-MC-002,2024-01-12,157.2813
FS-MC-002,2024-01-15,158.9464
FS-MC-002,2024-01-16,159.4199
FS-MC-002,2024-01-17,159.7031
FS-MC-002,2024-01-18,158.7505
FS-MC-002,2024-01-19,160.5168
FS-MC-002,2024-01-22,160.8234
FS-MC-002,2024-01-23,160.2417
FS-MC-002,2024-01-24,159.9750
FS-MC-002,2024-01-25,159.7474
FS-MC-002,2024-01-26,159.4022
FS-MC-002,2024-01-29,159.6574
FS-MC-002,2024-01-30,163.1606
FS-MC-002,2024-01-31,164.7829
FS-MC-002,2024-02-01,165.1309
FS-MC-002,2024-02-02,161.5233
FS-MC-002,2024-02-05,163.0520
FS-MC-002,2024-02-06,162.2363
FS-MC-002,2024-02-07,162.7647
FS-MC-002,2024-02-08,162.9674
FS-MC-002,2024-02-09,161.3702
FS-MC-002,2024-02-12,162.2699
FS-MC-002,2024-02-13,162.6452
FS-MC-002,2024-02-14,163.8176
FS-MC-002,2024-02-15,164.3115
FS-MC-002,2024-02-16,165.1392
FS-MC-002,2024-02-19,166.9738
FS-MC-002,2024-02-20,166.9468
FS-MC-002,2024-02-21,167.3825
FS-MC-002,2024-02-22,167.4545
FS-MC-002,2024-02-23,171.0676
FS-MC-002,2024-02-26,172.5647
FS-MC-002,2024-02-27,171.7455
FS-MC-002,2024-02-28,172.7594
FS-MC-002,2024-02-29,172.9969
FS-MC-002,2024-03-01,174.3220
FS-MC-002,2024-03-04,173.4389
FS-MC-002,2024-03-05,173.2545
FS-MC-002,2024-03-06,172.1526
FS-MC-002,2024-03-07,173.6903
FS-MC-002,2024-03-08,170.5854
FS-MC-002,2024-03-11,173.3769
FS-MC-002,2024-03-12,171.8466
FS-MC-002,2024-03-13,172.3204
FS-MC-002,2024-03-14,172.5267
FS-MC-002,2024-03-15,172.3951
FS-MC-002,2024-03-18,170.3734
FS-MC-002,2024-03-19,171.0516
FS-MC-002,2024-03-20,173.0613
FS-MC-002,2024-03-21,169.1844
FS-MC-002,2024-03-22,167.2599
FS-MC-002,2024-03-25,170.4312
FS-MC-002,2024-03-26,172.5875
FS-MC-002,2024-03-27,172.2870
FS-MC-002,2024-03-28,174.0258
FS-MC-002,2024-03-29,176.4100
FS-MC-002,2024-04-01,175.9337
FS-MC-002,2024-04-02,175.5033
FS-MC-002,2024-04-03,173.4613
FS-MC-002,2024-04-04,172.7543
FS-MC-002,2024-04-05,170.2298
FS-MC-002,2024-04-08,169.9208
FS-MC-002,2024-04-09,170.7487
FS-MC-002,2024-04-10,172.9703
FS-MC-002,2024-04-11,174.2700
FS-MC-002,2024-04-12,173.9871
FS-MC-002,2024-04-15,173.5924
FS-MC-002,2024-04-16,173.6366
FS-MC-002,2024-04-17,172.1986
FS-MC-002,2024-04-18,174.0065
FS-MC-002,2024-04-19,174.0052
FS-MC-002,2024-04-22,175.3287
FS-MC-002,2024-04-23,173.8668
FS-MC-002,2024-04-24,173.2676
FS-MC-002,2024-04-25,172.2306
FS-MC-002,2024-04-26,174.6089
FS-MC-002,2024-04-29,174.0218
FS-MC-002,2024-04-30,173.4232
FS-MC-002,2024-05-01,171.2102
FS-MC-002,2024-05-02,171.8853
FS-MC-002,2024-05-03,171.1830
FS-MC-002,2024-05-06,172.3268
FS-MC-002,2024-05-07,171.7216
FS-MC-002,2024-05-08,171.4182
FS-MC-002,2024-05-09,173.3585
FS-MC-002,2024-05-10,173.0605
FS-MC-002,2024-05-13,172.8441
FS-MC-002,2024-05-14,173.9305
FS-MC-002,2024-05-15,172.1459
FS-MC-002,2024-05-16,171.5997
FS-MC-002,2024-05-17,170.4872
FS-MC-002,2024-05-20,171.2980
FS-MC-002,2024-05-21,172.2017
FS-MC-002,2024-05-22,170.0160
FS-MC-002,2024-05-23,171.7962
FS-MC-002,2024-05-24,173.8562
FS-MC-002,2024-05-27,174.6536
FS-MC-002,2024-05-28,174.0248
FS-MC-002,2024-05-29,172.1302
FS-MC-002,2024-05-30,169.4416
FS-MC-002,2024-05-31,167.4487
FS-MC-002,2024-06-03,170.0809
FS-MC-002,2024-06-04,159.9399
FS-MC-002,2024-06-05,169.4457
FS-MC-002,2024-06-06,166.4360
FS-MC-002,2024-06-07,174.2757
FS-MC-002,2024-06-10,175.2011
FS-MC-002,2024-06-11,177.4449
FS-MC-002,2024-06-12,175.2913
FS-MC-002,2024-06-13,181.1556
FS-MC-002,2024-06-14,179.4143
FS-MC-002,2024-06-17,182.6158
FS-MC-002,2024-06-18,181.7386
FS-MC-002,2024-06-19,183.4244
FS-MC-002,2024-06-20,188.1797
FS-MC-002,2024-06-21,183.8199
FS-MC-002,2024-06-24,179.5794
FS-MC-002,2024-06-25,180.2971
FS-MC-002,2024-06-26,177.6405
FS-MC-002,2024-06-27,176.9221
FS-MC-002,2024-06-28,183.7882
FS-MC-002,2024-07-01,182.9631
FS-MC-002,2024-07-02,182.9947
FS-MC-002,2024-07-03,183.4845
FS-MC-002,2024-07-04,181.5670
FS-MC-002,2024-07-05,181.8217
FS-MC-002,2024-07-08,178.3690
FS-MC-002,2024-07-09,180.4252
FS-MC-002,2024-07-10,179.8284
FS-MC-002,2024-07-11,182.9142
FS-MC-002,2024-07-12,185.0223
FS-MC-002,2024-07-15,183.1811
FS-MC-002,2024-07-16,183.3553
FS-MC-002,2024-07-17,185.1255
FS-MC-002,2024-07-18,187.1102
FS-MC-002,2024-07-19,187.6086
FS-MC-002,2024-07-22,187.5587
FS-MC-002,2024-07-23,185.3730
FS-MC-002,2024-07-24,188.4036
FS-MC-002,2024-07-25,188.2972
FS-MC-002,2024-07-26,188.6897
FS-MC-002,2024-07-29,191.8083
FS-MC-002,2024-07-30,188.4576
FS-MC-002,2024-07-31,188.1257
FS-MC-002,2024-08-01,189.6284
FS-MC-002,2024-08-02,188.2082
FS-MC-002,2024-08-05,186.6035
FS-MC-002,2024-08-06,188.2408
FS-MC-002,2024-08-07,186.6757
FS-MC-002,2024-08-08,186.0965
FS-MC-002,2024-08-09,186.0569
FS-MC-002,2024-08-12,187.4200
FS-MC-002,2024-08-13,186.0764
FS-MC-002,2024-08-14,187.5306
FS-MC-002,2024-08-15,188.4602
FS-MC-002,2024-08-16,188.2504
FS-MC-002,2024-08-19,187.6950
FS-MC-002,2024-08-20,187.0719
FS-MC-002,2024-08-21,189.6109
FS-MC-002,2024-08-22,186.4045
FS-MC-002,2024-08-23,187.6157
FS-MC-002,2024-08-26,187.6762
FS-MC-002,2024-08-27,189.2008
FS-MC-002,2024-08-28,191.9100
FS-MC-002,2024-08-29,191.3738
FS-MC-002,2024-08-30,191.1646
FS-MC-002,2024-09-02,189.5942
FS-MC-002,2024-09-03,190.4388
FS-MC-002,2024-09-04,189.6328
FS-MC-002,2024-09-05,190.5031
FS-MC-002,2024-09-06,186.3517
FS-MC-002,2024-09-09,186.0074
FS-MC-002,2024-09-10,183.8999
FS-MC-002,2024-09-11,186.0844
FS-MC-002,2024-09-12,185.5484
FS-MC-002,2024-09-13,184.2125
FS-MC-002,2024-09-16,186.9000
FS-MC-002,2024-09-17,184.0091
FS-MC-002,2024-09-18,183.8682
FS-MC-002,2024-09-19,181.6019
FS-MC-002,2024-09-20,182.8791
FS-MC-002,2024-09-23,182.0297
FS-MC-002,2024-09-24,179.2995
FS-MC-002,2024-09-25,176.4192
FS-MC-002,2024-09-26,173.0944
FS-MC-002,2024-09-27,171.7934
FS-MC-002,2024-09-30,171.0103
FS-MC-002,2024-10-01,172.0483
FS-MC-002,2024-10-02,171.9638
FS-MC-002,2024-10-03,172.2885
FS-MC-002,2024-10-04,170.8286
FS-MC-002,2024-10-07,171.6414
FS-MC-002,2024-10-08,173.2259
FS-MC-002,2024-10-09,172.1411
FS-MC-002,2024-10-10,172.6292
FS-MC-002,2024-10-11,173.1614
FS-MC-002,2024-10-14,173.5721
FS-MC-002,2024-10-15,170.8664
FS-MC-002,2024-10-16,175.0622
FS-MC-002,2024-10-17,175.6299
FS-MC-002,2024-10-18,177.1402
FS-MC-002,2024-10-21,175.7022
FS-MC-002,2024-10-22,174.8929
FS-MC-002,2024-10-23,176.8648
FS-MC-002,2024-10-24,174.5546
FS-MC-002,2024-10-25,174.6122
FS-MC-002,2024-10-28,175.9672
FS-MC-002,2024-10-29,178.3210
FS-MC-002,2024-10-30,179.1544
FS-MC-002,2024-10-31,178.5599
FS-MC-002,2024-11-01,179.5573
FS-MC-002,2024-11-04,180.3941
FS-MC-002,2024-11-05,177.0758
FS-MC-002,2024-11-06,175.8622
FS-MC-002,2024-11-07,175.9959
FS-MC-002,2024-11-08,177.8956
FS-MC-002,2024-11-11,181.3920
FS-MC-002,2024-11-12,182.1608
FS-MC-002,2024-11-13,181.6406
FS-MC-002,2024-11-14,179.2636
FS-MC-002,2024-11-15,178.0477
FS-MC-002,2024-11-18,179.1374
FS-MC-002,2024-11-19,178.9421
FS-MC-002,2024-11-20,176.3365
FS-MC-002,2024-11-21,178.5804
FS-MC-002,2024-11-22,178.8731
FS-MC-002,2024-11-25,178.3721
FS-MC-002,2024-11-26,177.3440
FS-MC-002,2024-11-27,175.8302
FS-MC-002,2024-11-28,178.5725
FS-MC-002,2024-11-29,178.5943
FS-MC-002,2024-12-02,180.6498
FS-MC-002,2024-12-03,178.3513
FS-MC-002,2024-12-04,177.3262
FS-MC-002,2024-12-05,179.8687
FS-MC-002,2024-12-06,180.6321
FS-MC-002,2024-12-09,182.5118
FS-MC-002,2024-12-10,181.5755
FS-MC-002,2024-12-11,182.3798
FS-MC-002,2024-12-12,183.6752
FS-MC-002,2024-12-13,181.8340
FS-MC-002,2024-12-16,181.1347
FS-MC-002,2024-12-17,178.0210
FS-MC-002,2024-12-18,176.1711
FS-MC-002,2024-12-19,175.6321
FS-MC-002,2024-12-20,175.1111
FS-MC-002,2024-12-23,174.3165
FS-MC-002,2024-12-24,174.8177
FS-MC-002,2024-12-25,172.9758
FS-MC-002,2024-12-26,174.0699
FS-MC-002,2024-12-27,175.4350
FS-MC-002,2024-12-30,176.2816
FS-MC-002,2024-12-31,177.2343
FS-MC-002,2025-01-01,180.5414
FS-MC-002,2025-01-02,181.6281
FS-MC-002,2025-01-03,179.7279
FS-MC-002,2025-01-06,180.6781
FS-MC-002,2025-01-07,180.6690
FS-MC-002,2025-01-08,178.6331
FS-MC-002,2025-01-09,179.8925
FS-MC-002,2025-01-10,180.8243
FS-MC-002,2025-01-13,181.7034
FS-MC-002,2025-01-14,179.6296
FS-MC-002,2025-01-15,182.6873
FS-MC-002,2025-01-16,182.8670
FS-MC-002,2025-01-17,182.0593
FS-MC-002,2025-01-20,184.0869
FS-MC-002,2025-01-21,185.0390
FS-MC-002,2025-01-22,184.2595
FS-MC-002,2025-01-23,186.7410
FS-MC-002,2025-01-24,184.8485
FS-MC-002,2025-01-27,184.6092
FS-MC-002,2025-01-28,184.8775
FS-MC-002,2025-01-29,185.6927
FS-MC-002,2025-01-30,184.4901
FS-MC-002,2025-01-31,185.5286
FS-MC-002,2025-02-03,185.5687
FS-MC-002,2025-02-04,186.1722
FS-MC-002,2025-02-05,185.2367
FS-MC-002,2025-02-06,183.2876
FS-MC-002,2025-02-07,195.7631
FS-MC-002,2025-02-10,196.2640
FS-MC-002,2025-02-11,197.5127
FS-MC-002,2025-02-12,200.3902
FS-MC-002,2025-02-13,199.3336
FS-MC-002,2025-02-14,203.1366
FS-MC-002,2025-02-17,204.4394
FS-MC-002,2025-02-18,205.4164
FS-MC-002,2025-02-19,206.0287
FS-MC-002,2025-02-20,206.4533
FS-MC-002,2025-02-21,207.5371
FS-MC-002,2025-02-24,209.3744
FS-MC-002,2025-02-25,209.9087
FS-MC-002,2025-02-26,207.8789
FS-MC-002,2025-02-27,207.6972
FS-MC-002,2025-02-28,206.3193
FS-MC-002,2025-03-03,207.5169
FS-MC-002,2025-03-04,211.4315
FS-MC-002,2025-03-05,210.8308
FS-MC-002,2025-03-06,210.4203
FS-MC-002,2025-03-07,210.0897
FS-MC-002,2025-03-10,210.7341
FS-MC-002,2025-03-11,209.8077
FS-MC-002,2025-03-12,213.1292
FS-MC-002,2025-03-13,211.4484
FS-MC-002,2025-03-14,214.7139
FS-MC-002,2025-03-17,215.8026
FS-MC-002,2025-03-18,215.0986
FS-MC-002,2025-03-19,215.0289
FS-MC-002,2025-03-20,218.4867
FS-MC-002,2025-03-21,217.9907
FS-MC-002,2025-03-24,212.5275
FS-MC-002,2025-03-25,212.7163
FS-MC-002,2025-03-26,213.7148
FS-MC-002,2025-03-27,213.8177
FS-MC-002,2025-03-28,211.6881
FS-MC-002,2025-03-31,211.1165
FS-MC-002,2025-04-01,212.1066
FS-MC-002,2025-04-02,210.7658
FS-MC-002,2025-04-03,219.9330
FS-MC-002,2025-04-04,219.8322
FS-MC-002,2025-04-07,218.1389
FS-MC-002,2025-04-08,218.8546
FS-MC-002,2025-04-09,219.3169
FS-MC-002,2025-04-10,215.7452
FS-MC-002,2025-04-11,214.4138
FS-MC-002,2025-04-14,214.9188
FS-MC-002,2025-04-15,212.1171
FS-MC-002,2025-04-16,212.7712
FS-MC-002,2025-04-17,212.6595
FS-MC-002,2025-04-18,214.7472
FS-MC-002,2025-04-21,215.2610
FS-MC-002,2025-04-22,214.7258
FS-MC-002,2025-04-23,213.4290
FS-MC-002,2025-04-24,212.9026
FS-MC-002,2025-04-25,211.3581
FS-MC-002,2025-04-28,213.7407
FS-MC-002,2025-04-29,212.9547
FS-MC-002,2025-04-30,212.9826
FS-MC-002,2025-05-01,209.3809
FS-MC-002,2025-05-02,208.0121
FS-MC-002,2025-05-05,208.7256
FS-MC-002,2025-05-06,206.3663
FS-MC-002,2025-05-07,205.5631
FS-MC-002,2025-05-08,205.8975
FS-MC-002,2025-05-09,208.2982
FS-MC-002,2025-05-12,204.3096
FS-MC-002,2025-05-13,200.7982
FS-MC-002,2025-05-14,201.7819
FS-MC-002,2025-05-15,201.8197
FS-MC-002,2025-05-16,200.6145
FS-MC-002,2025-05-19,197.1736
FS-MC-002,2025-05-20,198.8507
FS-MC-002,2025-05-21,202.2602
FS-MC-002,2025-05-22,200.4551
FS-MC-002,2025-05-23,202.0838
FS-MC-002,2025-05-26,201.4129
FS-MC-002,2025-05-27,201.1613
FS-MC-002,2025-05-28,201.9119
FS-MC-002,2025-05-29,205.5121
FS-MC-002,2025-05-30,208.8284
FS-MC-002,2025-06-02,212.4348
FS-MC-002,2025-06-03,212.3806
FS-MC-002,2025-06-04,213.4073
FS-MC-002,2025-06-05,210.9504
FS-MC-002,2025-06-06,212.0567
FS-MC-002,2025-06-09,210.9928
FS-MC-002,2025-06-10,212.1157
FS-MC-002,2025-06-11,213.8945
FS-MC-002,2025-06-12,211.8371
FS-MC-002,2025-06-13,212.9955
FS-MC-002,2025-06-16,212.7058
FS-MC-002,2025-06-17,211.8600
FS-MC-002,2025-06-18,214.2086
FS-MC-002,2025-06-19,213.6759
FS-MC-002,2025-06-20,213.6233
FS-MC-002,2025-06-23,210.6999
FS-MC-002,2025-06-24,208.0084
FS-MC-002,2025-06-25,208.8183
FS-MC-002,2025-06-26,207.9668
FS-MC-002,2025-06-27,207.0649
FS-MC-002,2025-06-30,209.2622
FS-MC-002,2025-07-01,211.1723
FS-MC-002,2025-07-02,212.4759
FS-MC-002,2025-07-03,212.8642
FS-MC-002,2025-07-04,214.4769
FS-MC-002,2025-07-07,214.2670
FS-MC-002,2025-07-08,213.1749
FS-MC-002,2025-07-09,215.9519
FS-MC-002,2025-07-10,215.8107
FS-MC-002,2025-07-11,216.8828
FS-MC-002,2025-07-14,213.0841
FS-MC-002,2025-07-15,214.0462
FS-MC-002,2025-07-16,215.5595
FS-MC-002,2025-07-17,213.2259
FS-MC-002,2025-07-18,212.4169
FS-MC-002,2025-07-21,211.2382
FS-MC-002,2025-07-22,210.9077
FS-MC-002,2025-07-23,212.3701
FS-MC-002,2025-07-24,211.7351
FS-MC-002,2025-07-25,212.2083
FS-MC-002,2025-07-28,211.6831
FS-MC-002,2025-07-29,213.2401
FS-MC-002,2025-07-30,213.0694
FS-MC-002,2025-07-31,213.5578
FS-MC-002,2025-08-01,213.2376
FS-MC-002,2025-08-04,210.7590
FS-MC-002,2025-08-05,208.0267
FS-MC-002,2025-08-06,209.4084
FS-MC-002,2025-08-07,208.9832
FS-MC-002,2025-08-08,209.1092
FS-MC-002,2025-08-11,207.9334
FS-MC-002,2025-08-12,208.1054
FS-MC-002,2025-08-13,210.8741
FS-MC-002,2025-08-14,212.6445
FS-MC-002,2025-08-15,213.0692
FS-MC-002,2025-08-18,212.3791
FS-MC-002,2025-08-19,215.0096
FS-MC-002,2025-08-20,216.9017
FS-MC-002,2025-08-21,204.3214
FS-MC-002,2025-08-22,202.0594
FS-MC-002,2025-08-25,200.5352
FS-MC-002,2025-08-26,203.4219
FS-MC-002,2025-08-27,201.9049
FS-MC-002,2025-08-28,204.4907
FS-MC-002,2025-08-29,203.7930
FS-MC-002,2025-09-01,201.0897
FS-MC-002,2025-09-02,201.5601
FS-MC-002,2025-09-03,201.8232
FS-MC-002,2025-09-04,204.3892
FS-MC-002,2025-09-05,205.0564
FS-MC-002,2025-09-08,205.5117
FS-MC-002,2025-09-09,202.8265
FS-MC-002,2025-09-10,201.2688
FS-MC-002,2025-09-11,202.4790
FS-MC-002,2025-09-12,201.9157
FS-MC-002,2025-09-15,203.0174
FS-MC-002,2025-09-16,200.5644
FS-MC-002,2025-09-17,200.4899
FS-MC-002,2025-09-18,202.1657
FS-MC-002,2025-09-19,201.2613
FS-MC-002,2025-09-22,190.4564
FS-MC-002,2025-09-23,193.0188
FS-MC-002,2025-09-24,193.6460
FS-MC-002,2025-09-25,192.8192
FS-MC-002,2025-09-26,191.6302
FS-MC-002,2025-09-29,193.1267
FS-MC-002,2025-09-30,198.2424
FS-MC-002,2025-10-01,199.0555
FS-MC-002,2025-10-02,201.6456
FS-MC-002,2025-10-03,200.6283
FS-MC-002,2025-10-06,201.6550
FS-MC-002,2025-10-07,201.6422
FS-MC-002,2025-10-08,201.4102
FS-MC-002,2025-10-09,200.3109
FS-MC-002,2025-10-10,201.1851
FS-MC-002,2025-10-13,202.3745
FS-MC-002,2025-10-14,203.7957
FS-MC-002,2025-10-15,205.6565
FS-MC-002,2025-10-16,208.0372
FS-MC-002,2025-10-17,209.2301
FS-MC-002,2025-10-20,207.0340
FS-MC-002,2025-10-21,204.7084
FS-MC-002,2025-10-22,202.6248
FS-MC-002,2025-10-23,200.8005
FS-MC-002,2025-10-24,199.5448
FS-MC-002,2025-10-27,200.1522
FS-MC-002,2025-10-28,200.5099
FS-MC-002,2025-10-29,202.8878
FS-MC-002,2025-10-30,201.9067
FS-MC-002,2025-10-31,199.0724
FS-MC-002,2025-11-03,201.0600
FS-MC-002,2025-11-04,201.2136
FS-MC-002,2025-11-05,202.5766
FS-MC-002,2025-11-06,205.5032
FS-MC-002,2025-11-07,208.1707
FS-MC-002,2025-11-10,208.0498
FS-MC-002,2025-11-11,207.6771
FS-MC-002,2025-11-12,209.2694
FS-MC-002,2025-11-13,210.4871
FS-MC-002,2025-11-14,212.3435
FS-MC-002,2025-11-17,215.1860
FS-MC-002,2025-11-18,217.8876
FS-MC-002,2025-11-19,219.3091
FS-MC-002,2025-11-20,216.4391
FS-MC-002,2025-11-21,214.4513
FS-MC-002,2025-11-24,211.8026
FS-MC-002,2025-11-25,211.5123
FS-MC-002,2025-11-26,215.9148
FS-MC-002,2025-11-27,215.6257
FS-MC-002,2025-11-28,216.7204
FS-MC-002,2025-12-01,221.9020
FS-MC-002,2025-12-02,221.7766
FS-MC-002,2025-12-03,218.8841
FS-MC-002,2025-12-04,217.4408
FS-MC-002,2025-12-05,217.5802
FS-MC-002,2025-12-08,218.6771
FS-MC-002,2025-12-09,220.6007
FS-MC-002,2025-12-10,221.2561
FS-MC-002,2025-12-11,221.7314
FS-MC-002,2025-12-12,222.0409
FS-MC-002,2025-12-15,220.8476
FS-MC-002,2025-12-16,222.0580
FS-MC-002,2025-12-17,219.4634
FS-MC-002,2025-12-18,220.5843
FS-MC-002,2025-12-19,218.8990
FS-MC-002,2025-12-22,216.6596
FS-MC-002,2025-12-23,219.2800
FS-MC-002,2025-12-24,219.7129
FS-MC-002,2025-12-25,220.9333
FS-MC-002,2025-12-26,220.9539
FS-MC-002,2025-12-29,221.2190
FS-MC-002,2025-12-30,221.8974
FS-MC-002,2025-12-31,219.9376
FS-MC-002,2026-01-01,221.6695
FS-MC-002,2026-01-02,223.8540
FS-MC-002,2026-01-05,222.0980
FS-MC-002,2026-01-06,218.2954
FS-MC-002,2026-01-07,217.5438
FS-MC-002,2026-01-08,217.3317
FS-MC-002,2026-01-09,216.6373
FS-MC-002,2026-01-12,216.7654
FS-MC-002,2026-01-13,214.9197
FS-MC-002,2026-01-14,223.2468
FS-MC-002,2026-01-15,217.0629
FS-MC-002,2026-01-16,217.3968
FS-MC-002,2026-01-19,215.9288
FS-MC-002,2026-01-20,220.6099
FS-MC-002,2026-01-21,223.2240
FS-MC-002,2026-01-22,229.9021
FS-MC-002,2026-01-23,230.7139
FS-MC-002,2026-01-26,233.6593
FS-MC-002,2026-01-27,230.8550
FS-MC-002,2026-01-28,229.8203
FS-MC-002,2026-01-29,226.7515
FS-MC-002,2026-01-30,224.8358
FS-MC-002,2026-02-02,228.7425
FS-MC-002,2026-02-03,231.1183
FS-MC-002,2026-02-04,228.6874
FS-MC-002,2026-02-05,232.3348
FS-MC-002,2026-02-06,236.3951
FS-MC-002,2026-02-09,236.2621
FS-MC-002,2026-02-10,239.5403
FS-MC-002,2026-02-11,239.3137
FS-MC-002,2026-02-12,236.8658
FS-MC-002,2026-02-13,234.5035
FS-MC-002,2026-02-16,234.0648
FS-MC-002,2026-02-17,231.5749
FS-MC-002,2026-02-18,232.2521
FS-MC-002,2026-02-19,232.2304
FS-MC-002,2026-02-20,226.2309
FS-MC-002,2026-02-23,226.6206
FS-MC-002,2026-02-24,229.8804
FS-MC-002,2026-02-25,233.3843
FS-MC-002,2026-02-26,232.6210
FS-MC-002,2026-02-27,232.5839
FS-MC-002,2026-03-02,234.6599
FS-MC-002,2026-03-03,231.0680
FS-MC-002,2026-03-04,235.6780
FS-MC-002,2026-03-05,231.7337
FS-MC-002,2026-03-06,233.0268
FS-MC-002,2026-03-09,233.3853
FS-MC-002,2026-03-10,229.7982
FS-MC-002,2026-03-11,227.6737
FS-MC-002,2026-03-12,228.9924
FS-MC-002,2026-03-13,230.5055
FS-MC-002,2026-03-16,233.5099
FS-MC-002,2026-03-17,223.0190
FS-MC-002,2026-03-18,212.8074
FS-MC-002,2026-03-19,212.1609
FS-MC-002,2026-03-20,209.9603
FS-MC-002,2026-03-23,205.9102
FS-MC-002,2026-03-24,205.5465
FS-MC-002,2026-03-25,206.5264
FS-MC-002,2026-03-26,204.2849
FS-MC-002,2026-03-27,208.4034
FS-MC-002,2026-03-30,203.6236
FS-MC-002,2026-03-31,207.7206
FS-MC-002,2026-04-01,206.7119
FS-MC-002,2026-04-02,206.3619
FS-MC-002,2026-04-03,205.3986
FS-MC-002,2026-04-06,202.4585
FS-MC-002,2026-04-07,202.0703
FS-MC-002,2026-04-08,200.4769
FS-MC-002,2026-04-09,198.2895
FS-MC-002,2026-04-10,197.6923
FS-MC-002,2026-04-13,197.1997
FS-MC-002,2026-04-14,198.1819
FS-MC-002,2026-04-15,197.8419
FS-MC-002,2026-04-16,199.7335
FS-MC-002,2026-04-17,201.1476
FS-MC-002,2026-04-20,200.8710
FS-MC-002,2026-04-21,200.9961
FS-MC-002,2026-04-22,201.2860
FS-MC-002,2026-04-23,204.4370
FS-MC-002,2026-04-24,205.9681
FS-MC-002,2026-04-27,205.8217
FS-MC-002,2026-04-28,205.4288
FS-MC-002,2026-04-29,208.1640
FS-MC-002,2026-04-30,212.8096
FS-MC-002,2026-05-01,213.3397
FS-MC-002,2026-05-04,215.0864
FS-MC-002,2026-05-05,210.2310
FS-MC-002,2026-05-06,207.0105
FS-MC-002,2026-05-07,202.4015
FS-MC-002,2026-05-08,205.7315
FS-MC-002,2026-05-11,205.2502
FS-MC-002,2026-05-12,203.9331
FS-MC-002,2026-05-13,202.7763
FS-MC-002,2026-05-14,200.4877
FS-MC-002,2026-05-15,197.9420
FS-MC-002,2026-05-18,195.6269
FS-MC-002,2026-05-19,190.7110
FS-MC-002,2026-05-20,189.9947
FS-MC-002,2026-05-21,188.0230
FS-MC-002,2026-05-22,190.5373
FS-MC-002,2026-05-25,190.3589
FS-MC-002,2026-05-26,187.1353
FS-MC-002,2026-05-27,187.8688
FS-MC-002,2026-05-28,186.4541
FS-MC-002,2026-05-29,188.5218
FS-MC-002,2026-06-01,189.6799
FS-MC-002,2026-06-02,189.2582
FS-MC-002,2026-06-03,189.9034
FS-MC-002,2026-06-04,192.2866
FS-MC-002,2026-06-05,194.0213
FS-MC-002,2026-06-08,199.2445
FS-MC-002,2026-06-09,198.4659
FS-MC-002,2026-06-10,193.8505
FS-MC-002,2026-06-11,194.4617
FS-MC-002,2026-06-12,194.9016
FS-MC-002,2026-06-15,194.7501
FS-MC-002,2026-06-16,192.9331
FS-MC-002,2026-06-17,191.6367
FS-MC-002,2026-06-18,190.6595
FS-MC-002,2026-06-19,190.2472
FS-MC-002,2026-06-22,189.7310
FS-MC-002,2026-06-23,191.6569
FS-MC-002,2026-06-24,192.5986
FS-MC-002,2026-06-25,194.2917
FS-MC-002,2026-06-26,196.1639
FS-MC-002,2026-06-29,197.2915
FS-MC-002,2026-06-30,198.2803
FS-MC-002,2026-07-01,200.4604
FS-MC-002,2026-07-02,202.0320
FS-MC-002,2026-07-03,199.6121
FS-MC-002,2026-07-06,199.7776
FS-MC-002,2026-07-07,200.2005
FS-MC-002,2026-07-08,202.1646
FS-MC-002,2026-07-09,202.2309
FS-MC-002,2026-07-10,204.1711
FS-MC-002,2026-07-13,204.9418
FS-MC-002,2026-07-14,200.8076
FS-MC-002,2026-07-15,203.6275
FS-MC-002,2026-07-16,205.0867
FS-MC-002,2026-07-17,206.6076
FS-MC-002,2026-07-20,209.5149
FS-MC-002,2026-07-21,212.8097
FS-MC-002,2026-07-22,213.0353
FS-MC-002,2026-07-23,209.5531
FS-MC-002,2026-07-24,211.5862
FS-MC-002,2026-07-27,211.3723
FS-MC-002,2026-07-28,210.4820
FS-MC-002,2026-07-29,208.1903
FS-MC-002,2026-07-30,210.7470
FS-MC-002,2026-07-31,212.9635
FS-MC-002,2026-08-03,214.2013
FS-MC-002,2026-08-04,215.6179
FS-MC-002,2026-08-05,217.0945
FS-MC-002,2026-08-06,218.7501
FS-MC-002,2026-08-07,212.9288
FS-MC-002,2026-08-10,214.3881
FS-MC-002,2026-08-11,211.7342
FS-MC-002,2026-08-12,206.6704
FS-MC-002,2026-08-13,208.3601
FS-MC-002,2026-08-14,206.6775
FS-MC-002,2026-08-17,203.6298
FS-MC-002,2026-08-18,201.6758
FS-MC-002,2026-08-19,198.2755
FS-MC-002,2026-08-20,199.2640
FS-MC-002,2026-08-21,196.6135
FS-MC-002,2026-08-24,197.2438
FS-MC-002,2026-08-25,197.2348
FS-MC-002,2026-08-26,195.2232
FS-MC-002,2026-08-27,197.4616
FS-MC-002,2026-08-28,198.8864
FS-MC-002,2026-08-31,200.0023
FS-MC-002,2026-09-01,200.2484
FS-MC-002,2026-09-02,200.5444
FS-MC-002,2026-09-03,200.1198
FS-MC-002,2026-09-04,200.1822
FS-MC-002,2026-09-07,200.9547
FS-MC-002,2026-09-08,200.5735
FS-MC-002,2026-09-09,201.7744
FS-MC-002,2026-09-10,201.2356
FS-MC-002,2026-09-11,202.2449
FS-MC-002,2026-09-14,200.4865
FS-MC-002,2026-09-15,199.8019
FS-MC-002,2026-09-16,198.3460
FS-MC-002,2026-09-17,199.0851
FS-MC-002,2026-09-18,199.7133
FS-MC-002,2026-09-21,200.4465
FS-MC-002,2026-09-22,200.0243
FS-MC-002,2026-09-23,199.9364
FS-MC-002,2026-09-24,198.1444
FS-MC-002,2026-09-25,190.3525
FS-MC-002,2026-09-28,188.6014
FS-MC-002,2026-09-29,187.6518
FS-MC-002,2026-09-30,186.4121
FS-SC-003,2022-03-01,9.9373
FS-SC-003,2022-03-02,9.8430
FS-SC-003,2022-03-03,9.8404
FS-SC-003,2022-03-04,9.8564
FS-SC-003,2022-03-07,9.7562
FS-SC-003,2022-03-08,9.7693
FS-SC-003,2022-03-09,9.8257
FS-SC-003,2022-03-10,9.6378
FS-SC-003,2022-03-11,9.5729
FS-SC-003,2022-03-14,9.5813
FS-SC-003,2022-03-15,9.5066
FS-SC-003,2022-03-16,9.5290
FS-SC-003,2022-03-17,9.6164
FS-SC-003,2022-03-18,9.8005
FS-SC-003,2022-03-21,9.7882
FS-SC-003,2022-03-22,9.8544
FS-SC-003,2022-03-23,9.9276
FS-SC-003,2022-03-24,9.9404
FS-SC-003,2022-03-25,9.9385
FS-SC-003,2022-03-28,9.8737
FS-SC-003,2022-03-29,10.1048
FS-SC-003,2022-03-30,9.8990
FS-SC-003,2022-03-31,9.9162
FS-SC-003,2022-04-01,9.7379
FS-SC-003,2022-04-04,9.8027
FS-SC-003,2022-04-05,9.7509
FS-SC-003,2022-04-06,9.6466
FS-SC-003,2022-04-07,9.6855
FS-SC-003,2022-04-08,9.6280
FS-SC-003,2022-04-11,9.6919
FS-SC-003,2022-04-12,9.6131
FS-SC-003,2022-04-13,9.5771
FS-SC-003,2022-04-14,9.4350
FS-SC-003,2022-04-15,9.3837
FS-SC-003,2022-04-18,9.4908
FS-SC-003,2022-04-19,9.6508
FS-SC-003,2022-04-20,9.8084
FS-SC-003,2022-04-21,9.6785
FS-SC-003,2022-04-22,9.5476
FS-SC-003,2022-04-25,9.4533
FS-SC-003,2022-04-26,9.6545
FS-SC-003,2022-04-27,9.7110
FS-SC-003,2022-04-28,9.8544
FS-SC-003,2022-04-29,9.7911
FS-SC-003,2022-05-02,9.8855
FS-SC-003,2022-05-03,9.8452
FS-SC-003,2022-05-04,9.9722
FS-SC-003,2022-05-05,9.8363
FS-SC-003,2022-05-06,9.7292
FS-SC-003,2022-05-09,9.5697
FS-SC-003,2022-05-10,9.5043
FS-SC-003,2022-05-11,9.3382
FS-SC-003,2022-05-12,9.4381
FS-SC-003,2022-05-13,9.4457
FS-SC-003,2022-05-16,9.5150
FS-SC-003,2022-05-17,9.3651
FS-SC-003,2022-05-18,9.4445
FS-SC-003,2022-05-19,9.3821
FS-SC-003,2022-05-20,9.9800
FS-SC-003,2022-05-23,10.0553
FS-SC-003,2022-05-24,10.5451
FS-SC-003,2022-05-25,10.7201
FS-SC-003,2022-05-26,10.9558
FS-SC-003,2022-05-27,11.3837
FS-SC-003,2022-05-30,11.2664
FS-SC-003,2022-05-31,11.5028
FS-SC-003,2022-06-01,11.2516
FS-SC-003,2022-06-02,10.7768
FS-SC-003,2022-06-03,10.9916
FS-SC-003,2022-06-06,10.8076
FS-SC-003,2022-06-07,11.3964
FS-SC-003,2022-06-08,11.3420
FS-SC-003,2022-06-09,10.9454
FS-SC-003,2022-06-10,10.9378
FS-SC-003,2022-06-13,10.4309
FS-SC-003,2022-06-14,10.3384
FS-SC-003,2022-06-15,10.1965
FS-SC-003,2022-06-16,10.1661
FS-SC-003,2022-06-17,10.3455
FS-SC-003,2022-06-20,10.3913
FS-SC-003,2022-06-21,9.7164
FS-SC-003,2022-06-22,9.8459
FS-SC-003,2022-06-23,9.8015
FS-SC-003,2022-06-24,9.9135
FS-SC-003,2022-06-27,9.9594
FS-SC-003,2022-06-28,9.8405
FS-SC-003,2022-06-29,10.2972
FS-SC-003,2022-06-30,10.0284
FS-SC-003,2022-07-01,9.9820
FS-SC-003,2022-07-04,10.0253
FS-SC-003,2022-07-05,9.6174
FS-SC-003,2022-07-06,9.9534
FS-SC-003,2022-07-07,10.0619
FS-SC-003,2022-07-08,9.9586
FS-SC-003,2022-07-11,9.9688
FS-SC-003,2022-07-12,9.9434
FS-SC-003,2022-07-13,9.8853
FS-SC-003,2022-07-14,9.9204
FS-SC-003,2022-07-15,9.8434
FS-SC-003,2022-07-18,9.6026
FS-SC-003,2022-07-19,9.6365
FS-SC-003,2022-07-20,9.6589
FS-SC-003,2022-07-21,9.7849
FS-SC-003,2022-07-22,9.8246
FS-SC-003,2022-07-25,10.0327
FS-SC-003,2022-07-26,10.0902
FS-SC-003,2022-07-27,10.0270
FS-SC-003,2022-07-28,9.9785
FS-SC-003,2022-07-29,10.0516
FS-SC-003,2022-08-01,10.1325
FS-SC-003,2022-08-02,10.3571
FS-SC-003,2022-08-03,10.3561
FS-SC-003,2022-08-04,10.3415
FS-SC-003,2022-08-05,10.4185
FS-SC-003,2022-08-08,10.5345
FS-SC-003,2022-08-09,10.6498
FS-SC-003,2022-08-10,10.7619
FS-SC-003,2022-08-11,10.7761
FS-SC-003,2022-08-12,10.6487
FS-SC-003,2022-08-15,10.7913
FS-SC-003,2022-08-16,10.7900
FS-SC-003,2022-08-17,10.8734
FS-SC-003,2022-08-18,10.9878
FS-SC-003,2022-08-19,10.9751
FS-SC-003,2022-08-22,11.1835
FS-SC-003,2022-08-23,11.3226
FS-SC-003,2022-08-24,11.3208
FS-SC-003,2022-08-25,11.2523
FS-SC-003,2022-08-26,11.4513
FS-SC-003,2022-08-29,11.4136
FS-SC-003,2022-08-30,11.3695
FS-SC-003,2022-08-31,11.2852
FS-SC-003,2022-09-01,11.2880
FS-SC-003,2022-09-02,11.4373
FS-SC-003,2022-09-05,11.3093
FS-SC-003,2022-09-06,11.3460
FS-SC-003,2022-09-07,11.3289
FS-SC-003,2022-09-08,11.2594
FS-SC-003,2022-09-09,11.2039
FS-SC-003,2022-09-12,11.2947
FS-SC-003,2022-09-13,11.4439
FS-SC-003,2022-09-14,11.3433
FS-SC-003,2022-09-15,11.3777
FS-SC-003,2022-09-16,11.3864
FS-SC-003,2022-09-19,11.3954
FS-SC-003,2022-09-20,11.4336
FS-SC-003,2022-09-21,11.4546
FS-SC-003,2022-09-22,11.4923
FS-SC-003,2022-09-23,11.5845
FS-SC-003,2022-09-26,11.6708
FS-SC-003,2022-09-27,11.7887
FS-SC-003,2022-09-28,11.7851
FS-SC-003,2022-09-29,11.7939
FS-SC-003,2022-09-30,11.6797
FS-SC-003,2022-10-03,11.6043
FS-SC-003,2022-10-04,11.6214
FS-SC-003,2022-10-05,11.6218
FS-SC-003,2022-10-06,11.6260
FS-SC-003,2022-10-07,11.4997
FS-SC-003,2022-10-10,11.4292
FS-SC-003,2022-10-11,11.4648
FS-SC-003,2022-10-12,11.4457
FS-SC-003,2022-10-13,11.4904
FS-SC-003,2022-10-14,11.4187
FS-SC-003,2022-10-17,11.4949
FS-SC-003,2022-10-18,11.5627
FS-SC-003,2022-10-19,11.6652
FS-SC-003,2022-10-20,11.8298
FS-SC-003,2022-10-21,11.9785
FS-SC-003,2022-10-24,11.9045
FS-SC-003,2022-10-25,11.9931
FS-SC-003,2022-10-26,11.9473
FS-SC-003,2022-10-27,11.9507
FS-SC-003,2022-10-28,11.8206
FS-SC-003,2022-10-31,11.8503
FS-SC-003,2022-11-01,11.8019
FS-SC-003,2022-11-02,11.6985
FS-SC-003,2022-11-03,11.7775
FS-SC-003,2022-11-04,11.6484
FS-SC-003,2022-11-07,11.5413
FS-SC-003,2022-11-08,11.5527
FS-SC-003,2022-11-09,11.7518
FS-SC-003,2022-11-10,11.6734
FS-SC-003,2022-11-11,11.5477
FS-SC-003,2022-11-14,11.4665
FS-SC-003,2022-11-15,11.8570
FS-SC-003,2022-11-16,11.7610
FS-SC-003,2022-11-17,11.6491
FS-SC-003,2022-11-18,11.7248
FS-SC-003,2022-11-21,11.8307
FS-SC-003,2022-11-22,12.0164
FS-SC-003,2022-11-23,12.2652
FS-SC-003,2022-11-24,12.1247
FS-SC-003,2022-11-25,12.2087
FS-SC-003,2022-11-28,11.9994
FS-SC-003,2022-11-29,12.0378
FS-SC-003,2022-11-30,12.0433
FS-SC-003,2022-12-01,12.1623
FS-SC-003,2022-12-02,12.1560
FS-SC-003,2022-12-05,12.1662
FS-SC-003,2022-12-06,12.3813
FS-SC-003,2022-12-07,12.2457
FS-SC-003,2022-12-08,12.0619
FS-SC-003,2022-12-09,11.9410
FS-SC-003,2022-12-12,12.2743
FS-SC-003,2022-12-13,12.3274
FS-SC-003,2022-12-14,12.3439
FS-SC-003,2022-12-15,12.6540
FS-SC-003,2022-12-16,12.7957
FS-SC-003,2022-12-19,12.7907
FS-SC-003,2022-12-20,12.7637
FS-SC-003,2022-12-21,12.7764
FS-SC-003,2022-12-22,12.9259
FS-SC-003,2022-12-23,13.0247
FS-SC-003,2022-12-26,12.8316
FS-SC-003,2022-12-27,12.8649
FS-SC-003,2022-12-28,12.5255
FS-SC-003,2022-12-29,12.5873
FS-SC-003,2022-12-30,12.5354
FS-SC-003,2023-01-02,12.4917
FS-SC-003,2023-01-03,12.5402
FS-SC-003,2023-01-04,12.2531
FS-SC-003,2023-01-05,12.4375
FS-SC-003,2023-01-06,12.3812
FS-SC-003,2023-01-09,12.2568
FS-SC-003,2023-01-10,12.1553
FS-SC-003,2023-01-11,12.0573
FS-SC-003,2023-01-12,12.1665
FS-SC-003,2023-01-13,12.2201
FS-SC-003,2023-01-16,12.1906
FS-SC-003,2023-01-17,12.1622
FS-SC-003,2023-01-18,12.2567
FS-SC-003,2023-01-19,12.3814
FS-SC-003,2023-01-20,12.3085
FS-SC-003,2023-01-23,12.4924
FS-SC-003,2023-01-24,12.3791
FS-SC-003,2023-01-25,12.3498
FS-SC-003,2023-01-26,12.4926
FS-SC-003,2023-01-27,12.6053
FS-SC-003,2023-01-30,12.6637
FS-SC-003,2023-01-31,12.5290
FS-SC-003,2023-02-01,12.4007
FS-SC-003,2023-02-02,12.3894
FS-SC-003,2023-02-03,12.7055
FS-SC-003,2023-02-06,12.9006
FS-SC-003,2023-02-07,12.8992
FS-SC-003,2023-02-08,12.9538
FS-SC-003,2023-02-09,12.9432
FS-SC-003,2023-02-10,12.9169
FS-SC-003,2023-02-13,13.0502
FS-SC-003,2023-02-14,13.1618
FS-SC-003,2023-02-15,13.1483
FS-SC-003,2023-02-16,13.1660
FS-SC-003,2023-02-17,13.3952
FS-SC-003,2023-02-20,13.3085
FS-SC-003,2023-02-21,13.1659
FS-SC-003,2023-02-22,13.0898
FS-SC-003,2023-02-23,12.9599
FS-SC-003,2023-02-24,12.7383
FS-SC-003,2023-02-27,12.9891
FS-SC-003,2023-02-28,12.8471
FS-SC-003,2023-03-01,12.7575
FS-SC-003,2023-03-02,12.7322
FS-SC-003,2023-03-03,12.8152
FS-SC-003,2023-03-06,12.6851
FS-SC-003,2023-03-07,12.7168
FS-SC-003,2023-03-08,12.8273
FS-SC-003,2023-03-09,12.9009
FS-SC-003,2023-03-10,12.9880
FS-SC-003,2023-03-13,12.7760
FS-SC-003,2023-03-14,12.6739
FS-SC-003,2023-03-15,12.9123
FS-SC-003,2023-03-16,12.9362
FS-SC-003,2023-03-17,13.1006
FS-SC-003,2023-03-20,13.1381
FS-SC-003,2023-03-21,13.1485
FS-SC-003,2023-03-22,12.9356
FS-SC-003,2023-03-23,12.8514
FS-SC-003,2023-03-24,12.7501
FS-SC-003,2023-03-27,12.9694
FS-SC-003,2023-03-28,12.9261
FS-SC-003,2023-03-29,12.8289
FS-SC-003,2023-03-30,12.4226
FS-SC-003,2023-03-31,12.2781
FS-SC-003,2023-04-03,12.1498
FS-SC-003,2023-04-04,12.2144
FS-SC-003,2023-04-05,12.2555
FS-SC-003,2023-04-06,12.5737
FS-SC-003,2023-04-07,12.2907
FS-SC-003,2023-04-10,12.3086
FS-SC-003,2023-04-11,12.2901
FS-SC-003,2023-04-12,12.1532
FS-SC-003,2023-04-13,12.0401
FS-SC-003,2023-04-14,11.7722
FS-SC-003,2023-04-17,11.8260
FS-SC-003,2023-04-18,11.9565
FS-SC-003,2023-04-19,12.3899
FS-SC-003,2023-04-20,12.1546
FS-SC-003,2023-04-21,12.0061
FS-SC-003,2023-04-24,11.8820
FS-SC-003,2023-04-25,11.8046
FS-SC-003,2023-04-26,12.1255
FS-SC-003,2023-04-27,12.0099
FS-SC-003,2023-04-28,12.4861
FS-SC-003,2023-05-01,12.5066
FS-SC-003,2023-05-02,12.5209
FS-SC-003,2023-05-03,12.4144
FS-SC-003,2023-05-04,12.3608
FS-SC-003,2023-05-05,12.1953
FS-SC-003,2023-05-08,12.1394
FS-SC-003,2023-05-09,12.2122
FS-SC-003,2023-05-10,12.3822
FS-SC-003,2023-05-11,12.5083
FS-SC-003,2023-05-12,12.4566
FS-SC-003,2023-05-15,12.0520
FS-SC-003,2023-05-16,12.2153
FS-SC-003,2023-05-17,12.0538
FS-SC-003,2023-05-18,12.3326
FS-SC-003,2023-05-19,12.2379
FS-SC-003,2023-05-22,12.2073
FS-SC-003,2023-05-23,12.1126
FS-SC-003,2023-05-24,12.1598
FS-SC-003,2023-05-25,12.3449
FS-SC-003,2023-05-26,12.5511
FS-SC-003,2023-05-29,12.7190
FS-SC-003,2023-05-30,13.1179
FS-SC-003,2023-05-31,12.9985
FS-SC-003,2023-06-01,12.9625
FS-SC-003,2023-06-02,12.6758
FS-SC-003,2023-06-05,12.8798
FS-SC-003,2023-06-06,12.7835
FS-SC-003,2023-06-07,12.7245
FS-SC-003,2023-06-08,12.8136
FS-SC-003,2023-06-09,12.9682
FS-SC-003,2023-06-12,13.1210
FS-SC-003,2023-06-13,13.1933
FS-SC-003,2023-06-14,13.1744
FS-SC-003,2023-06-15,13.1216
FS-SC-003,2023-06-16,13.0189
FS-SC-003,2023-06-19,13.1058
FS-SC-003,2023-06-20,13.2624
FS-SC-003,2023-06-21,13.3552
FS-SC-003,2023-06-22,13.3093
FS-SC-003,2023-06-23,13.4916
FS-SC-003,2023-06-26,13.4164
FS-SC-003,2023-06-27,13.2876
FS-SC-003,2023-06-28,13.4040
FS-SC-003,2023-06-29,13.6649
FS-SC-003,2023-06-30,13.4792
FS-SC-003,2023-07-03,13.7563
FS-SC-003,2023-07-04,13.8446
FS-SC-003,2023-07-05,13.8300
FS-SC-003,2023-07-06,13.9957
FS-SC-003,2023-07-07,14.1170
FS-SC-003,2023-07-10,14.0976
FS-SC-003,2023-07-11,14.1256
FS-SC-003,2023-07-12,14.1983
FS-SC-003,2023-07-13,14.2245
FS-SC-003,2023-07-14,14.2780
FS-SC-003,2023-07-17,14.4814
FS-SC-003,2023-07-18,14.4136
FS-SC-003,2023-07-19,14.5330
FS-SC-003,2023-07-20,14.4908
FS-SC-003,2023-07-21,14.4913
FS-SC-003,2023-07-24,14.6503
FS-SC-003,2023-07-25,14.7500
FS-SC-003,2023-07-26,14.6972
FS-SC-003,2023-07-27,14.9503
FS-SC-003,2023-07-28,15.0691
FS-SC-003,2023-07-31,15.1112
FS-SC-003,2023-08-01,15.3361
FS-SC-003,2023-08-02,15.4179
FS-SC-003,2023-08-03,15.3075
FS-SC-003,2023-08-04,15.2769
FS-SC-003,2023-08-07,15.0081
FS-SC-003,2023-08-08,15.1340
FS-SC-003,2023-08-09,15.3319
FS-SC-003,2023-08-10,15.4146
FS-SC-003,2023-08-11,15.0543
FS-SC-003,2023-08-14,15.0911
FS-SC-003,2023-08-15,15.3679
FS-SC-003,2023-08-16,15.6631
FS-SC-003,2023-08-17,15.8610
FS-SC-003,2023-08-18,15.9547
FS-SC-003,2023-08-21,16.1768
FS-SC-003,2023-08-22,16.1097
FS-SC-003,2023-08-23,16.2834
FS-SC-003,2023-08-24,16.2073
FS-SC-003,2023-08-25,16.0050
FS-SC-003,2023-08-28,15.9485
FS-SC-003,2023-08-29,16.1321
FS-SC-003,2023-08-30,15.9830
FS-SC-003,2023-08-31,16.0401
FS-SC-003,2023-09-01,15.9098
FS-SC-003,2023-09-04,15.9020
FS-SC-003,2023-09-05,15.9698
FS-SC-003,2023-09-06,16.1005
FS-SC-003,2023-09-07,15.9608
FS-SC-003,2023-09-08,15.8056
FS-SC-003,2023-09-11,15.5341
FS-SC-003,2023-09-12,15.6558
FS-SC-003,2023-09-13,15.5312
FS-SC-003,2023-09-14,15.7280
FS-SC-003,2023-09-15,15.3976
FS-SC-003,2023-09-18,15.1960
FS-SC-003,2023-09-19,14.9535
FS-SC-003,2023-09-20,15.1409
FS-SC-003,2023-09-21,14.9175
FS-SC-003,2023-09-22,15.0459
FS-SC-003,2023-09-25,15.1525
FS-SC-003,2023-09-26,15.1136
FS-SC-003,2023-09-27,15.0996
FS-SC-003,2023-09-28,15.2212
FS-SC-003,2023-09-29,15.3071
FS-SC-003,2023-10-02,15.0759
FS-SC-003,2023-10-03,15.3315
FS-SC-003,2023-10-04,15.3509
FS-SC-003,2023-10-05,15.4621
FS-SC-003,2023-10-06,15.5286
FS-SC-003,2023-10-09,15.4085
FS-SC-003,2023-10-10,15.2728
FS-SC-003,2023-10-11,15.1767
FS-SC-003,2023-10-12,15.0217
FS-SC-003,2023-10-13,14.7989
FS-SC-003,2023-10-16,14.8099
FS-SC-003,2023-10-17,14.8235
FS-SC-003,2023-10-18,14.7474
FS-SC-003,2023-10-19,14.7517
FS-SC-003,2023-10-20,14.6753
FS-SC-003,2023-10-23,14.7145
FS-SC-003,2023-10-24,14.8717
FS-SC-003,2023-10-25,15.1818
FS-SC-003,2023-10-26,15.1540
FS-SC-003,2023-10-27,15.2523
FS-SC-003,2023-10-30,15.4946
FS-SC-003,2023-10-31,15.4812
FS-SC-003,2023-11-01,15.5260
FS-SC-003,2023-11-02,15.5152
FS-SC-003,2023-11-03,15.6601
FS-SC-003,2023-11-06,15.5967
FS-SC-003,2023-11-07,15.3237
FS-SC-003,2023-11-08,15.3302
FS-SC-003,2023-11-09,15.5260
FS-SC-003,2023-11-10,15.2540
FS-SC-003,2023-11-13,15.5377
FS-SC-003,2023-11-14,15.6188
FS-SC-003,2023-11-15,16.5872
FS-SC-003,2023-11-16,16.5375
FS-SC-003,2023-11-17,16.3753
FS-SC-003,2023-11-20,16.3062
FS-SC-003,2023-11-21,16.4455
FS-SC-003,2023-11-22,16.0636
FS-SC-003,2023-11-23,16.1494
FS-SC-003,2023-11-24,15.7074
FS-SC-003,2023-11-27,15.4745
FS-SC-003,2023-11-28,15.3571
FS-SC-003,2023-11-29,15.3319
FS-SC-003,2023-11-30,15.3717
FS-SC-003,2023-12-01,15.3301
FS-SC-003,2023-12-04,15.3905
FS-SC-003,2023-12-05,15.4017
FS-SC-003,2023-12-06,15.3166
FS-SC-003,2023-12-07,15.2826
FS-SC-003,2023-12-08,15.4121
FS-SC-003,2023-12-11,15.3381
FS-SC-003,2023-12-12,15.1904
FS-SC-003,2023-12-13,15.1637
FS-SC-003,2023-12-14,15.3037
FS-SC-003,2023-12-15,15.4315
FS-SC-003,2023-12-18,15.6190
FS-SC-003,2023-12-19,15.8283
FS-SC-003,2023-12-20,16.0225
FS-SC-003,2023-12-21,16.1819
FS-SC-003,2023-12-22,16.1727
FS-SC-003,2023-12-25,16.2266
FS-SC-003,2023-12-26,16.1095
FS-SC-003,2023-12-27,16.2015
FS-SC-003,2023-12-28,16.0354
FS-SC-003,2023-12-29,15.8267
FS-SC-003,2024-01-01,16.0687
FS-SC-003,2024-01-02,16.1459
FS-SC-003,2024-01-03,15.9939
FS-SC-003,2024-01-04,16.1980
FS-SC-003,2024-01-05,16.2954
FS-SC-003,2024-01-08,15.6286
FS-SC-003,2024-01-09,15.9263
FS-SC-003,2024-01-10,16.1016
FS-SC-003,2024-01-11,16.0916
FS-SC-003,2024-01-12,15.9098
FS-SC-003,2024-01-15,16.1067
FS-SC-003,2024-01-16,16.3426
FS-SC-003,2024-01-17,16.2110
FS-SC-003,2024-01-18,16.0881
FS-SC-003,2024-01-19,16.4229
FS-SC-003,2024-01-22,16.4697
FS-SC-003,2024-01-23,16.5071
FS-SC-003,2024-01-24,16.5231
FS-SC-003,2024-01-25,16.6561
FS-SC-003,2024-01-26,16.7107
FS-SC-003,2024-01-29,16.5800
FS-SC-003,2024-01-30,16.9604
FS-SC-003,2024-01-31,17.2417
FS-SC-003,2024-02-01,17.1665
FS-SC-003,2024-02-02,17.0130
FS-SC-003,2024-02-05,17.1840
FS-SC-003,2024-02-06,16.8982
FS-SC-003,2024-02-07,17.0874
FS-SC-003,2024-02-08,17.3321
FS-SC-003,2024-02-09,17.0780
FS-SC-003,2024-02-12,17.2062
FS-SC-003,2024-02-13,17.0697
FS-SC-003,2024-02-14,17.2154
FS-SC-003,2024-02-15,17.2712
FS-SC-003,2024-02-16,17.3568
FS-SC-003,2024-02-19,17.5415
FS-SC-003,2024-02-20,17.2869
FS-SC-003,2024-02-21,17.1738
FS-SC-003,2024-02-22,17.0575
FS-SC-003,2024-02-23,17.4607
FS-SC-003,2024-02-26,17.7277
FS-SC-003,2024-02-27,17.6355
FS-SC-003,2024-02-28,17.6314
FS-SC-003,2024-02-29,17.6588
FS-SC-003,2024-03-01,17.6695
FS-SC-003,2024-03-04,17.8184
FS-SC-003,2024-03-05,18.0027
FS-SC-003,2024-03-06,18.0270
FS-SC-003,2024-03-07,18.1620
FS-SC-003,2024-03-08,18.1182
FS-SC-003,2024-03-11,18.3850
FS-SC-003,2024-03-12,18.1714
FS-SC-003,2024-03-13,18.4044
FS-SC-003,2024-03-14,18.3900
FS-SC-003,2024-03-15,18.3309
FS-SC-003,2024-03-18,18.3118
FS-SC-003,2024-03-19,18.3688
FS-SC-003,2024-03-20,18.6752
FS-SC-003,2024-03-21,18.3463
FS-SC-003,2024-03-22,18.2346
FS-SC-003,2024-03-25,18.6714
FS-SC-003,2024-03-26,18.8591
FS-SC-003,2024-03-27,18.8267
FS-SC-003,2024-03-28,19.1154
FS-SC-003,2024-03-29,19.6619
FS-SC-003,2024-04-01,19.6026
FS-SC-003,2024-04-02,19.7077
FS-SC-003,2024-04-03,19.4396
FS-SC-003,2024-04-04,19.4979
FS-SC-003,2024-04-05,19.0563
FS-SC-003,2024-04-08,18.8128
FS-SC-003,2024-04-09,19.0167
FS-SC-003,2024-04-10,19.1010
FS-SC-003,2024-04-11,19.2171
FS-SC-003,2024-04-12,19.2455
FS-SC-003,2024-04-15,19.2931
FS-SC-003,2024-04-16,19.2311
FS-SC-003,2024-04-17,19.3607
FS-SC-003,2024-04-18,19.7060
FS-SC-003,2024-04-19,19.6921
FS-SC-003,2024-04-22,19.8122
FS-SC-003,2024-04-23,19.6220
FS-SC-003,2024-04-24,19.7803
FS-SC-003,2024-04-25,19.5348
FS-SC-003,2024-04-26,19.6170
FS-SC-003,2024-04-29,19.4729
FS-SC-003,2024-04-30,19.2648
FS-SC-003,2024-05-01,19.2629
FS-SC-003,2024-05-02,19.2580
FS-SC-003,2024-05-03,19.3599
FS-SC-003,2024-05-06,19.3444
FS-SC-003,2024-05-07,19.1059
FS-SC-003,2024-05-08,19.2012
FS-SC-003,2024-05-09,19.2296
FS-SC-003,2024-05-10,19.1648
FS-SC-003,2024-05-13,19.0356
FS-SC-003,2024-05-14,18.9646
FS-SC-003,2024-05-15,18.7030
FS-SC-003,2024-05-16,18.5729
FS-SC-003,2024-05-17,18.5505
FS-SC-003,2024-05-20,18.7160
FS-SC-003,2024-05-21,18.7175
FS-SC-003,2024-05-22,18.5390
FS-SC-003,2024-05-23,18.7626
FS-SC-003,2024-05-24,19.0291
FS-SC-003,2024-05-27,19.2119
FS-SC-003,2024-05-28,19.3756
FS-SC-003,2024-05-29,19.1727
FS-SC-003,2024-05-30,18.7357
FS-SC-003,2024-05-31,18.5287
FS-SC-003,2024-06-03,19.0415
FS-SC-003,2024-06-04,18.1540
FS-SC-003,2024-06-05,19.2359
FS-SC-003,2024-06-06,18.8179
FS-SC-003,2024-06-07,19.5664
FS-SC-003,2024-06-10,19.5701
FS-SC-003,2024-06-11,19.9896
FS-SC-003,2024-06-12,19.8297
FS-SC-003,2024-06-13,20.3014
FS-SC-003,2024-06-14,19.9396
FS-SC-003,2024-06-17,20.2230
FS-SC-003,2024-06-18,20.1417
FS-SC-003,2024-06-19,20.3386
FS-SC-003,2024-06-20,20.7680
FS-SC-003,2024-06-21,20.4853
FS-SC-003,2024-06-24,19.8389
FS-SC-003,2024-06-25,19.7496
FS-SC-003,2024-06-26,19.5666
FS-SC-003,2024-06-27,19.3718
FS-SC-003,2024-06-28,20.2919
FS-SC-003,2024-07-01,20.3202
FS-SC-003,2024-07-02,20.2929
FS-SC-003,2024-07-03,20.4631
FS-SC-003,2024-07-04,20.2384
FS-SC-003,2024-07-05,20.4341
FS-SC-003,2024-07-08,20.0615
FS-SC-003,2024-07-09,20.3003
FS-SC-003,2024-07-10,20.4275
FS-SC-003,2024-07-11,20.9374
FS-SC-003,2024-07-12,20.9632
FS-SC-003,2024-07-15,20.6025
FS-SC-003,2024-07-16,20.5976
FS-SC-003,2024-07-17,20.6896
FS-SC-003,2024-07-18,21.0494
FS-SC-003,2024-07-19,21.2540
FS-SC-003,2024-07-22,21.0529
FS-SC-003,2024-07-23,20.9255
FS-SC-003,2024-07-24,21.0753
FS-SC-003,2024-07-25,21.2660
FS-SC-003,2024-07-26,21.6925
FS-SC-003,2024-07-29,22.2249
FS-SC-003,2024-07-30,21.8318
FS-SC-003,2024-07-31,21.6719
FS-SC-003,2024-08-01,21.9085
FS-SC-003,2024-08-02,21.7739
FS-SC-003,2024-08-05,21.5593
FS-SC-003,2024-08-06,21.8583
FS-SC-003,2024-08-07,21.6251
FS-SC-003,2024-08-08,21.4426
FS-SC-003,2024-08-09,21.5082
FS-SC-003,2024-08-12,21.4568
FS-SC-003,2024-08-13,21.4498
FS-SC-003,2024-08-14,21.6288
FS-SC-003,2024-08-15,21.6233
FS-SC-003,2024-08-16,21.5540
FS-SC-003,2024-08-19,21.6490
FS-SC-003,2024-08-20,21.4273
FS-SC-003,2024-08-21,21.9470
FS-SC-003,2024-08-22,22.0479
FS-SC-003,2024-08-23,22.0363
FS-SC-003,2024-08-26,22.2515
FS-SC-003,2024-08-27,22.3723
FS-SC-003,2024-08-28,22.6662
FS-SC-003,2024-08-29,22.6105
FS-SC-003,2024-08-30,22.5485
FS-SC-003,2024-09-02,22.1266
FS-SC-003,2024-09-03,22.1783
FS-SC-003,2024-09-04,21.9800
FS-SC-003,2024-09-05,22.0080
FS-SC-003,2024-09-06,21.4504
FS-SC-003,2024-09-09,21.5768
FS-SC-003,2024-09-10,21.4820
FS-SC-003,2024-09-11,21.6247
FS-SC-003,2024-09-12,21.4251
FS-SC-003,2024-09-13,21.3780
FS-SC-003,2024-09-16,21.7319
FS-SC-003,2024-09-17,21.2153
FS-SC-003,2024-09-18,21.1149
FS-SC-003,2024-09-19,20.7397
FS-SC-003,2024-09-20,20.8008
FS-SC-003,2024-09-23,20.6666
FS-SC-003,2024-09-24,20.3171
FS-SC-003,2024-09-25,19.9529
FS-SC-003,2024-09-26,19.6244
FS-SC-003,2024-09-27,19.4178
FS-SC-003,2024-09-30,19.1868
FS-SC-003,2024-10-01,19.0515
FS-SC-003,2024-10-02,19.0677
FS-SC-003,2024-10-03,19.1840
FS-SC-003,2024-10-04,18.9420
FS-SC-003,2024-10-07,18.8238
FS-SC-003,2024-10-08,18.8300
FS-SC-003,2024-10-09,18.7250
FS-SC-003,2024-10-10,18.9289
FS-SC-003,2024-10-11,18.9736
FS-SC-003,2024-10-14,19.1245
FS-SC-003,2024-10-15,18.7109
FS-SC-003,2024-10-16,19.1616
FS-SC-003,2024-10-17,19.1282
FS-SC-003,2024-10-18,19.3616
FS-SC-003,2024-10-21,19.2663
FS-SC-003,2024-10-22,18.9616
FS-SC-003,2024-10-23,19.2257
FS-SC-003,2024-10-24,18.8613
FS-SC-003,2024-10-25,18.8183
FS-SC-003,2024-10-28,19.0924
FS-SC-003,2024-10-29,19.2193
FS-SC-003,2024-10-30,19.2361
FS-SC-003,2024-10-31,19.2174
FS-SC-003,2024-11-01,19.3922
FS-SC-003,2024-11-04,19.6491
FS-SC-003,2024-11-05,19.2019
FS-SC-003,2024-11-06,19.2205
FS-SC-003,2024-11-07,19.2780
FS-SC-003,2024-11-08,19.3994
FS-SC-003,2024-11-11,19.6429
FS-SC-003,2024-11-12,19.6714
FS-SC-003,2024-11-13,19.9366
FS-SC-003,2024-11-14,20.0283
FS-SC-003,2024-11-15,19.9580
FS-SC-003,2024-11-18,20.0392
FS-SC-003,2024-11-19,19.9574
FS-SC-003,2024-11-20,19.7834
FS-SC-003,2024-11-21,20.0071
FS-SC-003,2024-11-22,19.9568
FS-SC-003,2024-11-25,19.9402
FS-SC-003,2024-11-26,19.9551
FS-SC-003,2024-11-27,19.7089
FS-SC-003,2024-11-28,20.2619
FS-SC-003,2024-11-29,20.0610
FS-SC-003,2024-12-02,20.5291
FS-SC-003,2024-12-03,20.4571
FS-SC-003,2024-12-04,20.2626
FS-SC-003,2024-12-05,20.3776
FS-SC-003,2024-12-06,20.5504
FS-SC-003,2024-12-09,20.8003
FS-SC-003,2024-12-10,20.6002
FS-SC-003,2024-12-11,20.6290
FS-SC-003,2024-12-12,20.6445
FS-SC-003,2024-12-13,20.6674
FS-SC-003,2024-12-16,20.4669
FS-SC-003,2024-12-17,20.0945
FS-SC-003,2024-12-18,19.9733
FS-SC-003,2024-12-19,19.9977
FS-SC-003,2024-12-20,19.8105
FS-SC-003,2024-12-23,19.6064
FS-SC-003,2024-12-24,19.5772
FS-SC-003,2024-12-25,19.5343
FS-SC-003,2024-12-26,19.3102
FS-SC-003,2024-12-27,19.4788
FS-SC-003,2024-12-30,19.6076
FS-SC-003,2024-12-31,19.7587
FS-SC-003,2025-01-01,20.1830
FS-SC-003,2025-01-02,20.2659
FS-SC-003,2025-01-03,20.1369
FS-SC-003,2025-01-06,20.3611
FS-SC-003,2025-01-07,20.6837
FS-SC-003,2025-01-08,20.4653
FS-SC-003,2025-01-09,20.5954
FS-SC-003,2025-01-10,20.7346
FS-SC-003,2025-01-13,20.8272
FS-SC-003,2025-01-14,20.6153
FS-SC-003,2025-01-15,20.8746
FS-SC-003,2025-01-16,20.8678
FS-SC-003,2025-01-17,20.6271
FS-SC-003,2025-01-20,20.8441
FS-SC-003,2025-01-21,20.9297
FS-SC-003,2025-01-22,20.9561
FS-SC-003,2025-01-23,21.1383
FS-SC-003,2025-01-24,20.5874
FS-SC-003,2025-01-27,20.7369
FS-SC-003,2025-01-28,20.8710
FS-SC-003,2025-01-29,20.8658
FS-SC-003,2025-01-30,20.7805
FS-SC-003,2025-01-31,20.9981
FS-SC-003,2025-02-03,21.1884
FS-SC-003,2025-02-04,20.9531
FS-SC-003,2025-02-05,20.8385
FS-SC-003,2025-02-06,20.7514
FS-SC-003,2025-02-07,22.0372
FS-SC-003,2025-02-10,22.2332
FS-SC-003,2025-02-11,22.4146
FS-SC-003,2025-02-12,22.3832
FS-SC-003,2025-02-13,22.3175
FS-SC-003,2025-02-14,22.6349
FS-SC-003,2025-02-17,22.7933
FS-SC-003,2025-02-18,22.8724
FS-SC-003,2025-02-19,23.1327
FS-SC-003,2025-02-20,23.1365
FS-SC-003,2025-02-21,23.3347
FS-SC-003,2025-02-24,23.5636
FS-SC-003,2025-02-25,23.4159
FS-SC-003,2025-02-26,23.1624
FS-SC-003,2025-02-27,23.0904
FS-SC-003,2025-02-28,22.8899
FS-SC-003,2025-03-03,23.0668
FS-SC-003,2025-03-04,23.4692
FS-SC-003,2025-03-05,23.4119
FS-SC-003,2025-03-06,23.2806
FS-SC-003,2025-03-07,23.1524
FS-SC-003,2025-03-10,23.0750
FS-SC-003,2025-03-11,22.9460
FS-SC-003,2025-03-12,23.3356
FS-SC-003,2025-03-13,23.2420
FS-SC-003,2025-03-14,23.4104
FS-SC-003,2025-03-17,23.5076
FS-SC-003,2025-03-18,23.4574
FS-SC-003,2025-03-19,23.4095
FS-SC-003,2025-03-20,23.9176
FS-SC-003,2025-03-21,24.0329
FS-SC-003,2025-03-24,23.4223
FS-SC-003,2025-03-25,23.3225
FS-SC-003,2025-03-26,23.4290
FS-SC-003,2025-03-27,23.3696
FS-SC-003,2025-03-28,23.2755
FS-SC-003,2025-03-31,23.2854
FS-SC-003,2025-04-01,23.5379
FS-SC-003,2025-04-02,23.4559
FS-SC-003,2025-04-03,24.3614
FS-SC-003,2025-04-04,24.2080
FS-SC-003,2025-04-07,23.7224
FS-SC-003,2025-04-08,23.7412
FS-SC-003,2025-04-09,23.6927
FS-SC-003,2025-04-10,23.2325
FS-SC-003,2025-04-11,23.1204
FS-SC-003,2025-04-14,22.8274
FS-SC-003,2025-04-15,22.4239
FS-SC-003,2025-04-16,22.4823
FS-SC-003,2025-04-17,22.4870
FS-SC-003,2025-04-18,22.8649
FS-SC-003,2025-04-21,22.7869
FS-SC-003,2025-04-22,22.5226
FS-SC-003,2025-04-23,22.2552
FS-SC-003,2025-04-24,21.9634
FS-SC-003,2025-04-25,22.1110
FS-SC-003,2025-04-28,22.2505
FS-SC-003,2025-04-29,22.1279
FS-SC-003,2025-04-30,22.0746
FS-SC-003,2025-05-01,22.0628
FS-SC-003,2025-05-02,21.9020
FS-SC-003,2025-05-05,22.0919
FS-SC-003,2025-05-06,21.8291
FS-SC-003,2025-05-07,22.0413
FS-SC-003,2025-05-08,22.1077
FS-SC-003,2025-05-09,22.3986
FS-SC-003,2025-05-12,22.0359
FS-SC-003,2025-05-13,21.8519
FS-SC-003,2025-05-14,22.0921
FS-SC-003,2025-05-15,22.1120
FS-SC-003,2025-05-16,22.0860
FS-SC-003,2025-05-19,21.9246
FS-SC-003,2025-05-20,22.0756
FS-SC-003,2025-05-21,22.7051
FS-SC-003,2025-05-22,22.6338
FS-SC-003,2025-05-23,22.8898
FS-SC-003,2025-05-26,22.9452
FS-SC-003,2025-05-27,22.8997
FS-SC-003,2025-05-28,22.8255
FS-SC-003,2025-05-29,23.1769
FS-SC-003,2025-05-30,23.8807
FS-SC-003,2025-06-02,24.4003
FS-SC-003,2025-06-03,24.3075
FS-SC-003,2025-06-04,24.4370
FS-SC-003,2025-06-05,24.0266
FS-SC-003,2025-06-06,24.2430
FS-SC-003,2025-06-09,24.2026
FS-SC-003,2025-06-10,24.6482
FS-SC-003,2025-06-11,24.7677
FS-SC-003,2025-06-12,24.7184
FS-SC-003,2025-06-13,24.6420
FS-SC-003,2025-06-16,24.4895
FS-SC-003,2025-06-17,24.3555
FS-SC-003,2025-06-18,24.4401
FS-SC-003,2025-06-19,24.5477
FS-SC-003,2025-06-20,24.6567
FS-SC-003,2025-06-23,24.4619
FS-SC-003,2025-06-24,24.3036
FS-SC-003,2025-06-25,24.4786
FS-SC-003,2025-06-26,24.3737
FS-SC-003,2025-06-27,24.1567
FS-SC-003,2025-06-30,24.4675
FS-SC-003,2025-07-01,24.4205
FS-SC-003,2025-07-02,24.5052
FS-SC-003,2025-07-03,24.6025
FS-SC-003,2025-07-04,24.8437
FS-SC-003,2025-07-07,24.8515
FS-SC-003,2025-07-08,24.7850
FS-SC-003,2025-07-09,25.3418
FS-SC-003,2025-07-10,25.4788
FS-SC-003,2025-07-11,25.3565
FS-SC-003,2025-07-14,24.9583
FS-SC-003,2025-07-15,24.9377
FS-SC-003,2025-07-16,24.8871
FS-SC-003,2025-07-17,24.5972
FS-SC-003,2025-07-18,24.3720
FS-SC-003,2025-07-21,24.2175
FS-SC-003,2025-07-22,24.4757
FS-SC-003,2025-07-23,24.7940
FS-SC-003,2025-07-24,24.6057
FS-SC-003,2025-07-25,25.0645
FS-SC-003,2025-07-28,24.8743
FS-SC-003,2025-07-29,25.1460
FS-SC-003,2025-07-30,25.0459
FS-SC-003,2025-07-31,25.4351
FS-SC-003,2025-08-01,25.7968
FS-SC-003,2025-08-04,25.9368
FS-SC-003,2025-08-05,25.8970
FS-SC-003,2025-08-06,25.8582
FS-SC-003,2025-08-07,25.7414
FS-SC-003,2025-08-08,25.6423
FS-SC-003,2025-08-11,25.5065
FS-SC-003,2025-08-12,25.3731
FS-SC-003,2025-08-13,25.4375
FS-SC-003,2025-08-14,25.6943
FS-SC-003,2025-08-15,25.8879
FS-SC-003,2025-08-18,25.9638
FS-SC-003,2025-08-19,26.1600
FS-SC-003,2025-08-20,26.3085
FS-SC-003,2025-08-21,25.9164
FS-SC-003,2025-08-22,25.7637
FS-SC-003,2025-08-25,25.3924
FS-SC-003,2025-08-26,25.7796
FS-SC-003,2025-08-27,25.8615
FS-SC-003,2025-08-28,26.6402
FS-SC-003,2025-08-29,26.3400
FS-SC-003,2025-09-01,25.8231
FS-SC-003,2025-09-02,25.7568
FS-SC-003,2025-09-03,26.0348
FS-SC-003,2025-09-04,26.4395
FS-SC-003,2025-09-05,26.3597
FS-SC-003,2025-09-08,26.4087
FS-SC-003,2025-09-09,26.1605
FS-SC-003,2025-09-10,26.0271
FS-SC-003,2025-09-11,26.1407
FS-SC-003,2025-09-12,25.8792
FS-SC-003,2025-09-15,26.1337
FS-SC-003,2025-09-16,25.6671
FS-SC-003,2025-09-17,25.6781
FS-SC-003,2025-09-18,26.0222
FS-SC-003,2025-09-19,25.9402
FS-SC-003,2025-09-22,23.9923
FS-SC-003,2025-09-23,24.3629
FS-SC-003,2025-09-24,24.3399
FS-SC-003,2025-09-25,24.1387
FS-SC-003,2025-09-26,24.1019
FS-SC-003,2025-09-29,24.1418
FS-SC-003,2025-09-30,24.5219
FS-SC-003,2025-10-01,24.4988
FS-SC-003,2025-10-02,24.8187
FS-SC-003,2025-10-03,24.7671
FS-SC-003,2025-10-06,24.7056
FS-SC-003,2025-10-07,24.7883
FS-SC-003,2025-10-08,24.6476
FS-SC-003,2025-10-09,24.7887
FS-SC-003,2025-10-10,24.9061
FS-SC-003,2025-10-13,25.1619
FS-SC-003,2025-10-14,25.3617
FS-SC-003,2025-10-15,25.5132
FS-SC-003,2025-10-16,25.5590
FS-SC-003,2025-10-17,25.7643
FS-SC-003,2025-10-20,25.8708
FS-SC-003,2025-10-21,25.5897
FS-SC-003,2025-10-22,25.2132
FS-SC-003,2025-10-23,24.9670
FS-SC-003,2025-10-24,24.7513
FS-SC-003,2025-10-27,24.6533
FS-SC-003,2025-10-28,24.4416
FS-SC-003,2025-10-29,24.5316
FS-SC-003,2025-10-30,24.6592
FS-SC-003,2025-10-31,24.2065
FS-SC-003,2025-11-03,24.3779
FS-SC-003,2025-11-04,24.4918
FS-SC-003,2025-11-05,24.8476
FS-SC-003,2025-11-06,24.9542
FS-SC-003,2025-11-07,24.8950
FS-SC-003,2025-11-10,24.5315
FS-SC-003,2025-11-11,24.5962
FS-SC-003,2025-11-12,24.7303
FS-SC-003,2025-11-13,25.0144
FS-SC-003,2025-11-14,25.1221
FS-SC-003,2025-11-17,25.5715
FS-SC-003,2025-11-18,26.0713
FS-SC-003,2025-11-19,26.4485
FS-SC-003,2025-11-20,25.9085
FS-SC-003,2025-11-21,25.5647
FS-SC-003,2025-11-24,25.1084
FS-SC-003,2025-11-25,24.8592
FS-SC-003,2025-11-26,25.2743
FS-SC-003,2025-11-27,25.1626
FS-SC-003,2025-11-28,25.2600
FS-SC-003,2025-12-01,25.9411
FS-SC-003,2025-12-02,26.0066
FS-SC-003,2025-12-03,25.6208
FS-SC-003,2025-12-04,25.3017
FS-SC-003,2025-12-05,25.4089
FS-SC-003,2025-12-08,25.5805
FS-SC-003,2025-12-09,25.7164
FS-SC-003,2025-12-10,25.5245
FS-SC-003,2025-12-11,25.7048
FS-SC-003,2025-12-12,25.5018
FS-SC-003,2025-12-15,25.4415
FS-SC-003,2025-12-16,25.6727
FS-SC-003,2025-12-17,25.6519
FS-SC-003,2025-12-18,25.8303
FS-SC-003,2025-12-19,25.7961
FS-SC-003,2025-12-22,25.4499
FS-SC-003,2025-12-23,25.7033
FS-SC-003,2025-12-24,25.9176
FS-SC-003,2025-12-25,26.0893
FS-SC-003,2025-12-26,26.2092
FS-SC-003,2025-12-29,26.4060
FS-SC-003,2025-12-30,26.4628
FS-SC-003,2025-12-31,26.3404
FS-SC-003,2026-01-01,26.4650
FS-SC-003,2026-01-02,26.8837
FS-SC-003,2026-01-05,26.8351
FS-SC-003,2026-01-06,26.4676
FS-SC-003,2026-01-07,26.5825
FS-SC-003,2026-01-08,26.8297
FS-SC-003,2026-01-09,26.7832
FS-SC-003,2026-01-12,27.0042
FS-SC-003,2026-01-13,26.9112
FS-SC-003,2026-01-14,28.0344
FS-SC-003,2026-01-15,27.1225
FS-SC-003,2026-01-16,27.0747
FS-SC-003,2026-01-19,27.0229
FS-SC-003,2026-01-20,27.9256
FS-SC-003,2026-01-21,28.1474
FS-SC-003,2026-01-22,29.0864
FS-SC-003,2026-01-23,29.3375
FS-SC-003,2026-01-26,29.9679
FS-SC-003,2026-01-27,30.0464
FS-SC-003,2026-01-28,30.0069
FS-SC-003,2026-01-29,29.9188
FS-SC-003,2026-01-30,29.8639
FS-SC-003,2026-02-02,30.1309
FS-SC-003,2026-02-03,30.4135
FS-SC-003,2026-02-04,30.0079
FS-SC-003,2026-02-05,30.3425
FS-SC-003,2026-02-06,30.4768
FS-SC-003,2026-02-09,30.5996
FS-SC-003,2026-02-10,31.3188
FS-SC-003,2026-02-11,31.6125
FS-SC-003,2026-02-12,31.4082
FS-SC-003,2026-02-13,31.0987
FS-SC-003,2026-02-16,31.1342
FS-SC-003,2026-02-17,31.0869
FS-SC-003,2026-02-18,31.0037
FS-SC-003,2026-02-19,31.1060
FS-SC-003,2026-02-20,30.5551
FS-SC-003,2026-02-23,30.4791
FS-SC-003,2026-02-24,30.8319
FS-SC-003,2026-02-25,31.1765
FS-SC-003,2026-02-26,31.3739
FS-SC-003,2026-02-27,31.0300
FS-SC-003,2026-03-02,31.4713
FS-SC-003,2026-03-03,30.8180
FS-SC-003,2026-03-04,31.5965
FS-SC-003,2026-03-05,31.2121
FS-SC-003,2026-03-06,31.4494
FS-SC-003,2026-03-09,31.4908
FS-SC-003,2026-03-10,31.0368
FS-SC-003,2026-03-11,30.8190
FS-SC-003,2026-03-12,31.0238
FS-SC-003,2026-03-13,31.1523
FS-SC-003,2026-03-16,31.4858
FS-SC-003,2026-03-17,29.8657
FS-SC-003,2026-03-18,28.4737
FS-SC-003,2026-03-19,28.3358
FS-SC-003,2026-03-20,28.3090
FS-SC-003,2026-03-23,27.6905
FS-SC-003,2026-03-24,27.7539
FS-SC-003,2026-03-25,27.9889
FS-SC-003,2026-03-26,27.5925
FS-SC-003,2026-03-27,28.1451
FS-SC-003,2026-03-30,27.5883
FS-SC-003,2026-03-31,28.2094
FS-SC-003,2026-04-01,27.8973
FS-SC-003,2026-04-02,28.0503
FS-SC-003,2026-04-03,28.2417
FS-SC-003,2026-04-06,27.8748
FS-SC-003,2026-04-07,27.9205
FS-SC-003,2026-04-08,27.6165
FS-SC-003,2026-04-09,27.3465
FS-SC-003,2026-04-10,27.1419
FS-SC-003,2026-04-13,26.7916
FS-SC-003,2026-04-14,26.8891
FS-SC-003,2026-04-15,27.0291
FS-SC-003,2026-04-16,27.3072
FS-SC-003,2026-04-17,27.3396
FS-SC-003,2026-04-20,27.4706
FS-SC-003,2026-04-21,27.6156
FS-SC-003,2026-04-22,28.2169
FS-SC-003,2026-04-23,28.3839
FS-SC-003,2026-04-24,28.9017
FS-SC-003,2026-04-27,28.5343
FS-SC-003,2026-04-28,28.3848
FS-SC-003,2026-04-29,29.0945
FS-SC-003,2026-04-30,29.4355
FS-SC-003,2026-05-01,29.3939
FS-SC-003,2026-05-04,29.7784
FS-SC-003,2026-05-05,28.9006
FS-SC-003,2026-05-06,28.6165
FS-SC-003,2026-05-07,27.8736
FS-SC-003,2026-05-08,28.4026
FS-SC-003,2026-05-11,28.2706
FS-SC-003,2026-05-12,28.2623
FS-SC-003,2026-05-13,27.9206
FS-SC-003,2026-05-14,27.9652
FS-SC-003,2026-05-15,27.5106
FS-SC-003,2026-05-18,27.2901
FS-SC-003,2026-05-19,26.8720
FS-SC-003,2026-05-20,26.6647
FS-SC-003,2026-05-21,26.4786
FS-SC-003,2026-05-22,26.9155
FS-SC-003,2026-05-25,26.7999
FS-SC-003,2026-05-26,26.2748
FS-SC-003,2026-05-27,26.3247
FS-SC-003,2026-05-28,26.2447
FS-SC-003,2026-05-29,26.6202
FS-SC-003,2026-06-01,27.0398
FS-SC-003,2026-06-02,27.0013
FS-SC-003,2026-06-03,27.3972
FS-SC-003,2026-06-04,27.7742
FS-SC-003,2026-06-05,28.1839
FS-SC-003,2026-06-08,28.9093
FS-SC-003,2026-06-09,28.8803
FS-SC-003,2026-06-10,27.9474
FS-SC-003,2026-06-11,28.2424
FS-SC-003,2026-06-12,28.4496
FS-SC-003,2026-06-15,28.3214
FS-SC-003,2026-06-16,27.8761
FS-SC-003,2026-06-17,27.5540
FS-SC-003,2026-06-18,27.4781
FS-SC-003,2026-06-19,27.0525
FS-SC-003,2026-06-22,26.9708
FS-SC-003,2026-06-23,26.8906
FS-SC-003,2026-06-24,26.8671
FS-SC-003,2026-06-25,27.0780
FS-SC-003,2026-06-26,27.3035
FS-SC-003,2026-06-29,27.7053
FS-SC-003,2026-06-30,27.8962
FS-SC-003,2026-07-01,28.2019
FS-SC-003,2026-07-02,28.5937
FS-SC-003,2026-07-03,28.2056
FS-SC-003,2026-07-06,27.9786
FS-SC-003,2026-07-07,27.6896
FS-SC-003,2026-07-08,28.1633
FS-SC-003,2026-07-09,27.8523
FS-SC-003,2026-07-10,28.2454
FS-SC-003,2026-07-13,28.2590
FS-SC-003,2026-07-14,27.7833
FS-SC-003,2026-07-15,28.2628
FS-SC-003,2026-07-16,28.6191
FS-SC-003,2026-07-17,28.6095
FS-SC-003,2026-07-20,29.0402
FS-SC-003,2026-07-21,29.5140
FS-SC-003,2026-07-22,29.5631
FS-SC-003,2026-07-23,29.2145
FS-SC-003,2026-07-24,29.1923
FS-SC-003,2026-07-27,29.7196
FS-SC-003,2026-07-28,29.8363
FS-SC-003,2026-07-29,29.4338
FS-SC-003,2026-07-30,30.0383
FS-SC-003,2026-07-31,30.2279
FS-SC-003,2026-08-03,30.2916
FS-SC-003,2026-08-04,30.4350
FS-SC-003,2026-08-05,30.4243
FS-SC-003,2026-08-06,30.9938
FS-SC-003,2026-08-07,29.9470
FS-SC-003,2026-08-10,30.2446
FS-SC-003,2026-08-11,30.0707
FS-SC-003,2026-08-12,29.2907
FS-SC-003,2026-08-13,29.4559
FS-SC-003,2026-08-14,29.0114
FS-SC-003,2026-08-17,28.5582
FS-SC-003,2026-08-18,28.2058
FS-SC-003,2026-08-19,27.8784
FS-SC-003,2026-08-20,27.8240
FS-SC-003,2026-08-21,27.2777
FS-SC-003,2026-08-24,27.7458
FS-SC-003,2026-08-25,27.8457
FS-SC-003,2026-08-26,27.6887
FS-SC-003,2026-08-27,27.8954
FS-SC-003,2026-08-28,28.0762
FS-SC-003,2026-08-31,28.1137
FS-SC-003,2026-09-01,27.9264
FS-SC-003,2026-09-02,28.0373
FS-SC-003,2026-09-03,27.9824
FS-SC-003,2026-09-04,27.7377
FS-SC-003,2026-09-07,27.6220
FS-SC-003,2026-09-08,27.4992
FS-SC-003,2026-09-09,27.6638
FS-SC-003,2026-09-10,27.7325
FS-SC-003,2026-09-11,27.7557
FS-SC-003,2026-09-14,27.4038
FS-SC-003,2026-09-15,26.9078
FS-SC-003,2026-09-16,26.5648
FS-SC-003,2026-09-17,26.6037
FS-SC-003,2026-09-18,26.4258
FS-SC-003,2026-09-21,26.4798
FS-SC-003,2026-09-22,26.5599
FS-SC-003,2026-09-23,26.5059
FS-SC-003,2026-09-24,26.0670
FS-SC-003,2026-09-25,24.9389
FS-SC-003,2026-09-28,24.6609
FS-SC-003,2026-09-29,24.5299
FS-SC-003,2026-09-30,24.0308
FS-FX-004,2021-01-04,42.0035
FS-FX-004,2021-01-05,41.6800
FS-FX-004,2021-01-06,41.8004
FS-FX-004,2021-01-07,42.1795
FS-FX-004,2021-01-08,42.2943
FS-FX-004,2021-01-11,42.1554
FS-FX-004,2021-01-12,42.2564
FS-FX-004,2021-01-13,41.8263
FS-FX-004,2021-01-14,42.1295
FS-FX-004,2021-01-15,42.2287
FS-FX-004,2021-01-18,42.8339
FS-FX-004,2021-01-19,43.4555
FS-FX-004,2021-01-20,43.7594
FS-FX-004,2021-01-21,43.3815
FS-FX-004,2021-01-22,43.7034
FS-FX-004,2021-01-25,43.7591
FS-FX-004,2021-01-26,43.3230
FS-FX-004,2021-01-27,42.3429
FS-FX-004,2021-01-28,42.1241
FS-FX-004,2021-01-29,42.0983
FS-FX-004,2021-02-01,40.9889
FS-FX-004,2021-02-02,41.1367
FS-FX-004,2021-02-03,41.2728
FS-FX-004,2021-02-04,41.6166
FS-FX-004,2021-02-05,41.6087
FS-FX-004,2021-02-08,42.0051
FS-FX-004,2021-02-09,41.9033
FS-FX-004,2021-02-10,41.9945
FS-FX-004,2021-02-11,42.0429
FS-FX-004,2021-02-12,41.3780
FS-FX-004,2021-02-15,40.8775
FS-FX-004,2021-02-16,41.1995
FS-FX-004,2021-02-17,41.7166
FS-FX-004,2021-02-18,41.7188
FS-FX-004,2021-02-19,42.3003
FS-FX-004,2021-02-22,42.2549
FS-FX-004,2021-02-23,42.5160
FS-FX-004,2021-02-24,42.9117
FS-FX-004,2021-02-25,43.1887
FS-FX-004,2021-02-26,43.3708
FS-FX-004,2021-03-01,43.5894
FS-FX-004,2021-03-02,43.5380
FS-FX-004,2021-03-03,44.0231
FS-FX-004,2021-03-04,43.9010
FS-FX-004,2021-03-05,44.8719
FS-FX-004,2021-03-08,44.9790
FS-FX-004,2021-03-09,44.9972
FS-FX-004,2021-03-10,45.2456
FS-FX-004,2021-03-11,45.3990
FS-FX-004,2021-03-12,44.8764
FS-FX-004,2021-03-15,44.8103
FS-FX-004,2021-03-16,44.7022
FS-FX-004,2021-03-17,44.8439
FS-FX-004,2021-03-18,44.4728
FS-FX-004,2021-03-19,45.0898
FS-FX-004,2021-03-22,44.7614
FS-FX-004,2021-03-23,44.9924
FS-FX-004,2021-03-24,44.6595
FS-FX-004,2021-03-25,44.5930
FS-FX-004,2021-03-26,44.3650
FS-FX-004,2021-03-29,43.7647
FS-FX-004,2021-03-30,42.5238
FS-FX-004,2021-03-31,42.0293
FS-FX-004,2021-04-01,42.1511
FS-FX-004,2021-04-02,42.0212
FS-FX-004,2021-04-05,41.3800
FS-FX-004,2021-04-06,41.2897
FS-FX-004,2021-04-07,41.3451
FS-FX-004,2021-04-08,41.7152
FS-FX-004,2021-04-09,41.6495
FS-FX-004,2021-04-12,41.6212
FS-FX-004,2021-04-13,41.8517
FS-FX-004,2021-04-14,42.3079
FS-FX-004,2021-04-15,42.6221
FS-FX-004,2021-04-16,42.4138
FS-FX-004,2021-04-19,41.9952
FS-FX-004,2021-04-20,41.8951
FS-FX-004,2021-04-21,41.5729
FS-FX-004,2021-04-22,42.0316
FS-FX-004,2021-04-23,41.6501
FS-FX-004,2021-04-26,41.7893
FS-FX-004,2021-04-27,42.1740
FS-FX-004,2021-04-28,41.7309
FS-FX-004,2021-04-29,41.9739
FS-FX-004,2021-04-30,41.7862
FS-FX-004,2021-05-03,42.5680
FS-FX-004,2021-05-04,42.4322
FS-FX-004,2021-05-05,42.1413
FS-FX-004,2021-05-06,41.5770
FS-FX-004,2021-05-07,41.4941
FS-FX-004,2021-05-10,41.8412
FS-FX-004,2021-05-11,41.4712
FS-FX-004,2021-05-12,41.4534
FS-FX-004,2021-05-13,41.2459
FS-FX-004,2021-05-14,41.0878
FS-FX-004,2021-05-17,41.1059
FS-FX-004,2021-05-18,41.0392
FS-FX-004,2021-05-19,40.9857
FS-FX-004,2021-05-20,41.1047
FS-FX-004,2021-05-21,41.0361
FS-FX-004,2021-05-24,41.3410
FS-FX-004,2021-05-25,42.3567
FS-FX-004,2021-05-26,42.7593
FS-FX-004,2021-05-27,43.2726
FS-FX-004,2021-05-28,43.2222
FS-FX-004,2021-05-31,43.2925
FS-FX-004,2021-06-01,43.6362
FS-FX-004,2021-06-02,43.2741
FS-FX-004,2021-06-03,42.8620
FS-FX-004,2021-06-04,42.4341
FS-FX-004,2021-06-07,42.7736
FS-FX-004,2021-06-08,42.6193
FS-FX-004,2021-06-09,42.5647
FS-FX-004,2021-06-10,42.5696
FS-FX-004,2021-06-11,42.0748
FS-FX-004,2021-06-14,42.1630
FS-FX-004,2021-06-15,42.3351
FS-FX-004,2021-06-16,42.3110
FS-FX-004,2021-06-17,42.2296
FS-FX-004,2021-06-18,42.3120
FS-FX-004,2021-06-21,41.9777
FS-FX-004,2021-06-22,41.4700
FS-FX-004,2021-06-23,41.1426
FS-FX-004,2021-06-24,41.0721
FS-FX-004,2021-06-25,41.1538
FS-FX-004,2021-06-28,41.7004
FS-FX-004,2021-06-29,41.6762
FS-FX-004,2021-06-30,41.6623
FS-FX-004,2021-07-01,41.8526
FS-FX-004,2021-07-02,41.4605
FS-FX-004,2021-07-05,41.2791
FS-FX-004,2021-07-06,40.6315
FS-FX-004,2021-07-07,40.7440
FS-FX-004,2021-07-08,40.6945
FS-FX-004,2021-07-09,40.4477
FS-FX-004,2021-07-12,40.8920
FS-FX-004,2021-07-13,40.7705
FS-FX-004,2021-07-14,41.0517
FS-FX-004,2021-07-15,40.8467
FS-FX-004,2021-07-16,41.1004
FS-FX-004,2021-07-19,41.5546
FS-FX-004,2021-07-20,41.2924
FS-FX-004,2021-07-21,41.5717
FS-FX-004,2021-07-22,41.4019
FS-FX-004,2021-07-23,41.1694
FS-FX-004,2021-07-26,41.1610
FS-FX-004,2021-07-27,41.3252
FS-FX-004,2021-07-28,41.3188
FS-FX-004,2021-07-29,40.9235
FS-FX-004,2021-07-30,41.0002
FS-FX-004,2021-08-02,41.1194
FS-FX-004,2021-08-03,41.1254
FS-FX-004,2021-08-04,41.1977
FS-FX-004,2021-08-05,40.6412
FS-FX-004,2021-08-06,40.6395
FS-FX-004,2021-08-09,40.5238
FS-FX-004,2021-08-10,40.9962
FS-FX-004,2021-08-11,41.4715
FS-FX-004,2021-08-12,41.2189
FS-FX-004,2021-08-13,40.4474
FS-FX-004,2021-08-16,41.1534
FS-FX-004,2021-08-17,41.3229
FS-FX-004,2021-08-18,40.2638
FS-FX-004,2021-08-19,40.2452
FS-FX-004,2021-08-20,40.3999
FS-FX-004,2021-08-23,40.9550
FS-FX-004,2021-08-24,41.0124
FS-FX-004,2021-08-25,41.2935
FS-FX-004,2021-08-26,41.1215
FS-FX-004,2021-08-27,41.5367
FS-FX-004,2021-08-30,41.5955
FS-FX-004,2021-08-31,42.1431
FS-FX-004,2021-09-01,42.0028
FS-FX-004,2021-09-02,42.2807
FS-FX-004,2021-09-03,42.5092
FS-FX-004,2021-09-06,42.5612
FS-FX-004,2021-09-07,43.4952
FS-FX-004,2021-09-08,42.8655
FS-FX-004,2021-09-09,43.1576
FS-FX-004,2021-09-10,43.5251
FS-FX-004,2021-09-13,43.5987
FS-FX-004,2021-09-14,43.2555
FS-FX-004,2021-09-15,43.3691
FS-FX-004,2021-09-16,43.6024
FS-FX-004,2021-09-17,43.5230
FS-FX-004,2021-09-20,43.6075
FS-FX-004,2021-09-21,43.3455
FS-FX-004,2021-09-22,43.8540
FS-FX-004,2021-09-23,44.5456
FS-FX-004,2021-09-24,44.5885
FS-FX-004,2021-09-27,44.8826
FS-FX-004,2021-09-28,45.4071
FS-FX-004,2021-09-29,45.0405
FS-FX-004,2021-09-30,45.2015
FS-FX-004,2021-10-01,45.3127
FS-FX-004,2021-10-04,44.7632
FS-FX-004,2021-10-05,44.5278
FS-FX-004,2021-10-06,44.1323
FS-FX-004,2021-10-07,44.3202
FS-FX-004,2021-10-08,44.2877
FS-FX-004,2021-10-11,44.3073
FS-FX-004,2021-10-12,43.9860
FS-FX-004,2021-10-13,44.0919
FS-FX-004,2021-10-14,45.1203
FS-FX-004,2021-10-15,45.6404
FS-FX-004,2021-10-18,45.2616
FS-FX-004,2021-10-19,45.1835
FS-FX-004,2021-10-20,45.6705
FS-FX-004,2021-10-21,45.5728
FS-FX-004,2021-10-22,45.3592
FS-FX-004,2021-10-25,45.5293
FS-FX-004,2021-10-26,45.4935
FS-FX-004,2021-10-27,45.1510
FS-FX-004,2021-10-28,44.3821
FS-FX-004,2021-10-29,44.4172
FS-FX-004,2021-11-01,44.7799
FS-FX-004,2021-11-02,44.7439
FS-FX-004,2021-11-03,44.8687
FS-FX-004,2021-11-04,44.4650
FS-FX-004,2021-11-05,45.0138
FS-FX-004,2021-11-08,45.3815
FS-FX-004,2021-11-09,45.9176
FS-FX-004,2021-11-10,45.4577
FS-FX-004,2021-11-11,45.6620
FS-FX-004,2021-11-12,45.7111
FS-FX-004,2021-11-15,45.9028
FS-FX-004,2021-11-16,45.4485
FS-FX-004,2021-11-17,45.4935
FS-FX-004,2021-11-18,45.6068
FS-FX-004,2021-11-19,45.7201
FS-FX-004,2021-11-22,46.2606
FS-FX-004,2021-11-23,47.0116
FS-FX-004,2021-11-24,47.0458
FS-FX-004,2021-11-25,46.3374
FS-FX-004,2021-11-26,46.1685
FS-FX-004,2021-11-29,46.1532
FS-FX-004,2021-11-30,45.8524
FS-FX-004,2021-12-01,45.9550
FS-FX-004,2021-12-02,45.9998
FS-FX-004,2021-12-03,45.7464
FS-FX-004,2021-12-06,46.1171
FS-FX-004,2021-12-07,46.6840
FS-FX-004,2021-12-08,46.8715
FS-FX-004,2021-12-09,46.7650
FS-FX-004,2021-12-10,46.3514
FS-FX-004,2021-12-13,46.6720
FS-FX-004,2021-12-14,46.7228
FS-FX-004,2021-12-15,46.3098
FS-FX-004,2021-12-16,46.7323
FS-FX-004,2021-12-17,46.8701
FS-FX-004,2021-12-20,46.8524
FS-FX-004,2021-12-21,46.2583
FS-FX-004,2021-12-22,46.1493
FS-FX-004,2021-12-23,46.6785
FS-FX-004,2021-12-24,47.6185
FS-FX-004,2021-12-27,47.5362
FS-FX-004,2021-12-28,48.3467
FS-FX-004,2021-12-29,48.4909
FS-FX-004,2021-12-30,48.7108
FS-FX-004,2021-12-31,48.3701
FS-FX-004,2022-01-03,47.9193
FS-FX-004,2022-01-04,47.7520
FS-FX-004,2022-01-05,48.7028
FS-FX-004,2022-01-06,48.7534
FS-FX-004,2022-01-07,49.3390
FS-FX-004,2022-01-10,48.2107
FS-FX-004,2022-01-11,48.3904
FS-FX-004,2022-01-12,48.5565
FS-FX-004,2022-01-13,48.7231
FS-FX-004,2022-01-14,48.3422
FS-FX-004,2022-01-17,48.4425
FS-FX-004,2022-01-18,48.8033
FS-FX-004,2022-01-19,48.5243
FS-FX-004,2022-01-20,48.5771
FS-FX-004,2022-01-21,48.1007
FS-FX-004,2022-01-24,48.0196
FS-FX-004,2022-01-25,48.1845
FS-FX-004,2022-01-26,47.4881
FS-FX-004,2022-01-27,48.1906
FS-FX-004,2022-01-28,48.1803
FS-FX-004,2022-01-31,47.8737
FS-FX-004,2022-02-01,47.7807
FS-FX-004,2022-02-02,48.3513
FS-FX-004,2022-02-03,47.7988
FS-FX-004,2022-02-04,49.0914
FS-FX-004,2022-02-07,49.2234
FS-FX-004,2022-02-08,50.0351
FS-FX-004,2022-02-09,49.9668
FS-FX-004,2022-02-10,50.0996
FS-FX-004,2022-02-11,49.6205
FS-FX-004,2022-02-14,49.5594
FS-FX-004,2022-02-15,49.2002
FS-FX-004,2022-02-16,49.3430
FS-FX-004,2022-02-17,49.8069
FS-FX-004,2022-02-18,50.9159
FS-FX-004,2022-02-21,51.8323
FS-FX-004,2022-02-22,51.6374
FS-FX-004,2022-02-23,51.3331
FS-FX-004,2022-02-24,50.5225
FS-FX-004,2022-02-25,50.5353
FS-FX-004,2022-02-28,50.8338
FS-FX-004,2022-03-01,50.7388
FS-FX-004,2022-03-02,50.5074
FS-FX-004,2022-03-03,50.7983
FS-FX-004,2022-03-04,51.0923
FS-FX-004,2022-03-07,50.6145
FS-FX-004,2022-03-08,50.8867
FS-FX-004,2022-03-09,51.0951
FS-FX-004,2022-03-10,50.3029
FS-FX-004,2022-03-11,49.9707
FS-FX-004,2022-03-14,50.1896
FS-FX-004,2022-03-15,50.1093
FS-FX-004,2022-03-16,50.0932
FS-FX-004,2022-03-17,50.6003
FS-FX-004,2022-03-18,51.4600
FS-FX-004,2022-03-21,51.5234
FS-FX-004,2022-03-22,51.6094
FS-FX-004,2022-03-23,52.4083
FS-FX-004,2022-03-24,52.6198
FS-FX-004,2022-03-25,52.3357
FS-FX-004,2022-03-28,52.5012
FS-FX-004,2022-03-29,52.9420
FS-FX-004,2022-03-30,52.5530
FS-FX-004,2022-03-31,52.5745
FS-FX-004,2022-04-01,52.0000
FS-FX-004,2022-04-04,52.1943
FS-FX-004,2022-04-05,51.8256
FS-FX-004,2022-04-06,51.8727
FS-FX-004,2022-04-07,52.1496
FS-FX-004,2022-04-08,51.6938
FS-FX-004,2022-04-11,51.4971
FS-FX-004,2022-04-12,51.4749
FS-FX-004,2022-04-13,51.3911
FS-FX-004,2022-04-14,51.0725
FS-FX-004,2022-04-15,50.5701
FS-FX-004,2022-04-18,50.8723
FS-FX-004,2022-04-19,51.4999
FS-FX-004,2022-04-20,52.0508
FS-FX-004,2022-04-21,51.1375
FS-FX-004,2022-04-22,50.8957
FS-FX-004,2022-04-25,50.5504
FS-FX-004,2022-04-26,51.1535
FS-FX-004,2022-04-27,51.2392
FS-FX-004,2022-04-28,51.6213
FS-FX-004,2022-04-29,51.3714
FS-FX-004,2022-05-02,51.7868
FS-FX-004,2022-05-03,51.9392
FS-FX-004,2022-05-04,52.4806
FS-FX-004,2022-05-05,52.3239
FS-FX-004,2022-05-06,52.0571
FS-FX-004,2022-05-09,51.8115
FS-FX-004,2022-05-10,51.4680
FS-FX-004,2022-05-11,50.6981
FS-FX-004,2022-05-12,50.7542
FS-FX-004,2022-05-13,50.9460
FS-FX-004,2022-05-16,51.2342
FS-FX-004,2022-05-17,50.4058
FS-FX-004,2022-05-18,50.6528
FS-FX-004,2022-05-19,50.5774
FS-FX-004,2022-05-20,53.4178
FS-FX-004,2022-05-23,53.3346
FS-FX-004,2022-05-24,55.5250
FS-FX-004,2022-05-25,55.8097
FS-FX-004,2022-05-26,56.6161
FS-FX-004,2022-05-27,58.6318
FS-FX-004,2022-05-30,57.8998
FS-FX-004,2022-05-31,58.8933
FS-FX-004,2022-06-01,57.8783
FS-FX-004,2022-06-02,55.8353
FS-FX-004,2022-06-03,56.3610
FS-FX-004,2022-06-06,55.5700
FS-FX-004,2022-06-07,58.3563
FS-FX-004,2022-06-08,58.3720
FS-FX-004,2022-06-09,56.6436
FS-FX-004,2022-06-10,55.8795
FS-FX-004,2022-06-13,53.7914
FS-FX-004,2022-06-14,52.9211
FS-FX-004,2022-06-15,52.5673
FS-FX-004,2022-06-16,52.4361
FS-FX-004,2022-06-17,52.8679
FS-FX-004,2022-06-20,53.1195
FS-FX-004,2022-06-21,50.3182
FS-FX-004,2022-06-22,50.6104
FS-FX-004,2022-06-23,50.5421
FS-FX-004,2022-06-24,50.7658
FS-FX-004,2022-06-27,51.0824
FS-FX-004,2022-06-28,50.0106
FS-FX-004,2022-06-29,51.5391
FS-FX-004,2022-06-30,50.4776
FS-FX-004,2022-07-01,50.3391
FS-FX-004,2022-07-04,50.4679
FS-FX-004,2022-07-05,49.0984
FS-FX-004,2022-07-06,49.7140
FS-FX-004,2022-07-07,49.7640
FS-FX-004,2022-07-08,49.1318
FS-FX-004,2022-07-11,49.1685
FS-FX-004,2022-07-12,48.9312
FS-FX-004,2022-07-13,49.4210
FS-FX-004,2022-07-14,49.5714
FS-FX-004,2022-07-15,49.1909
FS-FX-004,2022-07-18,48.4943
FS-FX-004,2022-07-19,48.5098
FS-FX-004,2022-07-20,48.6533
FS-FX-004,2022-07-21,49.0582
FS-FX-004,2022-07-22,49.1068
FS-FX-004,2022-07-25,49.7053
FS-FX-004,2022-07-26,49.9923
FS-FX-004,2022-07-27,49.5073
FS-FX-004,2022-07-28,49.0998
FS-FX-004,2022-07-29,49.3814
FS-FX-004,2022-08-01,49.4615
FS-FX-004,2022-08-02,50.2258
FS-FX-004,2022-08-03,50.0766
FS-FX-004,2022-08-04,50.1625
FS-FX-004,2022-08-05,50.3678
FS-FX-004,2022-08-08,50.5506
FS-FX-004,2022-08-09,51.2845
FS-FX-004,2022-08-10,51.2561
FS-FX-004,2022-08-11,51.6989
FS-FX-004,2022-08-12,50.8705
FS-FX-004,2022-08-15,51.6257
FS-FX-004,2022-08-16,51.6980
FS-FX-004,2022-08-17,51.9485
FS-FX-004,2022-08-18,52.3077
FS-FX-004,2022-08-19,52.6522
FS-FX-004,2022-08-22,53.2070
FS-FX-004,2022-08-23,53.7693
FS-FX-004,2022-08-24,53.9691
FS-FX-004,2022-08-25,53.7924
FS-FX-004,2022-08-26,54.1521
FS-FX-004,2022-08-29,54.1792
FS-FX-004,2022-08-30,54.2195
FS-FX-004,2022-08-31,54.4291
FS-FX-004,2022-09-01,54.2585
FS-FX-004,2022-09-02,54.3811
FS-FX-004,2022-09-05,54.3585
FS-FX-004,2022-09-06,54.5116
FS-FX-004,2022-09-07,54.3953
FS-FX-004,2022-09-08,54.5957
FS-FX-004,2022-09-09,54.5451
FS-FX-004,2022-09-12,54.7976
FS-FX-004,2022-09-13,55.2393
FS-FX-004,2022-09-14,55.0584
FS-FX-004,2022-09-15,55.1289
FS-FX-004,2022-09-16,54.9725
FS-FX-004,2022-09-19,55.0344
FS-FX-004,2022-09-20,55.2089
FS-FX-004,2022-09-21,55.1371
FS-FX-004,2022-09-22,55.1049
FS-FX-004,2022-09-23,56.1017
FS-FX-004,2022-09-26,56.4401
FS-FX-004,2022-09-27,57.1369
FS-FX-004,2022-09-28,57.3757
FS-FX-004,2022-09-29,57.3923
FS-FX-004,2022-09-30,57.2000
FS-FX-004,2022-10-03,56.5533
FS-FX-004,2022-10-04,56.9215
FS-FX-004,2022-10-05,57.0149
FS-FX-004,2022-10-06,56.9583
FS-FX-004,2022-10-07,56.5941
FS-FX-004,2022-10-10,56.2386
FS-FX-004,2022-10-11,56.5171
FS-FX-004,2022-10-12,56.3327
FS-FX-004,2022-10-13,56.1118
FS-FX-004,2022-10-14,55.7536
FS-FX-004,2022-10-17,55.6768
FS-FX-004,2022-10-18,55.6554
FS-FX-004,2022-10-19,56.1649
FS-FX-004,2022-10-20,56.2484
FS-FX-004,2022-10-21,56.4682
FS-FX-004,2022-10-24,56.0168
FS-FX-004,2022-10-25,56.3333
FS-FX-004,2022-10-26,55.9324
FS-FX-004,2022-10-27,56.0494
FS-FX-004,2022-10-28,55.0707
FS-FX-004,2022-10-31,55.1511
FS-FX-004,2022-11-01,54.8774
FS-FX-004,2022-11-02,54.3529
FS-FX-004,2022-11-03,54.4777
FS-FX-004,2022-11-04,54.2369
FS-FX-004,2022-11-07,53.6819
FS-FX-004,2022-11-08,54.1702
FS-FX-004,2022-11-09,54.9865
FS-FX-004,2022-11-10,54.9258
FS-FX-004,2022-11-11,54.7855
FS-FX-004,2022-11-14,54.2615
FS-FX-004,2022-11-15,55.0011
FS-FX-004,2022-11-16,54.4085
FS-FX-004,2022-11-17,54.0344
FS-FX-004,2022-11-18,53.9083
FS-FX-004,2022-11-21,53.8226
FS-FX-004,2022-11-22,53.9263
FS-FX-004,2022-11-23,54.7190
FS-FX-004,2022-11-24,54.0746
FS-FX-004,2022-11-25,54.0842
FS-FX-004,2022-11-28,53.1868
FS-FX-004,2022-11-29,53.3083
FS-FX-004,2022-11-30,53.5469
FS-FX-004,2022-12-01,53.5922
FS-FX-004,2022-12-02,53.9166
FS-FX-004,2022-12-05,54.1381
FS-FX-004,2022-12-06,54.7485
FS-FX-004,2022-12-07,54.0274
FS-FX-004,2022-12-08,53.8586
FS-FX-004,2022-12-09,53.5764
FS-FX-004,2022-12-12,54.8031
FS-FX-004,2022-12-13,54.4851
FS-FX-004,2022-12-14,53.9976
FS-FX-004,2022-12-15,55.0447
FS-FX-004,2022-12-16,55.6717
FS-FX-004,2022-12-19,55.6249
FS-FX-004,2022-12-20,55.5485
FS-FX-004,2022-12-21,55.8146
FS-FX-004,2022-12-22,56.5113
FS-FX-004,2022-12-23,56.5993
FS-FX-004,2022-12-26,56.2404
FS-FX-004,2022-12-27,56.5317
FS-FX-004,2022-12-28,55.3551
FS-FX-004,2022-12-29,55.4789
FS-FX-004,2022-12-30,54.9768
FS-FX-004,2023-01-02,54.5762
FS-FX-004,2023-01-03,54.3832
FS-FX-004,2023-01-04,53.5087
FS-FX-004,2023-01-05,53.7946
FS-FX-004,2023-01-06,53.9689
FS-FX-004,2023-01-09,53.7085
FS-FX-004,2023-01-10,53.5281
FS-FX-004,2023-01-11,53.3841
FS-FX-004,2023-01-12,53.6257
FS-FX-004,2023-01-13,53.8278
FS-FX-004,2023-01-16,53.8890
FS-FX-004,2023-01-17,53.9778
FS-FX-004,2023-01-18,54.8576
FS-FX-004,2023-01-19,55.1650
FS-FX-004,2023-01-20,55.2501
FS-FX-004,2023-01-23,56.1042
FS-FX-004,2023-01-24,56.0448
FS-FX-004,2023-01-25,56.5189
FS-FX-004,2023-01-26,57.1873
FS-FX-004,2023-01-27,57.6907
FS-FX-004,2023-01-30,57.5898
FS-FX-004,2023-01-31,56.9694
FS-FX-004,2023-02-01,56.6215
FS-FX-004,2023-02-02,56.8071
FS-FX-004,2023-02-03,57.6855
FS-FX-004,2023-02-06,57.8779
FS-FX-004,2023-02-07,57.7230
FS-FX-004,2023-02-08,57.9676
FS-FX-004,2023-02-09,58.3208
FS-FX-004,2023-02-10,58.6291
FS-FX-004,2023-02-13,59.4411
FS-FX-004,2023-02-14,59.8152
FS-FX-004,2023-02-15,60.1400
FS-FX-004,2023-02-16,60.2026
FS-FX-004,2023-02-17,61.0182
FS-FX-004,2023-02-20,60.6919
FS-FX-004,2023-02-21,60.3568
FS-FX-004,2023-02-22,60.5719
FS-FX-004,2023-02-23,60.0684
FS-FX-004,2023-02-24,59.8499
FS-FX-004,2023-02-27,60.7586
FS-FX-004,2023-02-28,60.2980
FS-FX-004,2023-03-01,60.3238
FS-FX-004,2023-03-02,60.0011
FS-FX-004,2023-03-03,60.3533
FS-FX-004,2023-03-06,59.8416
FS-FX-004,2023-03-07,60.0158
FS-FX-004,2023-03-08,60.3769
FS-FX-004,2023-03-09,60.8044
FS-FX-004,2023-03-10,61.0734
FS-FX-004,2023-03-13,60.7931
FS-FX-004,2023-03-14,60.5535
FS-FX-004,2023-03-15,60.7365
FS-FX-004,2023-03-16,60.3428
FS-FX-004,2023-03-17,60.2358
FS-FX-004,2023-03-20,60.0524
FS-FX-004,2023-03-21,60.6062
FS-FX-004,2023-03-22,59.6993
FS-FX-004,2023-03-23,59.6886
FS-FX-004,2023-03-24,59.4851
FS-FX-004,2023-03-27,60.0590
FS-FX-004,2023-03-28,59.8117
FS-FX-004,2023-03-29,59.6470
FS-FX-004,2023-03-30,58.3840
FS-FX-004,2023-03-31,58.2973
FS-FX-004,2023-04-03,57.6135
FS-FX-004,2023-04-04,57.4736
FS-FX-004,2023-04-05,57.7790
FS-FX-004,2023-04-06,58.3730
FS-FX-004,2023-04-07,57.4781
FS-FX-004,2023-04-10,57.4623
FS-FX-004,2023-04-11,57.7529
FS-FX-004,2023-04-12,57.1587
FS-FX-004,2023-04-13,56.8742
FS-FX-004,2023-04-14,55.9994
FS-FX-004,2023-04-17,55.6946
FS-FX-004,2023-04-18,56.2314
FS-FX-004,2023-04-19,57.8571
FS-FX-004,2023-04-20,57.6302
FS-FX-004,2023-04-21,57.7188
FS-FX-004,2023-04-24,56.9059
FS-FX-004,2023-04-25,56.8859
FS-FX-004,2023-04-26,58.2355
FS-FX-004,2023-04-27,57.2362
FS-FX-004,2023-04-28,58.8960
FS-FX-004,2023-05-01,58.4802
FS-FX-004,2023-05-02,58.6725
FS-FX-004,2023-05-03,58.2427
FS-FX-004,2023-05-04,57.6233
FS-FX-004,2023-05-05,56.6775
FS-FX-004,2023-05-08,56.9477
FS-FX-004,2023-05-09,57.2315
FS-FX-004,2023-05-10,57.5539
FS-FX-004,2023-05-11,58.0738
FS-FX-004,2023-05-12,57.7110
FS-FX-004,2023-05-15,56.2381
FS-FX-004,2023-05-16,56.7459
FS-FX-004,2023-05-17,55.9037
FS-FX-004,2023-05-18,56.4341
FS-FX-004,2023-05-19,56.2355
FS-FX-004,2023-05-22,56.2536
FS-FX-004,2023-05-23,56.1178
FS-FX-004,2023-05-24,56.5764
FS-FX-004,2023-05-25,57.0996
FS-FX-004,2023-05-26,57.3132
FS-FX-004,2023-05-29,58.2632
FS-FX-004,2023-05-30,59.3919
FS-FX-004,2023-05-31,58.9510
FS-FX-004,2023-06-01,58.6070
FS-FX-004,2023-06-02,57.9505
FS-FX-004,2023-06-05,58.5819
FS-FX-004,2023-06-06,58.1624
FS-FX-004,2023-06-07,57.9180
FS-FX-004,2023-06-08,58.2693
FS-FX-004,2023-06-09,58.5102
FS-FX-004,2023-06-12,58.9921
FS-FX-004,2023-06-13,58.5420
FS-FX-004,2023-06-14,58.5016
FS-FX-004,2023-06-15,58.2365
FS-FX-004,2023-06-16,56.9239
FS-FX-004,2023-06-19,57.2606
FS-FX-004,2023-06-20,57.5002
FS-FX-004,2023-06-21,58.2012
FS-FX-004,2023-06-22,58.0002
FS-FX-004,2023-06-23,58.8869
FS-FX-004,2023-06-26,59.2123
FS-FX-004,2023-06-27,59.1571
FS-FX-004,2023-06-28,59.1022
FS-FX-004,2023-06-29,59.9598
FS-FX-004,2023-06-30,60.0520
FS-FX-004,2023-07-03,61.0351
FS-FX-004,2023-07-04,61.1932
FS-FX-004,2023-07-05,61.2370
FS-FX-004,2023-07-06,61.7850
FS-FX-004,2023-07-07,62.4980
FS-FX-004,2023-07-10,62.9463
FS-FX-004,2023-07-11,62.9253
FS-FX-004,2023-07-12,62.7651
FS-FX-004,2023-07-13,63.1356
FS-FX-004,2023-07-14,63.4460
FS-FX-004,2023-07-17,64.2892
FS-FX-004,2023-07-18,64.4243
FS-FX-004,2023-07-19,64.8682
FS-FX-004,2023-07-20,64.3124
FS-FX-004,2023-07-21,63.9368
FS-FX-004,2023-07-24,64.3810
FS-FX-004,2023-07-25,64.9970
FS-FX-004,2023-07-26,65.0258
FS-FX-004,2023-07-27,66.1537
FS-FX-004,2023-07-28,66.2230
FS-FX-004,2023-07-31,66.0665
FS-FX-004,2023-08-01,66.6223
FS-FX-004,2023-08-02,66.4597
FS-FX-004,2023-08-03,66.3735
FS-FX-004,2023-08-04,65.9622
FS-FX-004,2023-08-07,65.3431
FS-FX-004,2023-08-08,64.9743
FS-FX-004,2023-08-09,66.0234
FS-FX-004,2023-08-10,66.0356
FS-FX-004,2023-08-11,64.9767
FS-FX-004,2023-08-14,64.9841
FS-FX-004,2023-08-15,65.3821
FS-FX-004,2023-08-16,66.1203
FS-FX-004,2023-08-17,67.2128
FS-FX-004,2023-08-18,67.5550
FS-FX-004,2023-08-21,67.6182
FS-FX-004,2023-08-22,67.6785
FS-FX-004,2023-08-23,67.9363
FS-FX-004,2023-08-24,67.5873
FS-FX-004,2023-08-25,67.5347
FS-FX-004,2023-08-28,67.4451
FS-FX-004,2023-08-29,68.0452
FS-FX-004,2023-08-30,67.6895
FS-FX-004,2023-08-31,67.8928
FS-FX-004,2023-09-01,67.9535
FS-FX-004,2023-09-04,68.0188
FS-FX-004,2023-09-05,68.0686
FS-FX-004,2023-09-06,68.8420
FS-FX-004,2023-09-07,68.6600
FS-FX-004,2023-09-08,68.2862
FS-FX-004,2023-09-11,67.6340
FS-FX-004,2023-09-12,68.2176
FS-FX-004,2023-09-13,67.6205
FS-FX-004,2023-09-14,68.4643
FS-FX-004,2023-09-15,66.9109
FS-FX-004,2023-09-18,66.1092
FS-FX-004,2023-09-19,64.8704
FS-FX-004,2023-09-20,65.5083
FS-FX-004,2023-09-21,64.5910
FS-FX-004,2023-09-22,63.9501
FS-FX-004,2023-09-25,64.6120
FS-FX-004,2023-09-26,64.6049
FS-FX-004,2023-09-27,64.7834
FS-FX-004,2023-09-28,64.6320
FS-FX-004,2023-09-29,64.7253
FS-FX-004,2023-10-02,64.5555
FS-FX-004,2023-10-03,64.4553
FS-FX-004,2023-10-04,63.8357
FS-FX-004,2023-10-05,64.1794
FS-FX-004,2023-10-06,64.0791
FS-FX-004,2023-10-09,63.3976
FS-FX-004,2023-10-10,63.0277
FS-FX-004,2023-10-11,62.9053
FS-FX-004,2023-10-12,62.4482
FS-FX-004,2023-10-13,62.2787
FS-FX-004,2023-10-16,62.1001
FS-FX-004,2023-10-17,61.8695
FS-FX-004,2023-10-18,61.3206
FS-FX-004,2023-10-19,61.5298
FS-FX-004,2023-10-20,61.1036
FS-FX-004,2023-10-23,61.2809
FS-FX-004,2023-10-24,61.9218
FS-FX-004,2023-10-25,62.9501
FS-FX-004,2023-10-26,63.1173
FS-FX-004,2023-10-27,63.1475
FS-FX-004,2023-10-30,63.2363
FS-FX-004,2023-10-31,63.0942
FS-FX-004,2023-11-01,63.1794
FS-FX-004,2023-11-02,63.3585
FS-FX-004,2023-11-03,63.3938
FS-FX-004,2023-11-06,63.1159
FS-FX-004,2023-11-07,62.5988
FS-FX-004,2023-11-08,62.7703
FS-FX-004,2023-11-09,63.4878
FS-FX-004,2023-11-10,62.7307
FS-FX-004,2023-11-13,62.8009
FS-FX-004,2023-11-14,63.0564
FS-FX-004,2023-11-15,62.9057
FS-FX-004,2023-11-16,62.6192
FS-FX-004,2023-11-17,62.2968
FS-FX-004,2023-11-20,62.6289
FS-FX-004,2023-11-21,62.4314
FS-FX-004,2023-11-22,61.7537
FS-FX-004,2023-11-23,62.0064
FS-FX-004,2023-11-24,60.8813
FS-FX-004,2023-11-27,60.5516
FS-FX-004,2023-11-28,60.8793
FS-FX-004,2023-11-29,61.0109
FS-FX-004,2023-11-30,61.1038
FS-FX-004,2023-12-01,61.3369
FS-FX-004,2023-12-04,61.6512
FS-FX-004,2023-12-05,61.7649
FS-FX-004,2023-12-06,62.1522
FS-FX-004,2023-12-07,62.3611
FS-FX-004,2023-12-08,62.0138
FS-FX-004,2023-12-11,61.6597
FS-FX-004,2023-12-12,61.4220
FS-FX-004,2023-12-13,60.8645
FS-FX-004,2023-12-14,61.4655
FS-FX-004,2023-12-15,61.8690
FS-FX-004,2023-12-18,62.1216
FS-FX-004,2023-12-19,62.4159
FS-FX-004,2023-12-20,63.1121
FS-FX-004,2023-12-21,63.1138
FS-FX-004,2023-12-22,62.7315
FS-FX-004,2023-12-25,62.7845
FS-FX-004,2023-12-26,62.8710
FS-FX-004,2023-12-27,63.1836
FS-FX-004,2023-12-28,62.7456
FS-FX-004,2023-12-29,61.9709
FS-FX-004,2024-01-01,63.0989
FS-FX-004,2024-01-02,63.6142
FS-FX-004,2024-01-03,63.6866
FS-FX-004,2024-01-04,64.2362
FS-FX-004,2024-01-05,64.5238
FS-FX-004,2024-01-08,62.8891
FS-FX-004,2024-01-09,63.3933
FS-FX-004,2024-01-10,63.6211
FS-FX-004,2024-01-11,63.3578
FS-FX-004,2024-01-12,62.8695
FS-FX-004,2024-01-15,62.9106
FS-FX-004,2024-01-16,63.4867
FS-FX-004,2024-01-17,63.1759
FS-FX-004,2024-01-18,62.8454
FS-FX-004,2024-01-19,63.9285
FS-FX-004,2024-01-22,64.3491
FS-FX-004,2024-01-23,64.1185
FS-FX-004,2024-01-24,63.5569
FS-FX-004,2024-01-25,63.9205
FS-FX-004,2024-01-26,64.0158
FS-FX-004,2024-01-29,63.9938
FS-FX-004,2024-01-30,65.5706
FS-FX-004,2024-01-31,66.2333
FS-FX-004,2024-02-01,66.3944
FS-FX-004,2024-02-02,65.2208
FS-FX-004,2024-02-05,65.9121
FS-FX-004,2024-02-06,65.6126
FS-FX-004,2024-02-07,66.0966
FS-FX-004,2024-02-08,66.5913
FS-FX-004,2024-02-09,66.0677
FS-FX-004,2024-02-12,65.9876
FS-FX-004,2024-02-13,66.0025
FS-FX-004,2024-02-14,66.3381
FS-FX-004,2024-02-15,66.2845
FS-FX-004,2024-02-16,66.6457
FS-FX-004,2024-02-19,67.5970
FS-FX-004,2024-02-20,67.0575
FS-FX-004,2024-02-21,66.8688
FS-FX-004,2024-02-22,66.8105
FS-FX-004,2024-02-23,68.3364
FS-FX-004,2024-02-26,69.1347
FS-FX-004,2024-02-27,68.9024
FS-FX-004,2024-02-28,69.1756
FS-FX-004,2024-02-29,69.3967
FS-FX-004,2024-03-01,69.6807
FS-FX-004,2024-03-04,69.2040
FS-FX-004,2024-03-05,69.5507
FS-FX-004,2024-03-06,69.9203
FS-FX-004,2024-03-07,70.4255
FS-FX-004,2024-03-08,70.1651
FS-FX-004,2024-03-11,70.9592
FS-FX-004,2024-03-12,70.1090
FS-FX-004,2024-03-13,70.1350
FS-FX-004,2024-03-14,69.9416
FS-FX-004,2024-03-15,69.7192
FS-FX-004,2024-03-18,68.7576
FS-FX-004,2024-03-19,69.0507
FS-FX-004,2024-03-20,69.8845
FS-FX-004,2024-03-21,68.8725
FS-FX-004,2024-03-22,67.9354
FS-FX-004,2024-03-25,68.6003
FS-FX-004,2024-03-26,68.8582
FS-FX-004,2024-03-27,68.5388
FS-FX-004,2024-03-28,69.7170
FS-FX-004,2024-03-29,70.5104
FS-FX-004,2024-04-01,70.3244
FS-FX-004,2024-04-02,70.6430
FS-FX-004,2024-04-03,70.0239
FS-FX-004,2024-04-04,69.5384
FS-FX-004,2024-04-05,68.9994
FS-FX-004,2024-04-08,69.0658
FS-FX-004,2024-04-09,69.6548
FS-FX-004,2024-04-10,70.2490
FS-FX-004,2024-04-11,70.6954
FS-FX-004,2024-04-12,70.9857
FS-FX-004,2024-04-15,71.6198
FS-FX-004,2024-04-16,71.7965
FS-FX-004,2024-04-17,71.1769
FS-FX-004,2024-04-18,71.4957
FS-FX-004,2024-04-19,71.3901
FS-FX-004,2024-04-22,71.3091
FS-FX-004,2024-04-23,70.7042
FS-FX-004,2024-04-24,70.8509
FS-FX-004,2024-04-25,70.5365
FS-FX-004,2024-04-26,71.1260
FS-FX-004,2024-04-29,70.9673
FS-FX-004,2024-04-30,70.9575
FS-FX-004,2024-05-01,70.4514
FS-FX-004,2024-05-02,70.9240
FS-FX-004,2024-05-03,71.0156
FS-FX-004,2024-05-06,71.2822
FS-FX-004,2024-05-07,70.9990
FS-FX-004,2024-05-08,70.6978
FS-FX-004,2024-05-09,71.2580
FS-FX-004,2024-05-10,71.1043
FS-FX-004,2024-05-13,70.8732
FS-FX-004,2024-05-14,70.9973
FS-FX-004,2024-05-15,70.5969
FS-FX-004,2024-05-16,70.4873
FS-FX-004,2024-05-17,70.6503
FS-FX-004,2024-05-20,71.2138
FS-FX-004,2024-05-21,71.3266
FS-FX-004,2024-05-22,70.3798
FS-FX-004,2024-05-23,70.6664
FS-FX-004,2024-05-24,71.3281
FS-FX-004,2024-05-27,71.7399
FS-FX-004,2024-05-28,72.0093
FS-FX-004,2024-05-29,71.5119
FS-FX-004,2024-05-30,70.6689
FS-FX-004,2024-05-31,70.5809
FS-FX-004,2024-06-03,71.7834
FS-FX-004,2024-06-04,68.2160
FS-FX-004,2024-06-05,72.1859
FS-FX-004,2024-06-06,70.6079
FS-FX-004,2024-06-07,73.1978
FS-FX-004,2024-06-10,72.8056
FS-FX-004,2024-06-11,73.8283
FS-FX-004,2024-06-12,73.1833
FS-FX-004,2024-06-13,74.6307
FS-FX-004,2024-06-14,73.9434
FS-FX-004,2024-06-17,74.5587
FS-FX-004,2024-06-18,74.3234
FS-FX-004,2024-06-19,75.4027
FS-FX-004,2024-06-20,76.7406
FS-FX-004,2024-06-21,75.5998
FS-FX-004,2024-06-24,73.8374
FS-FX-004,2024-06-25,73.7163
FS-FX-004,2024-06-26,72.8195
FS-FX-004,2024-06-27,72.4346
FS-FX-004,2024-06-28,75.2552
FS-FX-004,2024-07-01,75.1503
FS-FX-004,2024-07-02,75.5239
FS-FX-004,2024-07-03,75.3842
FS-FX-004,2024-07-04,75.1363
FS-FX-004,2024-07-05,75.5639
FS-FX-004,2024-07-08,74.5868
FS-FX-004,2024-07-09,75.6192
FS-FX-004,2024-07-10,75.4192
FS-FX-004,2024-07-11,76.6469
FS-FX-004,2024-07-12,77.4113
FS-FX-004,2024-07-15,77.0229
FS-FX-004,2024-07-16,76.9945
FS-FX-004,2024-07-17,77.2842
FS-FX-004,2024-07-18,78.1539
FS-FX-004,2024-07-19,78.2615
FS-FX-004,2024-07-22,78.6106
FS-FX-004,2024-07-23,78.1685
FS-FX-004,2024-07-24,78.8431
FS-FX-004,2024-07-25,79.2823
FS-FX-004,2024-07-26,79.7141
FS-FX-004,2024-07-29,81.3787
FS-FX-004,2024-07-30,80.2142
FS-FX-004,2024-07-31,80.1503
FS-FX-004,2024-08-01,80.7948
FS-FX-004,2024-08-02,80.3350
FS-FX-004,2024-08-05,80.3105
FS-FX-004,2024-08-06,80.3450
FS-FX-004,2024-08-07,79.2128
FS-FX-004,2024-08-08,78.6994
FS-FX-004,2024-08-09,78.8683
FS-FX-004,2024-08-12,79.5937
FS-FX-004,2024-08-13,80.2282
FS-FX-004,2024-08-14,80.7743
FS-FX-004,2024-08-15,80.7987
FS-FX-004,2024-08-16,81.2684
FS-FX-004,2024-08-19,81.2600
FS-FX-004,2024-08-20,80.3137
FS-FX-004,2024-08-21,80.9400
FS-FX-004,2024-08-22,80.0617
FS-FX-004,2024-08-23,80.4721
FS-FX-004,2024-08-26,80.6125
FS-FX-004,2024-08-27,80.8522
FS-FX-004,2024-08-28,81.2432
FS-FX-004,2024-08-29,81.0532
FS-FX-004,2024-08-30,80.7650
FS-FX-004,2024-09-02,80.3927
FS-FX-004,2024-09-03,80.9000
FS-FX-004,2024-09-04,80.8632
FS-FX-004,2024-09-05,81.5452
FS-FX-004,2024-09-06,79.7038
FS-FX-004,2024-09-09,79.9089
FS-FX-004,2024-09-10,79.6497
FS-FX-004,2024-09-11,79.2503
FS-FX-004,2024-09-12,78.7846
FS-FX-004,2024-09-13,78.4116
FS-FX-004,2024-09-16,79.2139
FS-FX-004,2024-09-17,78.0547
FS-FX-004,2024-09-18,77.6707
FS-FX-004,2024-09-19,77.0782
FS-FX-004,2024-09-20,77.8460
FS-FX-004,2024-09-23,77.8241
FS-FX-004,2024-09-24,77.2432
FS-FX-004,2024-09-25,76.1833
FS-FX-004,2024-09-26,75.4485
FS-FX-004,2024-09-27,75.5124
FS-FX-004,2024-09-30,75.2342
FS-FX-004,2024-10-01,75.7857
FS-FX-004,2024-10-02,76.0628
FS-FX-004,2024-10-03,75.9010
FS-FX-004,2024-10-04,75.2234
FS-FX-004,2024-10-07,74.9580
FS-FX-004,2024-10-08,75.3394
FS-FX-004,2024-10-09,75.1829
FS-FX-004,2024-10-10,75.6519
FS-FX-004,2024-10-11,76.1002
FS-FX-004,2024-10-14,76.2062
FS-FX-004,2024-10-15,75.2425
FS-FX-004,2024-10-16,76.4481
FS-FX-004,2024-10-17,76.7302
FS-FX-004,2024-10-18,77.1445
FS-FX-004,2024-10-21,76.3981
FS-FX-004,2024-10-22,75.8345
FS-FX-004,2024-10-23,75.6490
FS-FX-004,2024-10-24,74.7314
FS-FX-004,2024-10-25,75.1316
FS-FX-004,2024-10-28,76.4018
FS-FX-004,2024-10-29,77.0159
FS-FX-004,2024-10-30,76.6758
FS-FX-004,2024-10-31,76.2823
FS-FX-004,2024-11-01,76.2687
FS-FX-004,2024-11-04,76.8298
FS-FX-004,2024-11-05,76.0541
FS-FX-004,2024-11-06,75.6883
FS-FX-004,2024-11-07,75.7922
FS-FX-004,2024-11-08,76.6894
FS-FX-004,2024-11-11,77.7933
FS-FX-004,2024-11-12,78.1170
FS-FX-004,2024-11-13,78.6962
FS-FX-004,2024-11-14,78.2820
FS-FX-004,2024-11-15,77.8423
FS-FX-004,2024-11-18,78.5890
FS-FX-004,2024-11-19,78.7564
FS-FX-004,2024-11-20,78.1315
FS-FX-004,2024-11-21,78.5357
FS-FX-004,2024-11-22,78.5316
FS-FX-004,2024-11-25,78.4655
FS-FX-004,2024-11-26,78.2184
FS-FX-004,2024-11-27,77.8026
FS-FX-004,2024-11-28,79.0131
FS-FX-004,2024-11-29,78.9750
FS-FX-004,2024-12-02,79.5356
FS-FX-004,2024-12-03,79.1738
FS-FX-004,2024-12-04,79.2996
FS-FX-004,2024-12-05,79.7784
FS-FX-004,2024-12-06,80.0702
FS-FX-004,2024-12-09,80.7905
FS-FX-004,2024-12-10,80.3746
FS-FX-004,2024-12-11,80.6150
FS-FX-004,2024-12-12,81.3258
FS-FX-004,2024-12-13,80.5627
FS-FX-004,2024-12-16,80.0917
FS-FX-004,2024-12-17,78.9033
FS-FX-004,2024-12-18,78.5281
FS-FX-004,2024-12-19,77.8070
FS-FX-004,2024-12-20,77.3250
FS-FX-004,2024-12-23,76.7044
FS-FX-004,2024-12-24,76.5138
FS-FX-004,2024-12-25,76.0067
FS-FX-004,2024-12-26,75.7638
FS-FX-004,2024-12-27,76.7146
FS-FX-004,2024-12-30,76.6620
FS-FX-004,2024-12-31,77.3219
FS-FX-004,2025-01-01,78.5068
FS-FX-004,2025-01-02,78.9822
FS-FX-004,2025-01-03,78.4354
FS-FX-004,2025-01-06,79.3391
FS-FX-004,2025-01-07,79.5433
FS-FX-004,2025-01-08,79.0433
FS-FX-004,2025-01-09,79.4996
FS-FX-004,2025-01-10,79.1631
FS-FX-004,2025-01-13,79.1529
FS-FX-004,2025-01-14,79.0181
FS-FX-004,2025-01-15,79.5218
FS-FX-004,2025-01-16,80.1019
FS-FX-004,2025-01-17,79.7449
FS-FX-004,2025-01-20,80.6551
FS-FX-004,2025-01-21,80.8677
FS-FX-004,2025-01-22,80.9517
FS-FX-004,2025-01-23,82.4887
FS-FX-004,2025-01-24,81.8027
FS-FX-004,2025-01-27,81.4983
FS-FX-004,2025-01-28,81.9617
FS-FX-004,2025-01-29,82.0305
FS-FX-004,2025-01-30,81.6934
FS-FX-004,2025-01-31,82.2070
FS-FX-004,2025-02-03,82.6150
FS-FX-004,2025-02-04,82.0941
FS-FX-004,2025-02-05,81.8025
FS-FX-004,2025-02-06,80.2939
FS-FX-004,2025-02-07,84.8743
FS-FX-004,2025-02-10,85.5024
FS-FX-004,2025-02-11,85.9796
FS-FX-004,2025-02-12,86.9303
FS-FX-004,2025-02-13,86.4928
FS-FX-004,2025-02-14,88.3081
FS-FX-004,2025-02-17,88.8151
FS-FX-004,2025-02-18,89.0581
FS-FX-004,2025-02-19,89.8214
FS-FX-004,2025-02-20,90.0858
FS-FX-004,2025-02-21,90.3885
FS-FX-004,2025-02-24,91.0284
FS-FX-004,2025-02-25,90.7557
FS-FX-004,2025-02-26,90.3124
FS-FX-004,2025-02-27,90.1332
FS-FX-004,2025-02-28,90.0630
FS-FX-004,2025-03-03,90.8738
FS-FX-004,2025-03-04,91.8803
FS-FX-004,2025-03-05,90.9987
FS-FX-004,2025-03-06,90.7469
FS-FX-004,2025-03-07,90.9612
FS-FX-004,2025-03-10,91.2708
FS-FX-004,2025-03-11,91.1904
FS-FX-004,2025-03-12,92.1839
FS-FX-004,2025-03-13,92.0214
FS-FX-004,2025-03-14,92.4743
FS-FX-004,2025-03-17,91.9469
FS-FX-004,2025-03-18,91.3542
FS-FX-004,2025-03-19,92.0381
FS-FX-004,2025-03-20,93.6229
FS-FX-004,2025-03-21,93.1089
FS-FX-004,2025-03-24,91.3101
FS-FX-004,2025-03-25,91.4088
FS-FX-004,2025-03-26,91.5088
FS-FX-004,2025-03-27,92.0655
FS-FX-004,2025-03-28,91.6481
FS-FX-004,2025-03-31,91.6083
FS-FX-004,2025-04-01,91.5910
FS-FX-004,2025-04-02,91.3474
FS-FX-004,2025-04-03,94.9542
FS-FX-004,2025-04-04,94.1625
FS-FX-004,2025-04-07,93.5745
FS-FX-004,2025-04-08,93.4201
FS-FX-004,2025-04-09,92.9423
FS-FX-004,2025-04-10,91.8157
FS-FX-004,2025-04-11,91.7886
FS-FX-004,2025-04-14,91.3937
FS-FX-004,2025-04-15,90.2864
FS-FX-004,2025-04-16,90.3732
FS-FX-004,2025-04-17,90.2553
FS-FX-004,2025-04-18,91.0800
FS-FX-004,2025-04-21,91.0105
FS-FX-004,2025-04-22,90.6728
FS-FX-004,2025-04-23,90.1992
FS-FX-004,2025-04-24,89.4937
FS-FX-004,2025-04-25,89.2631
FS-FX-004,2025-04-28,89.9993
FS-FX-004,2025-04-29,89.9323
FS-FX-004,2025-04-30,90.7131
FS-FX-004,2025-05-01,89.9281
FS-FX-004,2025-05-02,89.5918
FS-FX-004,2025-05-05,90.2668
FS-FX-004,2025-05-06,89.2647
FS-FX-004,2025-05-07,89.4262
FS-FX-004,2025-05-08,90.3096
FS-FX-004,2025-05-09,91.1008
FS-FX-004,2025-05-12,89.6328
FS-FX-004,2025-05-13,87.8841
FS-FX-004,2025-05-14,88.1373
FS-FX-004,2025-05-15,88.0173
FS-FX-004,2025-05-16,88.1514
FS-FX-004,2025-05-19,86.7373
FS-FX-004,2025-05-20,87.9757
FS-FX-004,2025-05-21,89.3472
FS-FX-004,2025-05-22,88.4927
FS-FX-004,2025-05-23,88.5885
FS-FX-004,2025-05-26,88.3801
FS-FX-004,2025-05-27,88.4182
FS-FX-004,2025-05-28,88.0563
FS-FX-004,2025-05-29,88.8479
FS-FX-004,2025-05-30,90.5164
FS-FX-004,2025-06-02,91.6307
FS-FX-004,2025-06-03,91.1734
FS-FX-004,2025-06-04,91.2841
FS-FX-004,2025-06-05,90.5551
FS-FX-004,2025-06-06,91.0048
FS-FX-004,2025-06-09,90.9168
FS-FX-004,2025-06-10,91.5232
FS-FX-004,2025-06-11,92.1078
FS-FX-004,2025-06-12,91.8264
FS-FX-004,2025-06-13,92.0108
FS-FX-004,2025-06-16,91.3576
FS-FX-004,2025-06-17,90.8495
FS-FX-004,2025-06-18,90.5678
FS-FX-004,2025-06-19,90.8906
FS-FX-004,2025-06-20,91.7819
FS-FX-004,2025-06-23,91.8144
FS-FX-004,2025-06-24,90.9817
FS-FX-004,2025-06-25,90.9475
FS-FX-004,2025-06-26,90.7328
FS-FX-004,2025-06-27,90.4192
FS-FX-004,2025-06-30,90.9221
FS-FX-004,2025-07-01,91.6524
FS-FX-004,2025-07-02,92.1655
FS-FX-004,2025-07-03,92.6670
FS-FX-004,2025-07-04,93.2191
FS-FX-004,2025-07-07,93.0541
FS-FX-004,2025-07-08,92.2883
FS-FX-004,2025-07-09,93.5515
FS-FX-004,2025-07-10,93.5002
FS-FX-004,2025-07-11,93.8217
FS-FX-004,2025-07-14,92.6724
FS-FX-004,2025-07-15,92.8114
FS-FX-004,2025-07-16,93.5765
FS-FX-004,2025-07-17,92.5470
FS-FX-004,2025-07-18,92.3226
FS-FX-004,2025-07-21,91.4633
FS-FX-004,2025-07-22,91.3479
FS-FX-004,2025-07-23,91.6067
FS-FX-004,2025-07-24,91.3738
FS-FX-004,2025-07-25,91.6543
FS-FX-004,2025-07-28,91.6772
FS-FX-004,2025-07-29,92.7178
FS-FX-004,2025-07-30,92.4658
FS-FX-004,2025-07-31,93.0248
FS-FX-004,2025-08-01,93.0954
FS-FX-004,2025-08-04,92.5964
FS-FX-004,2025-08-05,92.4373
FS-FX-004,2025-08-06,92.7134
FS-FX-004,2025-08-07,92.6232
FS-FX-004,2025-08-08,92.3455
FS-FX-004,2025-08-11,92.0286
FS-FX-004,2025-08-12,91.9904
FS-FX-004,2025-08-13,92.0154
FS-FX-004,2025-08-14,92.9182
FS-FX-004,2025-08-15,93.3071
FS-FX-004,2025-08-18,92.6344
FS-FX-004,2025-08-19,94.0774
FS-FX-004,2025-08-20,94.3122
FS-FX-004,2025-08-21,93.6784
FS-FX-004,2025-08-22,93.0892
FS-FX-004,2025-08-25,92.4941
FS-FX-004,2025-08-26,93.3802
FS-FX-004,2025-08-27,93.5050
FS-FX-004,2025-08-28,95.1074
FS-FX-004,2025-08-29,94.9014
FS-FX-004,2025-09-01,93.9582
FS-FX-004,2025-09-02,94.2116
FS-FX-004,2025-09-03,94.2448
FS-FX-004,2025-09-04,95.8263
FS-FX-004,2025-09-05,95.8217
FS-FX-004,2025-09-08,96.3422
FS-FX-004,2025-09-09,95.9433
FS-FX-004,2025-09-10,95.6569
FS-FX-004,2025-09-11,95.7801
FS-FX-004,2025-09-12,95.8684
FS-FX-004,2025-09-15,96.5145
FS-FX-004,2025-09-16,95.1232
FS-FX-004,2025-09-17,95.0800
FS-FX-004,2025-09-18,95.4176
FS-FX-004,2025-09-19,95.8375
FS-FX-004,2025-09-22,90.0756
FS-FX-004,2025-09-23,90.5824
FS-FX-004,2025-09-24,90.4462
FS-FX-004,2025-09-25,89.7047
FS-FX-004,2025-09-26,89.9158
FS-FX-004,2025-09-29,90.3780
FS-FX-004,2025-09-30,91.8673
FS-FX-004,2025-10-01,92.5294
FS-FX-004,2025-10-02,92.8946
FS-FX-004,2025-10-03,92.4223
FS-FX-004,2025-10-06,92.7062
FS-FX-004,2025-10-07,93.0491
FS-FX-004,2025-10-08,92.8523
FS-FX-004,2025-10-09,91.9980
FS-FX-004,2025-10-10,92.1557
FS-FX-004,2025-10-13,92.1534
FS-FX-004,2025-10-14,92.5488
FS-FX-004,2025-10-15,92.7659
FS-FX-004,2025-10-16,93.4880
FS-FX-004,2025-10-17,94.4417
FS-FX-004,2025-10-20,93.6226
FS-FX-004,2025-10-21,92.5451
FS-FX-004,2025-10-22,91.4971
FS-FX-004,2025-10-23,90.3569
FS-FX-004,2025-10-24,90.2778
FS-FX-004,2025-10-27,90.7871
FS-FX-004,2025-10-28,90.7700
FS-FX-004,2025-10-29,91.5015
FS-FX-004,2025-10-30,91.5518
FS-FX-004,2025-10-31,90.7647
FS-FX-004,2025-11-03,90.3357
FS-FX-004,2025-11-04,90.7948
FS-FX-004,2025-11-05,91.6332
FS-FX-004,2025-11-06,92.6590
FS-FX-004,2025-11-07,93.1804
FS-FX-004,2025-11-10,92.9777
FS-FX-004,2025-11-11,93.2372
FS-FX-004,2025-11-12,93.9955
FS-FX-004,2025-11-13,93.7353
FS-FX-004,2025-11-14,94.1863
FS-FX-004,2025-11-17,94.8587
FS-FX-004,2025-11-18,95.7316
FS-FX-004,2025-11-19,95.9829
FS-FX-004,2025-11-20,94.3225
FS-FX-004,2025-11-21,93.6026
FS-FX-004,2025-11-24,92.3460
FS-FX-004,2025-11-25,92.3373
FS-FX-004,2025-11-26,93.8463
FS-FX-004,2025-11-27,93.4436
FS-FX-004,2025-11-28,94.0239
FS-FX-004,2025-12-01,95.9846
FS-FX-004,2025-12-02,96.2698
FS-FX-004,2025-12-03,95.3876
FS-FX-004,2025-12-04,94.9849
FS-FX-004,2025-12-05,95.1118
FS-FX-004,2025-12-08,94.9402
FS-FX-004,2025-12-09,94.9386
FS-FX-004,2025-12-10,95.1532
FS-FX-004,2025-12-11,95.0458
FS-FX-004,2025-12-12,95.6029
FS-FX-004,2025-12-15,95.7181
FS-FX-004,2025-12-16,95.9549
FS-FX-004,2025-12-17,95.3533
FS-FX-004,2025-12-18,95.6968
FS-FX-004,2025-12-19,95.0436
FS-FX-004,2025-12-22,94.3454
FS-FX-004,2025-12-23,95.5392
FS-FX-004,2025-12-24,95.8451
FS-FX-004,2025-12-25,95.7187
FS-FX-004,2025-12-26,96.1862
FS-FX-004,2025-12-29,96.4429
FS-FX-004,2025-12-30,96.2934
FS-FX-004,2025-12-31,96.4520
FS-FX-004,2026-01-01,96.5074
FS-FX-004,2026-01-02,97.0705
FS-FX-004,2026-01-05,96.4936
FS-FX-004,2026-01-06,95.3231
FS-FX-004,2026-01-07,94.6023
FS-FX-004,2026-01-08,93.6309
FS-FX-004,2026-01-09,93.3702
FS-FX-004,2026-01-12,93.6012
FS-FX-004,2026-01-13,92.7100
FS-FX-004,2026-01-14,96.0082
FS-FX-004,2026-01-15,93.2675
FS-FX-004,2026-01-16,93.1497
FS-FX-004,2026-01-19,92.9672
FS-FX-004,2026-01-20,95.3612
FS-FX-004,2026-01-21,96.8689
FS-FX-004,2026-01-22,98.7583
FS-FX-004,2026-01-23,99.3119
FS-FX-004,2026-01-26,100.7898
FS-FX-004,2026-01-27,100.4930
FS-FX-004,2026-01-28,101.0946
FS-FX-004,2026-01-29,100.9736
FS-FX-004,2026-01-30,100.4092
FS-FX-004,2026-02-02,101.3541
FS-FX-004,2026-02-03,101.8735
FS-FX-004,2026-02-04,100.8325
FS-FX-004,2026-02-05,102.4296
FS-FX-004,2026-02-06,103.6039
FS-FX-004,2026-02-09,103.9148
FS-FX-004,2026-02-10,105.6643
FS-FX-004,2026-02-11,105.2070
FS-FX-004,2026-02-12,104.6496
FS-FX-004,2026-02-13,103.5345
FS-FX-004,2026-02-16,103.3692
FS-FX-004,2026-02-17,102.7952
FS-FX-004,2026-02-18,102.9351
FS-FX-004,2026-02-19,103.1582
FS-FX-004,2026-02-20,100.7212
FS-FX-004,2026-02-23,99.7961
FS-FX-004,2026-02-24,101.1745
FS-FX-004,2026-02-25,101.4939
FS-FX-004,2026-02-26,101.8122
FS-FX-004,2026-02-27,101.7076
FS-FX-004,2026-03-02,103.6021
FS-FX-004,2026-03-03,101.8549
FS-FX-004,2026-03-04,103.4073
FS-FX-004,2026-03-05,102.5280
FS-FX-004,2026-03-06,102.5494
FS-FX-004,2026-03-09,102.3781
FS-FX-004,2026-03-10,100.7562
FS-FX-004,2026-03-11,99.6789
FS-FX-004,2026-03-12,100.6072
FS-FX-004,2026-03-13,100.9492
FS-FX-004,2026-03-16,102.1505
FS-FX-004,2026-03-17,98.7298
FS-FX-004,2026-03-18,94.2008
FS-FX-004,2026-03-19,94.1125
FS-FX-004,2026-03-20,93.5426
FS-FX-004,2026-03-23,91.8854
FS-FX-004,2026-03-24,91.9662
FS-FX-004,2026-03-25,92.5517
FS-FX-004,2026-03-26,91.2933
FS-FX-004,2026-03-27,93.1778
FS-FX-004,2026-03-30,91.0472
FS-FX-004,2026-03-31,92.0144
FS-FX-004,2026-04-01,91.8156
FS-FX-004,2026-04-02,91.7229
FS-FX-004,2026-04-03,91.6887
FS-FX-004,2026-04-06,91.0876
FS-FX-004,2026-04-07,91.0771
FS-FX-004,2026-04-08,90.1612
FS-FX-004,2026-04-09,89.7763
FS-FX-004,2026-04-10,89.5840
FS-FX-004,2026-04-13,89.4685
FS-FX-004,2026-04-14,90.0722
FS-FX-004,2026-04-15,89.7048
FS-FX-004,2026-04-16,90.3556
FS-FX-004,2026-04-17,90.7164
FS-FX-004,2026-04-20,90.6498
FS-FX-004,2026-04-21,91.0114
FS-FX-004,2026-04-22,91.7889
FS-FX-004,2026-04-23,92.9200
FS-FX-004,2026-04-24,92.9175
FS-FX-004,2026-04-27,92.3133
FS-FX-004,2026-04-28,92.1463
FS-FX-004,2026-04-29,92.8904
FS-FX-004,2026-04-30,94.5148
FS-FX-004,2026-05-01,94.4964
FS-FX-004,2026-05-04,94.9039
FS-FX-004,2026-05-05,92.8822
FS-FX-004,2026-05-06,91.6225
FS-FX-004,2026-05-07,90.3700
FS-FX-004,2026-05-08,91.7518
FS-FX-004,2026-05-11,91.2688
FS-FX-004,2026-05-12,90.7818
FS-FX-004,2026-05-13,90.0302
FS-FX-004,2026-05-14,88.8677
FS-FX-004,2026-05-15,87.8298
FS-FX-004,2026-05-18,86.8293
FS-FX-004,2026-05-19,85.4420
FS-FX-004,2026-05-20,84.9120
FS-FX-004,2026-05-21,84.2450
FS-FX-004,2026-05-22,85.1171
FS-FX-004,2026-05-25,84.9157
FS-FX-004,2026-05-26,83.2426
FS-FX-004,2026-05-27,83.2726
FS-FX-004,2026-05-28,82.7430
FS-FX-004,2026-05-29,83.5935
FS-FX-004,2026-06-01,84.1854
FS-FX-004,2026-06-02,83.6223
FS-FX-004,2026-06-03,83.4996
FS-FX-004,2026-06-04,84.5945
FS-FX-004,2026-06-05,85.5835
FS-FX-004,2026-06-08,88.6731
FS-FX-004,2026-06-09,88.5153
FS-FX-004,2026-06-10,87.0432
FS-FX-004,2026-06-11,87.1279
FS-FX-004,2026-06-12,87.2369
FS-FX-004,2026-06-15,86.7324
FS-FX-004,2026-06-16,85.9329
FS-FX-004,2026-06-17,85.4935
FS-FX-004,2026-06-18,84.7371
FS-FX-004,2026-06-19,83.9422
FS-FX-004,2026-06-22,83.6278
FS-FX-004,2026-06-23,83.5792
FS-FX-004,2026-06-24,84.1119
FS-FX-004,2026-06-25,85.1090
FS-FX-004,2026-06-26,85.9007
FS-FX-004,2026-06-29,86.5157
FS-FX-004,2026-06-30,87.1557
FS-FX-004,2026-07-01,87.9561
FS-FX-004,2026-07-02,88.1043
FS-FX-004,2026-07-03,87.7635
FS-FX-004,2026-07-06,87.5288
FS-FX-004,2026-07-07,87.4219
FS-FX-004,2026-07-08,88.3346
FS-FX-004,2026-07-09,88.3324
FS-FX-004,2026-07-10,89.3841
FS-FX-004,2026-07-13,89.4134
FS-FX-004,2026-07-14,87.7172
FS-FX-004,2026-07-15,88.3382
FS-FX-004,2026-07-16,88.5505
FS-FX-004,2026-07-17,89.5497
FS-FX-004,2026-07-20,90.9326
FS-FX-004,2026-07-21,92.0619
FS-FX-004,2026-07-22,91.9529
FS-FX-004,2026-07-23,90.9529
FS-FX-004,2026-07-24,91.3413
FS-FX-004,2026-07-27,91.3233
FS-FX-004,2026-07-28,90.9288
FS-FX-004,2026-07-29,90.0249
FS-FX-004,2026-07-30,90.6217
FS-FX-004,2026-07-31,91.2261
FS-FX-004,2026-08-03,91.9312
FS-FX-004,2026-08-04,92.0268
FS-FX-004,2026-08-05,92.1359
FS-FX-004,2026-08-06,92.2432
FS-FX-004,2026-08-07,89.7505
FS-FX-004,2026-08-10,89.9901
FS-FX-004,2026-08-11,89.5905
FS-FX-004,2026-08-12,87.0975
FS-FX-004,2026-08-13,87.2378
FS-FX-004,2026-08-14,85.9511
FS-FX-004,2026-08-17,84.9731
FS-FX-004,2026-08-18,84.8334
FS-FX-004,2026-08-19,83.5257
FS-FX-004,2026-08-20,83.9719
FS-FX-004,2026-08-21,82.6598
FS-FX-004,2026-08-24,83.1040
FS-FX-004,2026-08-25,83.4935
FS-FX-004,2026-08-26,82.8318
FS-FX-004,2026-08-27,82.9494
FS-FX-004,2026-08-28,83.4286
FS-FX-004,2026-08-31,84.2342
FS-FX-004,2026-09-01,84.2202
FS-FX-004,2026-09-02,84.1164
FS-FX-004,2026-09-03,83.2309
FS-FX-004,2026-09-04,83.2221
FS-FX-004,2026-09-07,83.6083
FS-FX-004,2026-09-08,82.9668
FS-FX-004,2026-09-09,83.2889
FS-FX-004,2026-09-10,83.5198
FS-FX-004,2026-09-11,84.3204
FS-FX-004,2026-09-14,84.0284
FS-FX-004,2026-09-15,83.3034
FS-FX-004,2026-09-16,82.4676
FS-FX-004,2026-09-17,82.3030
FS-FX-004,2026-09-18,81.8731
FS-FX-004,2026-09-21,82.6167
FS-FX-004,2026-09-22,82.6598
FS-FX-004,2026-09-23,82.9223
FS-FX-004,2026-09-24,82.0491
FS-FX-004,2026-09-25,79.4225
FS-FX-004,2026-09-28,79.1829
FS-FX-004,2026-09-29,78.2068
FS-FX-004,2026-09-30,77.5041
FS-FX-004D,2021-01-04,24.2239
FS-FX-004D,2021-01-05,24.0651
FS-FX-004D,2021-01-06,24.2154
FS-FX-004D,2021-01-07,24.4285
FS-FX-004D,2021-01-08,24.6114
FS-FX-004D,2021-01-11,24.5965
FS-FX-004D,2021-01-12,24.6365
FS-FX-004D,2021-01-13,24.3879
FS-FX-004D,2021-01-14,24.6363
FS-FX-004D,2021-01-15,24.6792
FS-FX-004D,2021-01-18,25.1406
FS-FX-004D,2021-01-19,25.5569
FS-FX-004D,2021-01-20,25.6984
FS-FX-004D,2021-01-21,25.4393
FS-FX-004D,2021-01-22,25.7209
FS-FX-004D,2021-01-25,25.6053
FS-FX-004D,2021-01-26,25.2978
FS-FX-004D,2021-01-27,24.8083
FS-FX-004D,2021-01-28,24.7598
FS-FX-004D,2021-01-29,24.7602
FS-FX-004D,2021-02-01,24.2380
FS-FX-004D,2021-02-02,24.2092
FS-FX-004D,2021-02-03,24.2641
FS-FX-004D,2021-02-04,24.4240
FS-FX-004D,2021-02-05,24.3139
FS-FX-004D,2021-02-08,24.4744
FS-FX-004D,2021-02-09,24.4413
FS-FX-004D,2021-02-10,24.4599
FS-FX-004D,2021-02-11,24.5279
FS-FX-004D,2021-02-12,24.0456
FS-FX-004D,2021-02-15,23.7634
FS-FX-004D,2021-02-16,23.7491
FS-FX-004D,2021-02-17,23.9419
FS-FX-004D,2021-02-18,23.9338
FS-FX-004D,2021-02-19,24.3973
FS-FX-004D,2021-02-22,24.4281
FS-FX-004D,2021-02-23,24.6914
FS-FX-004D,2021-02-24,24.8408
FS-FX-004D,2021-02-25,25.0211
FS-FX-004D,2021-02-26,25.1695
FS-FX-004D,2021-03-01,25.4635
FS-FX-004D,2021-03-02,25.4263
FS-FX-004D,2021-03-03,25.8309
FS-FX-004D,2021-03-04,25.8114
FS-FX-004D,2021-03-05,26.1976
FS-FX-004D,2021-03-08,26.2078
FS-FX-004D,2021-03-09,26.1538
FS-FX-004D,2021-03-10,26.1336
FS-FX-004D,2021-03-11,26.3000
FS-FX-004D,2021-03-12,26.0067
FS-FX-004D,2021-03-15,25.8919
FS-FX-004D,2021-03-16,25.7522
FS-FX-004D,2021-03-17,25.7369
FS-FX-004D,2021-03-18,25.3664
FS-FX-004D,2021-03-19,25.5864
FS-FX-004D,2021-03-22,25.4281
FS-FX-004D,2021-03-23,25.5045
FS-FX-004D,2021-03-24,25.4014
FS-FX-004D,2021-03-25,25.1976
FS-FX-004D,2021-03-26,25.0741
FS-FX-004D,2021-03-29,24.5981
FS-FX-004D,2021-03-30,23.9898
FS-FX-004D,2021-03-31,23.7383
FS-FX-004D,2021-04-01,23.8075
FS-FX-004D,2021-04-02,23.8306
FS-FX-004D,2021-04-05,23.3476
FS-FX-004D,2021-04-06,23.2923
FS-FX-004D,2021-04-07,23.3676
FS-FX-004D,2021-04-08,23.4718
FS-FX-004D,2021-04-09,23.4481
FS-FX-004D,2021-04-12,23.3221
FS-FX-004D,2021-04-13,23.3139
FS-FX-004D,2021-04-14,23.4643
FS-FX-004D,2021-04-15,23.5838
FS-FX-004D,2021-04-16,23.4866
FS-FX-004D,2021-04-19,23.1956
FS-FX-004D,2021-04-20,23.1562
FS-FX-004D,2021-04-21,23.0422
FS-FX-004D,2021-04-22,23.2226
FS-FX-004D,2021-04-23,23.1264
FS-FX-004D,2021-04-26,23.2814
FS-FX-004D,2021-04-27,23.4424
FS-FX-004D,2021-04-28,23.2145
FS-FX-004D,2021-04-29,23.2872
FS-FX-004D,2021-04-30,23.2061
FS-FX-004D,2021-05-03,23.6333
FS-FX-004D,2021-05-04,23.5146
FS-FX-004D,2021-05-05,23.4981
FS-FX-004D,2021-05-06,23.1571
FS-FX-004D,2021-05-07,23.0406
FS-FX-004D,2021-05-10,23.2217
FS-FX-004D,2021-05-11,23.0710
FS-FX-004D,2021-05-12,23.1465
FS-FX-004D,2021-05-13,23.0065
FS-FX-004D,2021-05-14,22.9311
FS-FX-004D,2021-05-17,22.8349
FS-FX-004D,2021-05-18,22.7704
FS-FX-004D,2021-05-19,22.7268
FS-FX-004D,2021-05-20,22.7782
FS-FX-004D,2021-05-21,22.7196
FS-FX-004D,2021-05-24,22.9128
FS-FX-004D,2021-05-25,23.4602
FS-FX-004D,2021-05-26,23.6417
FS-FX-004D,2021-05-27,23.8652
FS-FX-004D,2021-05-28,23.8183
FS-FX-004D,2021-05-31,23.9373
FS-FX-004D,2021-06-01,24.1677
FS-FX-004D,2021-06-02,24.0422
FS-FX-004D,2021-06-03,23.8352
FS-FX-004D,2021-06-04,23.5671
FS-FX-004D,2021-06-07,23.9115
FS-FX-004D,2021-06-08,23.8390
FS-FX-004D,2021-06-09,23.7831
FS-FX-004D,2021-06-10,23.7675
FS-FX-004D,2021-06-11,23.5655
FS-FX-004D,2021-06-14,23.5258
FS-FX-004D,2021-06-15,23.6722
FS-FX-004D,2021-06-16,23.8122
FS-FX-004D,2021-06-17,23.6827
FS-FX-004D,2021-06-18,23.5931
FS-FX-004D,2021-06-21,23.4236
FS-FX-004D,2021-06-22,23.2029
FS-FX-004D,2021-06-23,23.1944
FS-FX-004D,2021-06-24,23.3136
FS-FX-004D,2021-06-25,23.4071
FS-FX-004D,2021-06-28,23.7623
FS-FX-004D,2021-06-29,23.7699
FS-FX-004D,2021-06-30,23.8934
FS-FX-004D,2021-07-01,23.9365
FS-FX-004D,2021-07-02,23.6972
FS-FX-004D,2021-07-05,23.4474
FS-FX-004D,2021-07-06,23.0481
FS-FX-004D,2021-07-07,22.9625
FS-FX-004D,2021-07-08,22.9508
FS-FX-004D,2021-07-09,22.9369
FS-FX-004D,2021-07-12,23.2778
FS-FX-004D,2021-07-13,23.1641
FS-FX-004D,2021-07-14,23.2735
FS-FX-004D,2021-07-15,23.0063
FS-FX-004D,2021-07-16,23.1252
FS-FX-004D,2021-07-19,23.4012
FS-FX-004D,2021-07-20,23.4466
FS-FX-004D,2021-07-21,23.5480
FS-FX-004D,2021-07-22,23.5312
FS-FX-004D,2021-07-23,23.3923
FS-FX-004D,2021-07-26,23.3913
FS-FX-004D,2021-07-27,23.5209
FS-FX-004D,2021-07-28,23.4589
FS-FX-004D,2021-07-29,23.3054
FS-FX-004D,2021-07-30,23.3274
FS-FX-004D,2021-08-02,23.4770
FS-FX-004D,2021-08-03,23.5938
FS-FX-004D,2021-08-04,23.6910
FS-FX-004D,2021-08-05,23.4739
FS-FX-004D,2021-08-06,23.5248
FS-FX-004D,2021-08-09,23.5977
FS-FX-004D,2021-08-10,23.9984
FS-FX-004D,2021-08-11,24.2352
FS-FX-004D,2021-08-12,24.0962
FS-FX-004D,2021-08-13,23.7347
FS-FX-004D,2021-08-16,24.1857
FS-FX-004D,2021-08-17,24.3810
FS-FX-004D,2021-08-18,23.8406
FS-FX-004D,2021-08-19,23.9095
FS-FX-004D,2021-08-20,23.9333
FS-FX-004D,2021-08-23,24.2222
FS-FX-004D,2021-08-24,24.2458
FS-FX-004D,2021-08-25,24.5169
FS-FX-004D,2021-08-26,24.3612
FS-FX-004D,2021-08-27,24.4847
FS-FX-004D,2021-08-30,24.6180
FS-FX-004D,2021-08-31,24.8829
FS-FX-004D,2021-09-01,24.8194
FS-FX-004D,2021-09-02,25.0740
FS-FX-004D,2021-09-03,25.2737
FS-FX-004D,2021-09-06,25.2628
FS-FX-004D,2021-09-07,25.8069
FS-FX-004D,2021-09-08,25.3125
FS-FX-004D,2021-09-09,25.3461
FS-FX-004D,2021-09-10,25.5314
FS-FX-004D,2021-09-13,25.5914
FS-FX-004D,2021-09-14,25.3430
FS-FX-004D,2021-09-15,25.4080
FS-FX-004D,2021-09-16,25.5834
FS-FX-004D,2021-09-17,25.4927
FS-FX-004D,2021-09-20,25.5435
FS-FX-004D,2021-09-21,25.4131
FS-FX-004D,2021-09-22,25.6982
FS-FX-004D,2021-09-23,26.0940
FS-FX-004D,2021-09-24,25.8942
FS-FX-004D,2021-09-27,25.8962
FS-FX-004D,2021-09-28,26.1873
FS-FX-004D,2021-09-29,25.9662
FS-FX-004D,2021-09-30,26.0868
FS-FX-004D,2021-10-01,26.2388
FS-FX-004D,2021-10-04,26.0010
FS-FX-004D,2021-10-05,26.1030
FS-FX-004D,2021-10-06,25.9346
FS-FX-004D,2021-10-07,26.0488
FS-FX-004D,2021-10-08,26.0081
FS-FX-004D,2021-10-11,26.1097
FS-FX-004D,2021-10-12,25.9042
FS-FX-004D,2021-10-13,26.1435
FS-FX-004D,2021-10-14,26.6618
FS-FX-004D,2021-10-15,27.0144
FS-FX-004D,2021-10-18,26.8161
FS-FX-004D,2021-10-19,26.7823
FS-FX-004D,2021-10-20,26.9493
FS-FX-004D,2021-10-21,27.0208
FS-FX-004D,2021-10-22,26.9101
FS-FX-004D,2021-10-25,26.9181
FS-FX-004D,2021-10-26,26.9151
FS-FX-004D,2021-10-27,26.6614
FS-FX-004D,2021-10-28,26.2837
FS-FX-004D,2021-10-29,26.4432
FS-FX-004D,2021-11-01,26.6109
FS-FX-004D,2021-11-02,26.5059
FS-FX-004D,2021-11-03,26.5728
FS-FX-004D,2021-11-04,26.2968
FS-FX-004D,2021-11-05,26.5205
FS-FX-004D,2021-11-08,26.7424
FS-FX-004D,2021-11-09,26.9102
FS-FX-004D,2021-11-10,26.7600
FS-FX-004D,2021-11-11,26.8219
FS-FX-004D,2021-11-12,26.7624
FS-FX-004D,2021-11-15,26.6852
FS-FX-004D,2021-11-16,26.4541
FS-FX-004D,2021-11-17,26.3820
FS-FX-004D,2021-11-18,26.3797
FS-FX-004D,2021-11-19,26.4854
FS-FX-004D,2021-11-22,26.8721
FS-FX-004D,2021-11-23,27.3066
FS-FX-004D,2021-11-24,27.2048
FS-FX-004D,2021-11-25,26.9128
FS-FX-004D,2021-11-26,26.8236
FS-FX-004D,2021-11-29,26.8052
FS-FX-004D,2021-11-30,26.5582
FS-FX-004D,2021-12-01,26.4637
FS-FX-004D,2021-12-02,26.6103
FS-FX-004D,2021-12-03,26.3293
FS-FX-004D,2021-12-06,26.4531
FS-FX-004D,2021-12-07,26.7497
FS-FX-004D,2021-12-08,26.9186
FS-FX-004D,2021-12-09,26.7619
FS-FX-004D,2021-12-10,26.5469
FS-FX-004D,2021-12-13,26.6792
FS-FX-004D,2021-12-14,26.6349
FS-FX-004D,2021-12-15,26.3576
FS-FX-004D,2021-12-16,26.5623
FS-FX-004D,2021-12-17,26.5924
FS-FX-004D,2021-12-20,26.7078
FS-FX-004D,2021-12-21,26.2606
FS-FX-004D,2021-12-22,26.2302
FS-FX-004D,2021-12-23,26.6428
FS-FX-004D,2021-12-24,27.0573
FS-FX-004D,2021-12-27,27.0374
FS-FX-004D,2021-12-28,27.4357
FS-FX-004D,2021-12-29,27.4142
FS-FX-004D,2021-12-30,27.5102
FS-FX-004D,2021-12-31,27.4208
FS-FX-004D,2022-01-03,27.1870
FS-FX-004D,2022-01-04,27.2107
FS-FX-004D,2022-01-05,27.6928
FS-FX-004D,2022-01-06,27.5962
FS-FX-004D,2022-01-07,28.0663
FS-FX-004D,2022-01-10,27.3305
FS-FX-004D,2022-01-11,27.3742
FS-FX-004D,2022-01-12,27.4509
FS-FX-004D,2022-01-13,27.4334
FS-FX-004D,2022-01-14,27.2537
FS-FX-004D,2022-01-17,27.3539
FS-FX-004D,2022-01-18,27.4856
FS-FX-004D,2022-01-19,27.5226
FS-FX-004D,2022-01-20,27.5734
FS-FX-004D,2022-01-21,27.3311
FS-FX-004D,2022-01-24,27.2244
FS-FX-004D,2022-01-25,27.3454
FS-FX-004D,2022-01-26,27.1652
FS-FX-004D,2022-01-27,27.4968
FS-FX-004D,2022-01-28,27.5428
FS-FX-004D,2022-01-31,27.3476
FS-FX-004D,2022-02-01,27.0226
FS-FX-004D,2022-02-02,27.5156
FS-FX-004D,2022-02-03,27.1733
FS-FX-004D,2022-02-04,27.7169
FS-FX-004D,2022-02-07,27.9789
FS-FX-004D,2022-02-08,28.3675
FS-FX-004D,2022-02-09,28.5198
FS-FX-004D,2022-02-10,28.7167
FS-FX-004D,2022-02-11,28.4636
FS-FX-004D,2022-02-14,28.4758
FS-FX-004D,2022-02-15,28.1933
FS-FX-004D,2022-02-16,28.2261
FS-FX-004D,2022-02-17,28.4644
FS-FX-004D,2022-02-18,29.2108
FS-FX-004D,2022-02-21,29.6332
FS-FX-004D,2022-02-22,29.4008
FS-FX-004D,2022-02-23,29.2505
FS-FX-004D,2022-02-24,28.8984
FS-FX-004D,2022-02-25,28.7446
FS-FX-004D,2022-02-28,28.9813
FS-FX-004D,2022-03-01,28.9484
FS-FX-004D,2022-03-02,28.8556
FS-FX-004D,2022-03-03,28.9086
FS-FX-004D,2022-03-04,29.1180
FS-FX-004D,2022-03-07,29.0636
FS-FX-004D,2022-03-08,29.1967
FS-FX-004D,2022-03-09,29.3115
FS-FX-004D,2022-03-10,28.8950
FS-FX-004D,2022-03-11,28.8955
FS-FX-004D,2022-03-14,28.9298
FS-FX-004D,2022-03-15,28.9176
FS-FX-004D,2022-03-16,28.9768
FS-FX-004D,2022-03-17,29.2858
FS-FX-004D,2022-03-18,29.7910
FS-FX-004D,2022-03-21,29.9205
FS-FX-004D,2022-03-22,29.9592
FS-FX-004D,2022-03-23,30.2290
FS-FX-004D,2022-03-24,30.2541
FS-FX-004D,2022-03-25,30.1072
FS-FX-004D,2022-03-28,30.0271
FS-FX-004D,2022-03-29,30.4098
FS-FX-004D,2022-03-30,30.1464
FS-FX-004D,2022-03-31,30.2186
FS-FX-004D,2022-04-01,29.9099
FS-FX-004D,2022-04-04,30.2357
FS-FX-004D,2022-04-05,30.0505
FS-FX-004D,2022-04-06,30.0473
FS-FX-004D,2022-04-07,30.1010
FS-FX-004D,2022-04-08,29.9113
FS-FX-004D,2022-04-11,29.9043
FS-FX-004D,2022-04-12,29.7951
FS-FX-004D,2022-04-13,29.6796
FS-FX-004D,2022-04-14,29.4644
FS-FX-004D,2022-04-15,29.2070
FS-FX-004D,2022-04-18,29.5870
FS-FX-004D,2022-04-19,29.8525
FS-FX-004D,2022-04-20,30.1101
FS-FX-004D,2022-04-21,29.6477
FS-FX-004D,2022-04-22,29.4641
FS-FX-004D,2022-04-25,29.3446
FS-FX-004D,2022-04-26,29.6641
FS-FX-004D,2022-04-27,29.7260
FS-FX-004D,2022-04-28,29.9308
FS-FX-004D,2022-04-29,29.9401
FS-FX-004D,2022-05-02,30.1132
FS-FX-004D,2022-05-03,30.1770
FS-FX-004D,2022-05-04,30.3859
FS-FX-004D,2022-05-05,30.0495
FS-FX-004D,2022-05-06,29.8034
FS-FX-004D,2022-05-09,29.6230
FS-FX-004D,2022-05-10,29.3473
FS-FX-004D,2022-05-11,28.9382
FS-FX-004D,2022-05-12,28.9535
FS-FX-004D,2022-05-13,29.0477
FS-FX-004D,2022-05-16,29.2727
FS-FX-004D,2022-05-17,28.8307
FS-FX-004D,2022-05-18,29.0125
FS-FX-004D,2022-05-19,29.1678
FS-FX-004D,2022-05-20,30.6625
FS-FX-004D,2022-05-23,30.8141
FS-FX-004D,2022-05-24,32.0362
FS-FX-004D,2022-05-25,32.1779
FS-FX-004D,2022-05-26,32.6096
FS-FX-004D,2022-05-27,33.6822
FS-FX-004D,2022-05-30,33.5464
FS-FX-004D,2022-05-31,34.2398
FS-FX-004D,2022-06-01,33.8307
FS-FX-004D,2022-06-02,32.6581
FS-FX-004D,2022-06-03,33.0963
FS-FX-004D,2022-06-06,32.5957
FS-FX-004D,2022-06-07,34.2277
FS-FX-004D,2022-06-08,34.1497
FS-FX-004D,2022-06-09,33.1846
FS-FX-004D,2022-06-10,32.8637
FS-FX-004D,2022-06-13,31.5743
FS-FX-004D,2022-06-14,31.1134
FS-FX-004D,2022-06-15,30.8698
FS-FX-004D,2022-06-16,30.7236
FS-FX-004D,2022-06-17,30.9187
FS-FX-004D,2022-06-20,31.1297
FS-FX-004D,2022-06-21,29.5531
FS-FX-004D,2022-06-22,29.6150
FS-FX-004D,2022-06-23,29.5730
FS-FX-004D,2022-06-24,29.6948
FS-FX-004D,2022-06-27,29.8845
FS-FX-004D,2022-06-28,29.3465
FS-FX-004D,2022-06-29,30.0570
FS-FX-004D,2022-06-30,29.6472
FS-FX-004D,2022-07-01,29.6965
FS-FX-004D,2022-07-04,29.8462
FS-FX-004D,2022-07-05,29.1879
FS-FX-004D,2022-07-06,29.5312
FS-FX-004D,2022-07-07,29.4654
FS-FX-004D,2022-07-08,29.0794
FS-FX-004D,2022-07-11,29.0127
FS-FX-004D,2022-07-12,28.8379
FS-FX-004D,2022-07-13,29.0874
FS-FX-004D,2022-07-14,29.2095
FS-FX-004D,2022-07-15,28.9134
FS-FX-004D,2022-07-18,28.2677
FS-FX-004D,2022-07-19,28.1202
FS-FX-004D,2022-07-20,28.2467
FS-FX-004D,2022-07-21,28.5296
FS-FX-004D,2022-07-22,28.5133
FS-FX-004D,2022-07-25,28.7950
FS-FX-004D,2022-07-26,28.8574
FS-FX-004D,2022-07-27,28.6230
FS-FX-004D,2022-07-28,28.4408
FS-FX-004D,2022-07-29,28.6688
FS-FX-004D,2022-08-01,28.8140
FS-FX-004D,2022-08-02,29.2504
FS-FX-004D,2022-08-03,29.3302
FS-FX-004D,2022-08-04,29.2929
FS-FX-004D,2022-08-05,29.4320
FS-FX-004D,2022-08-08,29.5368
FS-FX-004D,2022-08-09,29.9941
FS-FX-004D,2022-08-10,30.1581
FS-FX-004D,2022-08-11,30.4133
FS-FX-004D,2022-08-12,29.9253
FS-FX-004D,2022-08-15,30.1447
FS-FX-004D,2022-08-16,30.0113
FS-FX-004D,2022-08-17,30.1291
FS-FX-004D,2022-08-18,30.2830
FS-FX-004D,2022-08-19,30.5371
FS-FX-004D,2022-08-22,30.8161
FS-FX-004D,2022-08-23,31.2479
FS-FX-004D,2022-08-24,31.4581
FS-FX-004D,2022-08-25,31.3167
FS-FX-004D,2022-08-26,31.4191
FS-FX-004D,2022-08-29,31.3484
FS-FX-004D,2022-08-30,31.3121
FS-FX-004D,2022-08-31,31.2681
FS-FX-004D,2022-09-01,31.1684
FS-FX-004D,2022-09-02,31.3357
FS-FX-004D,2022-09-05,31.2845
FS-FX-004D,2022-09-06,31.4235
FS-FX-004D,2022-09-07,31.4157
FS-FX-004D,2022-09-08,31.5082
FS-FX-004D,2022-09-09,31.4367
FS-FX-004D,2022-09-12,31.5400
FS-FX-004D,2022-09-13,31.7428
FS-FX-004D,2022-09-14,31.7884
FS-FX-004D,2022-09-15,31.7365
FS-FX-004D,2022-09-16,31.7344
FS-FX-004D,2022-09-19,31.6944
FS-FX-004D,2022-09-20,31.8275
FS-FX-004D,2022-09-21,31.7374
FS-FX-004D,2022-09-22,31.7241
FS-FX-004D,2022-09-23,32.2347
FS-FX-004D,2022-09-26,32.3785
FS-FX-004D,2022-09-27,32.5746
FS-FX-004D,2022-09-28,32.6720
FS-FX-004D,2022-09-29,32.6965
FS-FX-004D,2022-09-30,32.8001
FS-FX-004D,2022-10-03,32.3577
FS-FX-004D,2022-10-04,32.5900
FS-FX-004D,2022-10-05,32.5131
FS-FX-004D,2022-10-06,32.5222
FS-FX-004D,2022-10-07,32.2566
FS-FX-004D,2022-10-10,31.9171
FS-FX-004D,2022-10-11,31.9058
FS-FX-004D,2022-10-12,32.1011
FS-FX-004D,2022-10-13,32.0150
FS-FX-004D,2022-10-14,31.8018
FS-FX-004D,2022-10-17,31.8927
FS-FX-004D,2022-10-18,31.9445
FS-FX-004D,2022-10-19,32.1550
FS-FX-004D,2022-10-20,32.2784
FS-FX-004D,2022-10-21,32.2591
FS-FX-004D,2022-10-24,32.1112
FS-FX-004D,2022-10-25,32.1795
FS-FX-004D,2022-10-26,32.0403
FS-FX-004D,2022-10-27,32.2133
FS-FX-004D,2022-10-28,31.7027
FS-FX-004D,2022-10-31,31.6655
FS-FX-004D,2022-11-01,31.4125
FS-FX-004D,2022-11-02,31.0686
FS-FX-004D,2022-11-03,31.0938
FS-FX-004D,2022-11-04,30.8579
FS-FX-004D,2022-11-07,30.5132
FS-FX-004D,2022-11-08,30.7679
FS-FX-004D,2022-11-09,31.2101
FS-FX-004D,2022-11-10,31.0526
FS-FX-004D,2022-11-11,30.9165
FS-FX-004D,2022-11-14,30.5269
FS-FX-004D,2022-11-15,30.9539
FS-FX-004D,2022-11-16,30.6229
FS-FX-004D,2022-11-17,30.4256
FS-FX-004D,2022-11-18,30.3471
FS-FX-004D,2022-11-21,30.2945
FS-FX-004D,2022-11-22,30.2931
FS-FX-004D,2022-11-23,30.5972
FS-FX-004D,2022-11-24,30.3918
FS-FX-004D,2022-11-25,30.5150
FS-FX-004D,2022-11-28,30.1522
FS-FX-004D,2022-11-29,30.3143
FS-FX-004D,2022-11-30,30.2999
FS-FX-004D,2022-12-01,30.4541
FS-FX-004D,2022-12-02,30.5252
FS-FX-004D,2022-12-05,30.4099
FS-FX-004D,2022-12-06,30.7468
FS-FX-004D,2022-12-07,30.3006
FS-FX-004D,2022-12-08,30.1816
FS-FX-004D,2022-12-09,30.0613
FS-FX-004D,2022-12-12,30.6403
FS-FX-004D,2022-12-13,30.4642
FS-FX-004D,2022-12-14,30.2475
FS-FX-004D,2022-12-15,30.7402
FS-FX-004D,2022-12-16,30.9719
FS-FX-004D,2022-12-19,30.9258
FS-FX-004D,2022-12-20,30.8824
FS-FX-004D,2022-12-21,31.0407
FS-FX-004D,2022-12-22,31.5270
FS-FX-004D,2022-12-23,31.6321
FS-FX-004D,2022-12-26,31.2939
FS-FX-004D,2022-12-27,31.2457
FS-FX-004D,2022-12-28,30.6097
FS-FX-004D,2022-12-29,30.5058
FS-FX-004D,2022-12-30,30.2829
FS-FX-004D,2023-01-02,30.0816
FS-FX-004D,2023-01-03,30.0803
FS-FX-004D,2023-01-04,29.4653
FS-FX-004D,2023-01-05,29.5923
FS-FX-004D,2023-01-06,29.7886
FS-FX-004D,2023-01-09,29.6849
FS-FX-004D,2023-01-10,29.5298
FS-FX-004D,2023-01-11,29.5010
FS-FX-004D,2023-01-12,29.4948
FS-FX-004D,2023-01-13,29.5344
FS-FX-004D,2023-01-16,29.4218
FS-FX-004D,2023-01-17,29.3090
FS-FX-004D,2023-01-18,29.5832
FS-FX-004D,2023-01-19,29.6677
FS-FX-004D,2023-01-20,29.7077
FS-FX-004D,2023-01-23,29.9857
FS-FX-004D,2023-01-24,30.0289
FS-FX-004D,2023-01-25,30.3030
FS-FX-004D,2023-01-26,30.6369
FS-FX-004D,2023-01-27,31.0019
FS-FX-004D,2023-01-30,31.0448
FS-FX-004D,2023-01-31,30.5872
FS-FX-004D,2023-02-01,30.3470
FS-FX-004D,2023-02-02,30.3696
FS-FX-004D,2023-02-03,30.8166
FS-FX-004D,2023-02-06,30.9779
FS-FX-004D,2023-02-07,30.8927
FS-FX-004D,2023-02-08,31.0220
FS-FX-004D,2023-02-09,31.1776
FS-FX-004D,2023-02-10,31.2028
FS-FX-004D,2023-02-13,31.6871
FS-FX-004D,2023-02-14,31.7670
FS-FX-004D,2023-02-15,31.9556
FS-FX-004D,2023-02-16,31.9272
FS-FX-004D,2023-02-17,32.6680
FS-FX-004D,2023-02-20,32.5410
FS-FX-004D,2023-02-21,32.4444
FS-FX-004D,2023-02-22,32.3388
FS-FX-004D,2023-02-23,31.9326
FS-FX-004D,2023-02-24,31.9738
FS-FX-004D,2023-02-27,32.6443
FS-FX-004D,2023-02-28,32.4914
FS-FX-004D,2023-03-01,32.3460
FS-FX-004D,2023-03-02,32.3675
FS-FX-004D,2023-03-03,32.3521
FS-FX-004D,2023-03-06,32.1429
FS-FX-004D,2023-03-07,32.3119
FS-FX-004D,2023-03-08,32.5133
FS-FX-004D,2023-03-09,32.6520
FS-FX-004D,2023-03-10,32.7783
FS-FX-004D,2023-03-13,32.5384
FS-FX-004D,2023-03-14,32.6270
FS-FX-004D,2023-03-15,31.4910
FS-FX-004D,2023-03-16,31.6085
FS-FX-004D,2023-03-17,31.7587
FS-FX-004D,2023-03-20,31.7586
FS-FX-004D,2023-03-21,31.9756
FS-FX-004D,2023-03-22,31.7964
FS-FX-004D,2023-03-23,31.8434
FS-FX-004D,2023-03-24,31.7161
FS-FX-004D,2023-03-27,32.0254
FS-FX-004D,2023-03-28,32.0079
FS-FX-004D,2023-03-29,31.9222
FS-FX-004D,2023-03-30,31.1276
FS-FX-004D,2023-03-31,31.0871
FS-FX-004D,2023-04-03,30.7543
FS-FX-004D,2023-04-04,30.7176
FS-FX-004D,2023-04-05,30.8973
FS-FX-004D,2023-04-06,31.4122
FS-FX-004D,2023-04-07,30.7960
FS-FX-004D,2023-04-10,30.8690
FS-FX-004D,2023-04-11,30.9718
FS-FX-004D,2023-04-12,30.8809
FS-FX-004D,2023-04-13,30.7408
FS-FX-004D,2023-04-14,30.2687
FS-FX-004D,2023-04-17,30.1934
FS-FX-004D,2023-04-18,30.3625
FS-FX-004D,2023-04-19,31.2628
FS-FX-004D,2023-04-20,30.9848
FS-FX-004D,2023-04-21,31.0302
FS-FX-004D,2023-04-24,30.7849
FS-FX-004D,2023-04-25,30.6775
FS-FX-004D,2023-04-26,31.2678
FS-FX-004D,2023-04-27,30.7979
FS-FX-004D,2023-04-28,31.7051
FS-FX-004D,2023-05-01,31.5177
FS-FX-004D,2023-05-02,31.5562
FS-FX-004D,2023-05-03,31.4612
FS-FX-004D,2023-05-04,31.0655
FS-FX-004D,2023-05-05,30.6589
FS-FX-004D,2023-05-08,30.7490
FS-FX-004D,2023-05-09,30.9749
FS-FX-004D,2023-05-10,31.1778
FS-FX-004D,2023-05-11,31.4657
FS-FX-004D,2023-05-12,31.5263
FS-FX-004D,2023-05-15,30.8121
FS-FX-004D,2023-05-16,31.1303
FS-FX-004D,2023-05-17,30.7935
FS-FX-004D,2023-05-18,31.2153
FS-FX-004D,2023-05-19,31.1596
FS-FX-004D,2023-05-22,31.2618
FS-FX-004D,2023-05-23,31.2792
FS-FX-004D,2023-05-24,31.4376
FS-FX-004D,2023-05-25,31.6625
FS-FX-004D,2023-05-26,31.7784
FS-FX-004D,2023-05-29,32.2289
FS-FX-004D,2023-05-30,32.7710
FS-FX-004D,2023-05-31,32.5535
FS-FX-004D,2023-06-01,32.4695
FS-FX-004D,2023-06-02,32.0074
FS-FX-004D,2023-06-05,32.3677
FS-FX-004D,2023-06-06,32.0573
FS-FX-004D,2023-06-07,31.9272
FS-FX-004D,2023-06-08,32.1305
FS-FX-004D,2023-06-09,32.2841
FS-FX-004D,2023-06-12,32.3982
FS-FX-004D,2023-06-13,32.2387
FS-FX-004D,2023-06-14,32.1273
FS-FX-004D,2023-06-15,32.0444
FS-FX-004D,2023-06-16,31.2999
FS-FX-004D,2023-06-19,31.4104
FS-FX-004D,2023-06-20,31.5114
FS-FX-004D,2023-06-21,31.7900
FS-FX-004D,2023-06-22,31.7908
FS-FX-004D,2023-06-23,32.1682
FS-FX-004D,2023-06-26,32.3232
FS-FX-004D,2023-06-27,32.3099
FS-FX-004D,2023-06-28,32.4599
FS-FX-004D,2023-06-29,32.9429
FS-FX-004D,2023-06-30,32.8680
FS-FX-004D,2023-07-03,33.2604
FS-FX-004D,2023-07-04,33.2648
FS-FX-004D,2023-07-05,33.4601
FS-FX-004D,2023-07-06,33.7984
FS-FX-004D,2023-07-07,34.0473
FS-FX-004D,2023-07-10,34.3270
FS-FX-004D,2023-07-11,34.4439
FS-FX-004D,2023-07-12,34.4718
FS-FX-004D,2023-07-13,34.6477
FS-FX-004D,2023-07-14,34.7461
FS-FX-004D,2023-07-17,35.0186
FS-FX-004D,2023-07-18,35.0353
FS-FX-004D,2023-07-19,35.2915
FS-FX-004D,2023-07-20,34.8013
FS-FX-004D,2023-07-21,34.6562
FS-FX-004D,2023-07-24,34.8859
FS-FX-004D,2023-07-25,35.3411
FS-FX-004D,2023-07-26,35.2580
FS-FX-004D,2023-07-27,35.9322
FS-FX-004D,2023-07-28,36.1765
FS-FX-004D,2023-07-31,36.4705
FS-FX-004D,2023-08-01,36.8771
FS-FX-004D,2023-08-02,36.8417
FS-FX-004D,2023-08-03,36.7059
FS-FX-004D,2023-08-04,36.6185
FS-FX-004D,2023-08-07,36.1964
FS-FX-004D,2023-08-08,36.0394
FS-FX-004D,2023-08-09,36.3538
FS-FX-004D,2023-08-10,36.3682
FS-FX-004D,2023-08-11,35.8860
FS-FX-004D,2023-08-14,36.0112
FS-FX-004D,2023-08-15,36.0926
FS-FX-004D,2023-08-16,36.5031
FS-FX-004D,2023-08-17,36.8459
FS-FX-004D,2023-08-18,37.0787
FS-FX-004D,2023-08-21,37.2435
FS-FX-004D,2023-08-22,37.1102
FS-FX-004D,2023-08-23,37.3755
FS-FX-004D,2023-08-24,37.3016
FS-FX-004D,2023-08-25,37.3769
FS-FX-004D,2023-08-28,37.2668
FS-FX-004D,2023-08-29,37.3915
FS-FX-004D,2023-08-30,37.1928
FS-FX-004D,2023-08-31,37.2012
FS-FX-004D,2023-09-01,37.3512
FS-FX-004D,2023-09-04,37.4358
FS-FX-004D,2023-09-05,37.3307
FS-FX-004D,2023-09-06,37.7177
FS-FX-004D,2023-09-07,37.3183
FS-FX-004D,2023-09-08,37.2491
FS-FX-004D,2023-09-11,36.8356
FS-FX-004D,2023-09-12,37.1595
FS-FX-004D,2023-09-13,36.8211
FS-FX-004D,2023-09-14,37.0919
FS-FX-004D,2023-09-15,36.3830
FS-FX-004D,2023-09-18,35.9411
FS-FX-004D,2023-09-19,35.4027
FS-FX-004D,2023-09-20,35.6652
FS-FX-004D,2023-09-21,34.9968
FS-FX-004D,2023-09-22,34.8834
FS-FX-004D,2023-09-25,35.0214
FS-FX-004D,2023-09-26,35.0253
FS-FX-004D,2023-09-27,35.0347
FS-FX-004D,2023-09-28,35.1854
FS-FX-004D,2023-09-29,35.3550
FS-FX-004D,2023-10-02,35.2708
FS-FX-004D,2023-10-03,35.3060
FS-FX-004D,2023-10-04,34.9744
FS-FX-004D,2023-10-05,35.2935
FS-FX-004D,2023-10-06,35.2545
FS-FX-004D,2023-10-09,34.9071
FS-FX-004D,2023-10-10,34.8288
FS-FX-004D,2023-10-11,34.8252
FS-FX-004D,2023-10-12,34.7058
FS-FX-004D,2023-10-13,34.3586
FS-FX-004D,2023-10-16,34.3537
FS-FX-004D,2023-10-17,34.2656
FS-FX-004D,2023-10-18,34.0181
FS-FX-004D,2023-10-19,33.9170
FS-FX-004D,2023-10-20,33.7282
FS-FX-004D,2023-10-23,33.7408
FS-FX-004D,2023-10-24,34.0320
FS-FX-004D,2023-10-25,34.6498
FS-FX-004D,2023-10-26,34.8392
FS-FX-004D,2023-10-27,34.9907
FS-FX-004D,2023-10-30,35.2077
FS-FX-004D,2023-10-31,35.0742
FS-FX-004D,2023-11-01,35.0521
FS-FX-004D,2023-11-02,35.2774
FS-FX-004D,2023-11-03,35.4916
FS-FX-004D,2023-11-06,35.2663
FS-FX-004D,2023-11-07,35.1655
FS-FX-004D,2023-11-08,35.2486
FS-FX-004D,2023-11-09,35.7684
FS-FX-004D,2023-11-10,35.5941
FS-FX-004D,2023-11-13,35.8067
FS-FX-004D,2023-11-14,35.8386
FS-FX-004D,2023-11-15,35.6016
FS-FX-004D,2023-11-16,35.4761
FS-FX-004D,2023-11-17,35.3271
FS-FX-004D,2023-11-20,35.3397
FS-FX-004D,2023-11-21,35.3218
FS-FX-004D,2023-11-22,34.8976
FS-FX-004D,2023-11-23,35.1949
FS-FX-004D,2023-11-24,34.4670
FS-FX-004D,2023-11-27,34.2282
FS-FX-004D,2023-11-28,34.2075
FS-FX-004D,2023-11-29,34.2362
FS-FX-004D,2023-11-30,34.1895
FS-FX-004D,2023-12-01,34.3144
FS-FX-004D,2023-12-04,34.3628
FS-FX-004D,2023-12-05,34.4584
FS-FX-004D,2023-12-06,34.7902
FS-FX-004D,2023-12-07,34.7741
FS-FX-004D,2023-12-08,34.7138
FS-FX-004D,2023-12-11,34.5595
FS-FX-004D,2023-12-12,34.6787
FS-FX-004D,2023-12-13,34.4858
FS-FX-004D,2023-12-14,34.7006
FS-FX-004D,2023-12-15,34.7243
FS-FX-004D,2023-12-18,34.6936
FS-FX-004D,2023-12-19,34.8044
FS-FX-004D,2023-12-20,35.1675
FS-FX-004D,2023-12-21,35.2934
FS-FX-004D,2023-12-22,35.2200
FS-FX-004D,2023-12-25,35.2759
FS-FX-004D,2023-12-26,35.3360
FS-FX-004D,2023-12-27,35.4028
FS-FX-004D,2023-12-28,35.0522
FS-FX-004D,2023-12-29,34.7086
FS-FX-004D,2024-01-01,35.1890
FS-FX-004D,2024-01-02,35.6058
FS-FX-004D,2024-01-03,35.5549
FS-FX-004D,2024-01-04,35.7829
FS-FX-004D,2024-01-05,36.0156
FS-FX-004D,2024-01-08,35.0136
FS-FX-004D,2024-01-09,35.2127
FS-FX-004D,2024-01-10,35.3610
FS-FX-004D,2024-01-11,35.2363
FS-FX-004D,2024-01-12,35.1862
FS-FX-004D,2024-01-15,35.3713
FS-FX-004D,2024-01-16,35.4179
FS-FX-004D,2024-01-17,35.2307
FS-FX-004D,2024-01-18,34.9167
FS-FX-004D,2024-01-19,35.4509
FS-FX-004D,2024-01-22,35.5611
FS-FX-004D,2024-01-23,35.3453
FS-FX-004D,2024-01-24,35.1496
FS-FX-004D,2024-01-25,35.2856
FS-FX-004D,2024-01-26,35.3029
FS-FX-004D,2024-01-29,35.1919
FS-FX-004D,2024-01-30,36.1041
FS-FX-004D,2024-01-31,36.4544
FS-FX-004D,2024-02-01,36.5173
FS-FX-004D,2024-02-02,35.8887
FS-FX-004D,2024-02-05,36.2284
FS-FX-004D,2024-02-06,35.8064
FS-FX-004D,2024-02-07,36.0019
FS-FX-004D,2024-02-08,36.1868
FS-FX-004D,2024-02-09,35.7680
FS-FX-004D,2024-02-12,36.0823
FS-FX-004D,2024-02-13,36.2629
FS-FX-004D,2024-02-14,36.4440
FS-FX-004D,2024-02-15,36.4041
FS-FX-004D,2024-02-16,36.6936
FS-FX-004D,2024-02-19,36.9813
FS-FX-004D,2024-02-20,36.9920
FS-FX-004D,2024-02-21,37.0141
FS-FX-004D,2024-02-22,36.9607
FS-FX-004D,2024-02-23,37.8371
FS-FX-004D,2024-02-26,37.9952
FS-FX-004D,2024-02-27,37.8808
FS-FX-004D,2024-02-28,38.0924
FS-FX-004D,2024-02-29,38.0478
FS-FX-004D,2024-03-01,38.0744
FS-FX-004D,2024-03-04,37.9879
FS-FX-004D,2024-03-05,38.1261
FS-FX-004D,2024-03-06,38.0998
FS-FX-004D,2024-03-07,38.3225
FS-FX-004D,2024-03-08,38.0598
FS-FX-004D,2024-03-11,38.4635
FS-FX-004D,2024-03-12,38.1957
FS-FX-004D,2024-03-13,38.2360
FS-FX-004D,2024-03-14,38.1865
FS-FX-004D,2024-03-15,38.1365
FS-FX-004D,2024-03-18,37.6978
FS-FX-004D,2024-03-19,37.9585
FS-FX-004D,2024-03-20,38.2989
FS-FX-004D,2024-03-21,37.4424
FS-FX-004D,2024-03-22,37.0378
FS-FX-004D,2024-03-25,37.4735
FS-FX-004D,2024-03-26,37.6876
FS-FX-004D,2024-03-27,37.4563
FS-FX-004D,2024-03-28,37.9529
FS-FX-004D,2024-03-29,38.4491
FS-FX-004D,2024-04-01,38.2784
FS-FX-004D,2024-04-02,38.3396
FS-FX-004D,2024-04-03,38.0142
FS-FX-004D,2024-04-04,37.9343
FS-FX-004D,2024-04-05,37.5960
FS-FX-004D,2024-04-08,37.3287
FS-FX-004D,2024-04-09,37.3736
FS-FX-004D,2024-04-10,37.7267
FS-FX-004D,2024-04-11,38.1102
FS-FX-004D,2024-04-12,38.3025
FS-FX-004D,2024-04-15,38.4795
FS-FX-004D,2024-04-16,38.4576
FS-FX-004D,2024-04-17,38.0990
FS-FX-004D,2024-04-18,38.4270
FS-FX-004D,2024-04-19,38.4080
FS-FX-004D,2024-04-22,38.3558
FS-FX-004D,2024-04-23,38.0286
FS-FX-004D,2024-04-24,38.0523
FS-FX-004D,2024-04-25,37.9226
FS-FX-004D,2024-04-26,38.1818
FS-FX-004D,2024-04-29,38.2260
FS-FX-004D,2024-04-30,38.1079
FS-FX-004D,2024-05-01,37.9912
FS-FX-004D,2024-05-02,38.1512
FS-FX-004D,2024-05-03,38.1177
FS-FX-004D,2024-05-06,38.3048
FS-FX-004D,2024-05-07,38.1205
FS-FX-004D,2024-05-08,38.1214
FS-FX-004D,2024-05-09,38.6476
FS-FX-004D,2024-05-10,38.3660
FS-FX-004D,2024-05-13,38.2206
FS-FX-004D,2024-05-14,38.4686
FS-FX-004D,2024-05-15,38.2824
FS-FX-004D,2024-05-16,38.0706
FS-FX-004D,2024-05-17,38.1456
FS-FX-004D,2024-05-20,38.2639
FS-FX-004D,2024-05-21,38.4951
FS-FX-004D,2024-05-22,37.9409
FS-FX-004D,2024-05-23,38.1750
FS-FX-004D,2024-05-24,38.4577
FS-FX-004D,2024-05-27,38.7569
FS-FX-004D,2024-05-28,38.9918
FS-FX-004D,2024-05-29,38.6345
FS-FX-004D,2024-05-30,38.1538
FS-FX-004D,2024-05-31,37.9972
FS-FX-004D,2024-06-03,38.7544
FS-FX-004D,2024-06-04,36.6960
FS-FX-004D,2024-06-05,38.7207
FS-FX-004D,2024-06-06,38.1086
FS-FX-004D,2024-06-07,39.6387
FS-FX-004D,2024-06-10,39.7502
FS-FX-004D,2024-06-11,40.1865
FS-FX-004D,2024-06-12,39.7291
FS-FX-004D,2024-06-13,40.6795
FS-FX-004D,2024-06-14,40.2835
FS-FX-004D,2024-06-17,40.7369
FS-FX-004D,2024-06-18,40.3667
FS-FX-004D,2024-06-19,40.7482
FS-FX-004D,2024-06-20,41.7535
FS-FX-004D,2024-06-21,40.9728
FS-FX-004D,2024-06-24,40.2103
FS-FX-004D,2024-06-25,40.1965
FS-FX-004D,2024-06-26,39.6169
FS-FX-004D,2024-06-27,39.2104
FS-FX-004D,2024-06-28,40.6342
FS-FX-004D,2024-07-01,40.6138
FS-FX-004D,2024-07-02,40.8535
FS-FX-004D,2024-07-03,40.9509
FS-FX-004D,2024-07-04,40.8109
FS-FX-004D,2024-07-05,41.0028
FS-FX-004D,2024-07-08,40.4629
FS-FX-004D,2024-07-09,40.9514
FS-FX-004D,2024-07-10,41.0165
FS-FX-004D,2024-07-11,41.8807
FS-FX-004D,2024-07-12,42.1808
FS-FX-004D,2024-07-15,41.9112
FS-FX-004D,2024-07-16,41.9009
FS-FX-004D,2024-07-17,41.8856
FS-FX-004D,2024-07-18,42.1710
FS-FX-004D,2024-07-19,42.3319
FS-FX-004D,2024-07-22,42.2900
FS-FX-004D,2024-07-23,42.2948
FS-FX-004D,2024-07-24,42.7299
FS-FX-004D,2024-07-25,42.7764
FS-FX-004D,2024-07-26,43.0464
FS-FX-004D,2024-07-29,43.7434
FS-FX-004D,2024-07-30,43.2039
FS-FX-004D,2024-07-31,42.8833
FS-FX-004D,2024-08-01,43.1228
FS-FX-004D,2024-08-02,43.0593
FS-FX-004D,2024-08-05,42.8102
FS-FX-004D,2024-08-06,43.0036
FS-FX-004D,2024-08-07,42.6874
FS-FX-004D,2024-08-08,42.5003
FS-FX-004D,2024-08-09,42.5540
FS-FX-004D,2024-08-12,42.8364
FS-FX-004D,2024-08-13,43.2200
FS-FX-004D,2024-08-14,43.4988
FS-FX-004D,2024-08-15,43.4253
FS-FX-004D,2024-08-16,43.4980
FS-FX-004D,2024-08-19,43.6588
FS-FX-004D,2024-08-20,43.3723
FS-FX-004D,2024-08-21,43.6973
FS-FX-004D,2024-08-22,43.1730
FS-FX-004D,2024-08-23,43.2149
FS-FX-004D,2024-08-26,43.1711
FS-FX-004D,2024-08-27,43.5029
FS-FX-004D,2024-08-28,43.7892
FS-FX-004D,2024-08-29,43.6704
FS-FX-004D,2024-08-30,43.5705
FS-FX-004D,2024-09-02,43.3020
FS-FX-004D,2024-09-03,43.4083
FS-FX-004D,2024-09-04,43.3743
FS-FX-004D,2024-09-05,43.6284
FS-FX-004D,2024-09-06,42.5339
FS-FX-004D,2024-09-09,42.6469
FS-FX-004D,2024-09-10,42.4454
FS-FX-004D,2024-09-11,42.4596
FS-FX-004D,2024-09-12,42.3828
FS-FX-004D,2024-09-13,42.0740
FS-FX-004D,2024-09-16,42.5240
FS-FX-004D,2024-09-17,41.9877
FS-FX-004D,2024-09-18,41.8940
FS-FX-004D,2024-09-19,41.4423
FS-FX-004D,2024-09-20,41.5464
FS-FX-004D,2024-09-23,41.3684
FS-FX-004D,2024-09-24,41.0224
FS-FX-004D,2024-09-25,40.6502
FS-FX-004D,2024-09-26,40.0945
FS-FX-004D,2024-09-27,40.0342
FS-FX-004D,2024-09-30,40.0324
FS-FX-004D,2024-10-01,40.3286
FS-FX-004D,2024-10-02,40.6524
FS-FX-004D,2024-10-03,40.6643
FS-FX-004D,2024-10-04,40.3735
FS-FX-004D,2024-10-07,40.3171
FS-FX-004D,2024-10-08,40.6295
FS-FX-004D,2024-10-09,40.3129
FS-FX-004D,2024-10-10,40.2828
FS-FX-004D,2024-10-11,40.4096
FS-FX-004D,2024-10-14,40.4585
FS-FX-004D,2024-10-15,39.7964
FS-FX-004D,2024-10-16,40.4881
FS-FX-004D,2024-10-17,40.7195
FS-FX-004D,2024-10-18,41.1993
FS-FX-004D,2024-10-21,40.8321
FS-FX-004D,2024-10-22,40.5169
FS-FX-004D,2024-10-23,40.3766
FS-FX-004D,2024-10-24,39.9223
FS-FX-004D,2024-10-25,39.7519
FS-FX-004D,2024-10-28,40.1686
FS-FX-004D,2024-10-29,40.2948
FS-FX-004D,2024-10-30,40.3850
FS-FX-004D,2024-10-31,40.3483
FS-FX-004D,2024-11-01,40.3517
FS-FX-004D,2024-11-04,40.6326
FS-FX-004D,2024-11-05,40.2607
FS-FX-004D,2024-11-06,40.2038
FS-FX-004D,2024-11-07,40.4343
FS-FX-004D,2024-11-08,40.7893
FS-FX-004D,2024-11-11,41.2215
FS-FX-004D,2024-11-12,41.5173
FS-FX-004D,2024-11-13,41.6076
FS-FX-004D,2024-11-14,41.4088
FS-FX-004D,2024-11-15,41.1460
FS-FX-004D,2024-11-18,41.4665
FS-FX-004D,2024-11-19,41.3316
FS-FX-004D,2024-11-20,40.9341
FS-FX-004D,2024-11-21,41.2651
FS-FX-004D,2024-11-22,41.1211
FS-FX-004D,2024-11-25,40.9545
FS-FX-004D,2024-11-26,40.9352
FS-FX-004D,2024-11-27,40.9359
FS-FX-004D,2024-11-28,41.5755
FS-FX-004D,2024-11-29,41.6493
FS-FX-004D,2024-12-02,42.1765
FS-FX-004D,2024-12-03,42.1518
FS-FX-004D,2024-12-04,42.2221
FS-FX-004D,2024-12-05,42.7233
FS-FX-004D,2024-12-06,42.9021
FS-FX-004D,2024-12-09,43.2498
FS-FX-004D,2024-12-10,42.9382
FS-FX-004D,2024-12-11,42.8102
FS-FX-004D,2024-12-12,43.1889
FS-FX-004D,2024-12-13,42.9077
FS-FX-004D,2024-12-16,42.8298
FS-FX-004D,2024-12-17,42.1221
FS-FX-004D,2024-12-18,42.0183
FS-FX-004D,2024-12-19,41.7040
FS-FX-004D,2024-12-20,41.7364
FS-FX-004D,2024-12-23,41.3378
FS-FX-004D,2024-12-24,41.3359
FS-FX-004D,2024-12-25,41.1627
FS-FX-004D,2024-12-26,41.0121
FS-FX-004D,2024-12-27,41.3422
FS-FX-004D,2024-12-30,41.4345
FS-FX-004D,2024-12-31,41.3659
FS-FX-004D,2025-01-01,41.9668
FS-FX-004D,2025-01-02,42.2903
FS-FX-004D,2025-01-03,42.1390
FS-FX-004D,2025-01-06,42.4710
FS-FX-004D,2025-01-07,42.6977
FS-FX-004D,2025-01-08,42.4858
FS-FX-004D,2025-01-09,42.5059
FS-FX-004D,2025-01-10,42.7458
FS-FX-004D,2025-01-13,42.7934
FS-FX-004D,2025-01-14,42.5725
FS-FX-004D,2025-01-15,43.0840
FS-FX-004D,2025-01-16,43.2950
FS-FX-004D,2025-01-17,43.1229
FS-FX-004D,2025-01-20,43.3784
FS-FX-004D,2025-01-21,43.6240
FS-FX-004D,2025-01-22,43.8309
FS-FX-004D,2025-01-23,44.3642
FS-FX-004D,2025-01-24,43.9857
FS-FX-004D,2025-01-27,43.8901
FS-FX-004D,2025-01-28,44.3145
FS-FX-004D,2025-01-29,44.3819
FS-FX-004D,2025-01-30,44.4529
FS-FX-004D,2025-01-31,44.6180
FS-FX-004D,2025-02-03,44.7439
FS-FX-004D,2025-02-04,44.6188
FS-FX-004D,2025-02-05,44.4368
FS-FX-004D,2025-02-06,44.0412
FS-FX-004D,2025-02-07,46.7061
FS-FX-004D,2025-02-10,46.8421
FS-FX-004D,2025-02-11,46.9023
FS-FX-004D,2025-02-12,47.2634
FS-FX-004D,2025-02-13,46.9305
FS-FX-004D,2025-02-14,47.8532
FS-FX-004D,2025-02-17,48.0266
FS-FX-004D,2025-02-18,48.3134
FS-FX-004D,2025-02-19,48.6539
FS-FX-004D,2025-02-20,48.7341
FS-FX-004D,2025-02-21,48.8248
FS-FX-004D,2025-02-24,49.1754
FS-FX-004D,2025-02-25,48.8417
FS-FX-004D,2025-02-26,48.6556
FS-FX-004D,2025-02-27,48.8284
FS-FX-004D,2025-02-28,48.4438
FS-FX-004D,2025-03-03,48.8183
FS-FX-004D,2025-03-04,49.1238
FS-FX-004D,2025-03-05,48.9476
FS-FX-004D,2025-03-06,48.6697
FS-FX-004D,2025-03-07,48.3956
FS-FX-004D,2025-03-10,48.4060
FS-FX-004D,2025-03-11,48.5290
FS-FX-004D,2025-03-12,48.9273
FS-FX-004D,2025-03-13,48.4959
FS-FX-004D,2025-03-14,46.9485
FS-FX-004D,2025-03-17,46.8960
FS-FX-004D,2025-03-18,46.3195
FS-FX-004D,2025-03-19,46.5302
FS-FX-004D,2025-03-20,47.3898
FS-FX-004D,2025-03-21,47.0764
FS-FX-004D,2025-03-24,46.3671
FS-FX-004D,2025-03-25,46.2235
FS-FX-004D,2025-03-26,46.2785
FS-FX-004D,2025-03-27,46.4151
FS-FX-004D,2025-03-28,46.1475
FS-FX-004D,2025-03-31,45.9040
FS-FX-004D,2025-04-01,45.7113
FS-FX-004D,2025-04-02,45.7220
FS-FX-004D,2025-04-03,47.8189
FS-FX-004D,2025-04-04,47.7307
FS-FX-004D,2025-04-07,47.3827
FS-FX-004D,2025-04-08,47.5379
FS-FX-004D,2025-04-09,47.5747
FS-FX-004D,2025-04-10,47.3350
FS-FX-004D,2025-04-11,47.3231
FS-FX-004D,2025-04-14,47.1020
FS-FX-004D,2025-04-15,46.4422
FS-FX-004D,2025-04-16,46.5091
FS-FX-004D,2025-04-17,46.6923
FS-FX-004D,2025-04-18,47.0637
FS-FX-004D,2025-04-21,47.1213
FS-FX-004D,2025-04-22,46.9575
FS-FX-004D,2025-04-23,46.7465
FS-FX-004D,2025-04-24,46.6024
FS-FX-004D,2025-04-25,46.4534
FS-FX-004D,2025-04-28,46.6168
FS-FX-004D,2025-04-29,46.7157
FS-FX-004D,2025-04-30,46.9227
FS-FX-004D,2025-05-01,46.7924
FS-FX-004D,2025-05-02,46.4575
FS-FX-004D,2025-05-05,46.6771
FS-FX-004D,2025-05-06,45.9984
FS-FX-004D,2025-05-07,45.9669
FS-FX-004D,2025-05-08,46.3679
FS-FX-004D,2025-05-09,46.7070
FS-FX-004D,2025-05-12,46.1339
FS-FX-004D,2025-05-13,45.6766
FS-FX-004D,2025-05-14,45.7447
FS-FX-004D,2025-05-15,45.5640
FS-FX-004D,2025-05-16,45.5477
FS-FX-004D,2025-05-19,45.0257
FS-FX-004D,2025-05-20,45.4783
FS-FX-004D,2025-05-21,46.0556
FS-FX-004D,2025-05-22,45.7322
FS-FX-004D,2025-05-23,45.7711
FS-FX-004D,2025-05-26,45.8244
FS-FX-004D,2025-05-27,45.9335
FS-FX-004D,2025-05-28,46.2799
FS-FX-004D,2025-05-29,46.6514
FS-FX-004D,2025-05-30,47.4630
FS-FX-004D,2025-06-02,47.9224
FS-FX-004D,2025-06-03,47.6812
FS-FX-004D,2025-06-04,47.8553
FS-FX-004D,2025-06-05,47.1292
FS-FX-004D,2025-06-06,47.2594
FS-FX-004D,2025-06-09,47.1900
FS-FX-004D,2025-06-10,47.4555
FS-FX-004D,2025-06-11,47.5723
FS-FX-004D,2025-06-12,47.6396
FS-FX-004D,2025-06-13,47.6150
FS-FX-004D,2025-06-16,47.3110
FS-FX-004D,2025-06-17,47.0140
FS-FX-004D,2025-06-18,46.7875
FS-FX-004D,2025-06-19,46.9730
FS-FX-004D,2025-06-20,47.0454
FS-FX-004D,2025-06-23,46.9742
FS-FX-004D,2025-06-24,46.6082
FS-FX-004D,2025-06-25,46.8182
FS-FX-004D,2025-06-26,46.9518
FS-FX-004D,2025-06-27,46.6998
FS-FX-004D,2025-06-30,47.2243
FS-FX-004D,2025-07-01,47.5508
FS-FX-004D,2025-07-02,47.9461
FS-FX-004D,2025-07-03,48.3261
FS-FX-004D,2025-07-04,48.5166
FS-FX-004D,2025-07-07,48.3552
FS-FX-004D,2025-07-08,47.7334
FS-FX-004D,2025-07-09,48.5727
FS-FX-004D,2025-07-10,48.8760
FS-FX-004D,2025-07-11,49.3235
FS-FX-004D,2025-07-14,48.7006
FS-FX-004D,2025-07-15,48.8953
FS-FX-004D,2025-07-16,49.2069
FS-FX-004D,2025-07-17,48.7445
FS-FX-004D,2025-07-18,48.5180
FS-FX-004D,2025-07-21,47.9420
FS-FX-004D,2025-07-22,47.9164
FS-FX-004D,2025-07-23,48.1723
FS-FX-004D,2025-07-24,47.8809
FS-FX-004D,2025-07-25,48.2175
FS-FX-004D,2025-07-28,48.0039
FS-FX-004D,2025-07-29,48.2129
FS-FX-004D,2025-07-30,48.0409
FS-FX-004D,2025-07-31,48.1988
FS-FX-004D,2025-08-01,48.5997
FS-FX-004D,2025-08-04,48.2017
FS-FX-004D,2025-08-05,48.1644
FS-FX-004D,2025-08-06,48.0212
FS-FX-004D,2025-08-07,47.9462
FS-FX-004D,2025-08-08,47.7452
FS-FX-004D,2025-08-11,47.4918
FS-FX-004D,2025-08-12,47.2014
FS-FX-004D,2025-08-13,47.5100
FS-FX-004D,2025-08-14,47.9750
FS-FX-004D,2025-08-15,47.7709
FS-FX-004D,2025-08-18,47.6573
FS-FX-004D,2025-08-19,48.3036
FS-FX-004D,2025-08-20,48.4472
FS-FX-004D,2025-08-21,47.9728
FS-FX-004D,2025-08-22,47.6778
FS-FX-004D,2025-08-25,47.4287
FS-FX-004D,2025-08-26,47.8881
FS-FX-004D,2025-08-27,47.8122
FS-FX-004D,2025-08-28,48.7361
FS-FX-004D,2025-08-29,48.7264
FS-FX-004D,2025-09-01,48.5223
FS-FX-004D,2025-09-02,48.6154
FS-FX-004D,2025-09-03,48.8081
FS-FX-004D,2025-09-04,49.5850
FS-FX-004D,2025-09-05,49.6921
FS-FX-004D,2025-09-08,49.8003
FS-FX-004D,2025-09-09,49.5709
FS-FX-004D,2025-09-10,49.4612
FS-FX-004D,2025-09-11,49.6671
FS-FX-004D,2025-09-12,49.7030
FS-FX-004D,2025-09-15,49.9002
FS-FX-004D,2025-09-16,49.2663
FS-FX-004D,2025-09-17,49.1439
FS-FX-004D,2025-09-18,49.3122
FS-FX-004D,2025-09-19,49.1813
FS-FX-004D,2025-09-22,46.3258
FS-FX-004D,2025-09-23,46.7648
FS-FX-004D,2025-09-24,46.4682
FS-FX-004D,2025-09-25,46.0841
FS-FX-004D,2025-09-26,46.0033
FS-FX-004D,2025-09-29,46.1123
FS-FX-004D,2025-09-30,46.8627
FS-FX-004D,2025-10-01,47.0130
FS-FX-004D,2025-10-02,47.4237
FS-FX-004D,2025-10-03,47.1364
FS-FX-004D,2025-10-06,47.4107
FS-FX-004D,2025-10-07,47.4844
FS-FX-004D,2025-10-08,47.5768
FS-FX-004D,2025-10-09,47.2550
FS-FX-004D,2025-10-10,47.5781
FS-FX-004D,2025-10-13,47.6231
FS-FX-004D,2025-10-14,47.8071
FS-FX-004D,2025-10-15,48.1607
FS-FX-004D,2025-10-16,48.3480
FS-FX-004D,2025-10-17,48.8200
FS-FX-004D,2025-10-20,48.7052
FS-FX-004D,2025-10-21,48.2390
FS-FX-004D,2025-10-22,47.4511
FS-FX-004D,2025-10-23,47.1355
FS-FX-004D,2025-10-24,47.0865
FS-FX-004D,2025-10-27,47.3659
FS-FX-004D,2025-10-28,47.3413
FS-FX-004D,2025-10-29,47.8212
FS-FX-004D,2025-10-30,47.8573
FS-FX-004D,2025-10-31,47.2396
FS-FX-004D,2025-11-03,47.4019
FS-FX-004D,2025-11-04,47.3754
FS-FX-004D,2025-11-05,47.6055
FS-FX-004D,2025-11-06,48.0374
FS-FX-004D,2025-11-07,48.3364
FS-FX-004D,2025-11-10,48.2956
FS-FX-004D,2025-11-11,48.2773
FS-FX-004D,2025-11-12,48.6159
FS-FX-004D,2025-11-13,48.7570
FS-FX-004D,2025-11-14,48.8176
FS-FX-004D,2025-11-17,49.3202
FS-FX-004D,2025-11-18,49.8734
FS-FX-004D,2025-11-19,50.3188
FS-FX-004D,2025-11-20,49.4610
FS-FX-004D,2025-11-21,49.0025
FS-FX-004D,2025-11-24,48.3265
FS-FX-004D,2025-11-25,48.4984
FS-FX-004D,2025-11-26,49.1060
FS-FX-004D,2025-11-27,48.8832
FS-FX-004D,2025-11-28,49.1609
FS-FX-004D,2025-12-01,50.2996
FS-FX-004D,2025-12-02,50.2387
FS-FX-004D,2025-12-03,49.7550
FS-FX-004D,2025-12-04,49.5005
FS-FX-004D,2025-12-05,49.5059
FS-FX-004D,2025-12-08,49.3789
FS-FX-004D,2025-12-09,49.2554
FS-FX-004D,2025-12-10,49.4826
FS-FX-004D,2025-12-11,49.5926
FS-FX-004D,2025-12-12,49.8282
FS-FX-004D,2025-12-15,49.5988
FS-FX-004D,2025-12-16,49.6349
FS-FX-004D,2025-12-17,49.2375
FS-FX-004D,2025-12-18,49.3689
FS-FX-004D,2025-12-19,48.9038
FS-FX-004D,2025-12-22,48.7170
FS-FX-004D,2025-12-23,49.3402
FS-FX-004D,2025-12-24,49.3036
FS-FX-004D,2025-12-25,49.2322
FS-FX-004D,2025-12-26,49.3151
FS-FX-004D,2025-12-29,49.4014
FS-FX-004D,2025-12-30,49.1734
FS-FX-004D,2025-12-31,48.9843
FS-FX-004D,2026-01-01,49.2283
FS-FX-004D,2026-01-02,49.4406
FS-FX-004D,2026-01-05,49.4192
FS-FX-004D,2026-01-06,48.9861
FS-FX-004D,2026-01-07,48.7198
FS-FX-004D,2026-01-08,48.3278
FS-FX-004D,2026-01-09,48.0139
FS-FX-004D,2026-01-12,47.9257
FS-FX-004D,2026-01-13,47.6815
FS-FX-004D,2026-01-14,49.5723
FS-FX-004D,2026-01-15,48.1661
FS-FX-004D,2026-01-16,48.1238
FS-FX-004D,2026-01-19,47.9013
FS-FX-004D,2026-01-20,48.9309
FS-FX-004D,2026-01-21,49.2924
FS-FX-004D,2026-01-22,50.3433
FS-FX-004D,2026-01-23,50.6744
FS-FX-004D,2026-01-26,51.4097
FS-FX-004D,2026-01-27,51.2377
FS-FX-004D,2026-01-28,51.3060
FS-FX-004D,2026-01-29,51.1670
FS-FX-004D,2026-01-30,50.5926
FS-FX-004D,2026-02-02,51.0667
FS-FX-004D,2026-02-03,51.3242
FS-FX-004D,2026-02-04,50.6488
FS-FX-004D,2026-02-05,51.2973
FS-FX-004D,2026-02-06,52.1561
FS-FX-004D,2026-02-09,52.1915
FS-FX-004D,2026-02-10,53.3121
FS-FX-004D,2026-02-11,53.3503
FS-FX-004D,2026-02-12,53.2106
FS-FX-004D,2026-02-13,52.6707
FS-FX-004D,2026-02-16,52.6930
FS-FX-004D,2026-02-17,52.3961
FS-FX-004D,2026-02-18,52.4245
FS-FX-004D,2026-02-19,52.7428
FS-FX-004D,2026-02-20,51.2283
FS-FX-004D,2026-02-23,50.6712
FS-FX-004D,2026-02-24,51.7119
FS-FX-004D,2026-02-25,52.0961
FS-FX-004D,2026-02-26,52.0753
FS-FX-004D,2026-02-27,51.7595
FS-FX-004D,2026-03-02,52.5360
FS-FX-004D,2026-03-03,52.0925
FS-FX-004D,2026-03-04,53.1634
FS-FX-004D,2026-03-05,52.9636
FS-FX-004D,2026-03-06,53.2196
FS-FX-004D,2026-03-09,53.0440
FS-FX-004D,2026-03-10,52.3254
FS-FX-004D,2026-03-11,51.8591
FS-FX-004D,2026-03-12,52.3787
FS-FX-004D,2026-03-13,52.6042
FS-FX-004D,2026-03-16,53.3943
FS-FX-004D,2026-03-17,51.5591
FS-FX-004D,2026-03-18,49.1366
FS-FX-004D,2026-03-19,49.3055
FS-FX-004D,2026-03-20,48.8833
FS-FX-004D,2026-03-23,47.9839
FS-FX-004D,2026-03-24,47.6922
FS-FX-004D,2026-03-25,47.9452
FS-FX-004D,2026-03-26,47.2151
FS-FX-004D,2026-03-27,48.1069
FS-FX-004D,2026-03-30,47.3036
FS-FX-004D,2026-03-31,47.6632
FS-FX-004D,2026-04-01,47.3379
FS-FX-004D,2026-04-02,47.4875
FS-FX-004D,2026-04-03,47.4062
FS-FX-004D,2026-04-06,46.6864
FS-FX-004D,2026-04-07,46.7460
FS-FX-004D,2026-04-08,46.5718
FS-FX-004D,2026-04-09,46.1816
FS-FX-004D,2026-04-10,46.0623
FS-FX-004D,2026-04-13,45.7588
FS-FX-004D,2026-04-14,46.0667
FS-FX-004D,2026-04-15,45.9832
FS-FX-004D,2026-04-16,46.3401
FS-FX-004D,2026-04-17,46.6894
FS-FX-004D,2026-04-20,46.7240
FS-FX-004D,2026-04-21,46.6928
FS-FX-004D,2026-04-22,47.0572
FS-FX-004D,2026-04-23,47.6970
FS-FX-004D,2026-04-24,47.9342
FS-FX-004D,2026-04-27,47.4163
FS-FX-004D,2026-04-28,47.4507
FS-FX-004D,2026-04-29,47.9690
FS-FX-004D,2026-04-30,48.9298
FS-FX-004D,2026-05-01,49.1386
FS-FX-004D,2026-05-04,49.3489
FS-FX-004D,2026-05-05,48.5580
FS-FX-004D,2026-05-06,48.0446
FS-FX-004D,2026-05-07,47.1500
FS-FX-004D,2026-05-08,47.8094
FS-FX-004D,2026-05-11,47.5149
FS-FX-004D,2026-05-12,47.1656
FS-FX-004D,2026-05-13,46.9871
FS-FX-004D,2026-05-14,46.3507
FS-FX-004D,2026-05-15,45.7033
FS-FX-004D,2026-05-18,45.4290
FS-FX-004D,2026-05-19,44.4945
FS-FX-004D,2026-05-20,44.4122
FS-FX-004D,2026-05-21,43.9395
FS-FX-004D,2026-05-22,44.4407
FS-FX-004D,2026-05-25,44.3051
FS-FX-004D,2026-05-26,43.4968
FS-FX-004D,2026-05-27,43.6316
FS-FX-004D,2026-05-28,43.4680
FS-FX-004D,2026-05-29,43.8196
FS-FX-004D,2026-06-01,44.0575
FS-FX-004D,2026-06-02,43.8219
FS-FX-004D,2026-06-03,43.8077
FS-FX-004D,2026-06-04,44.1802
FS-FX-004D,2026-06-05,44.4695
FS-FX-004D,2026-06-08,45.7580
FS-FX-004D,2026-06-09,45.4942
FS-FX-004D,2026-06-10,44.6220
FS-FX-004D,2026-06-11,44.8033
FS-FX-004D,2026-06-12,44.9945
FS-FX-004D,2026-06-15,44.8689
FS-FX-004D,2026-06-16,44.2108
FS-FX-004D,2026-06-17,44.1080
FS-FX-004D,2026-06-18,43.9313
FS-FX-004D,2026-06-19,43.6300
FS-FX-004D,2026-06-22,43.3501
FS-FX-004D,2026-06-23,43.3211
FS-FX-004D,2026-06-24,43.6082
FS-FX-004D,2026-06-25,44.0922
FS-FX-004D,2026-06-26,44.2619
FS-FX-004D,2026-06-29,44.5163
FS-FX-004D,2026-06-30,44.6891
FS-FX-004D,2026-07-01,45.2082
FS-FX-004D,2026-07-02,45.3743
FS-FX-004D,2026-07-03,45.0121
FS-FX-004D,2026-07-06,44.9933
FS-FX-004D,2026-07-07,44.8002
FS-FX-004D,2026-07-08,45.3375
FS-FX-004D,2026-07-09,45.3220
FS-FX-004D,2026-07-10,45.6534
FS-FX-004D,2026-07-13,45.5913
FS-FX-004D,2026-07-14,44.6946
FS-FX-004D,2026-07-15,44.9148
FS-FX-004D,2026-07-16,45.1622
FS-FX-004D,2026-07-17,45.6088
FS-FX-004D,2026-07-20,46.2673
FS-FX-004D,2026-07-21,46.7088
FS-FX-004D,2026-07-22,46.8157
FS-FX-004D,2026-07-23,46.0603
FS-FX-004D,2026-07-24,46.3327
FS-FX-004D,2026-07-27,46.4224
FS-FX-004D,2026-07-28,46.2371
FS-FX-004D,2026-07-29,45.8420
FS-FX-004D,2026-07-30,46.2616
FS-FX-004D,2026-07-31,46.5849
FS-FX-004D,2026-08-03,46.7041
FS-FX-004D,2026-08-04,46.7208
FS-FX-004D,2026-08-05,46.9203
FS-FX-004D,2026-08-06,47.1999
FS-FX-004D,2026-08-07,45.9280
FS-FX-004D,2026-08-10,46.1693
FS-FX-004D,2026-08-11,45.9969
FS-FX-004D,2026-08-12,44.7381
FS-FX-004D,2026-08-13,44.9815
FS-FX-004D,2026-08-14,44.5411
FS-FX-004D,2026-08-17,43.7899
FS-FX-004D,2026-08-18,43.4695
FS-FX-004D,2026-08-19,42.8085
FS-FX-004D,2026-08-20,42.8317
FS-FX-004D,2026-08-21,42.2086
FS-FX-004D,2026-08-24,42.4698
FS-FX-004D,2026-08-25,42.6250
FS-FX-004D,2026-08-26,42.3968
FS-FX-004D,2026-08-27,42.4028
FS-FX-004D,2026-08-28,42.6534
FS-FX-004D,2026-08-31,42.9222
FS-FX-004D,2026-09-01,42.5988
FS-FX-004D,2026-09-02,42.5283
FS-FX-004D,2026-09-03,42.2631
FS-FX-004D,2026-09-04,42.2595
FS-FX-004D,2026-09-07,42.3698
FS-FX-004D,2026-09-08,42.1739
FS-FX-004D,2026-09-09,42.3303
FS-FX-004D,2026-09-10,42.4166
FS-FX-004D,2026-09-11,42.6329
FS-FX-004D,2026-09-14,42.3990
FS-FX-004D,2026-09-15,42.0877
FS-FX-004D,2026-09-16,41.7498
FS-FX-004D,2026-09-17,41.7326
FS-FX-004D,2026-09-18,41.6831
FS-FX-004D,2026-09-21,42.0043
FS-FX-004D,2026-09-22,41.8836
FS-FX-004D,2026-09-23,41.9177
FS-FX-004D,2026-09-24,41.4853
FS-FX-004D,2026-09-25,39.9184
FS-FX-004D,2026-09-28,39.7643
FS-FX-004D,2026-09-29,39.2794
FS-FX-004D,2026-09-30,38.9310
FS-ELSS-005,2021-01-04,96.6591
FS-ELSS-005,2021-01-05,96.1664
FS-ELSS-005,2021-01-06,96.5050
FS-ELSS-005,2021-01-07,97.4624
FS-ELSS-005,2021-01-08,97.9188
FS-ELSS-005,2021-01-11,97.5843
FS-ELSS-005,2021-01-12,97.2895
FS-ELSS-005,2021-01-13,96.3906
FS-ELSS-005,2021-01-14,97.4502
FS-ELSS-005,2021-01-15,97.6196
FS-ELSS-005,2021-01-18,99.3379
FS-ELSS-005,2021-01-19,101.0120
FS-ELSS-005,2021-01-20,101.7811
FS-ELSS-005,2021-01-21,100.8826
FS-ELSS-005,2021-01-22,101.8504
FS-ELSS-005,2021-01-25,101.2189
FS-ELSS-005,2021-01-26,100.0858
FS-ELSS-005,2021-01-27,97.9041
FS-ELSS-005,2021-01-28,97.4290
FS-ELSS-005,2021-01-29,97.3800
FS-ELSS-005,2021-02-01,95.2757
FS-ELSS-005,2021-02-02,95.0116
FS-ELSS-005,2021-02-03,95.3155
FS-ELSS-005,2021-02-04,96.0537
FS-ELSS-005,2021-02-05,95.6174
FS-ELSS-005,2021-02-08,96.4097
FS-ELSS-005,2021-02-09,96.6044
FS-ELSS-005,2021-02-10,97.0846
FS-ELSS-005,2021-02-11,97.6528
FS-ELSS-005,2021-02-12,95.4092
FS-ELSS-005,2021-02-15,94.5447
FS-ELSS-005,2021-02-16,94.5775
FS-ELSS-005,2021-02-17,95.6476
FS-ELSS-005,2021-02-18,95.9451
FS-ELSS-005,2021-02-19,97.0768
FS-ELSS-005,2021-02-22,97.2272
FS-ELSS-005,2021-02-23,97.5581
FS-ELSS-005,2021-02-24,98.6108
FS-ELSS-005,2021-02-25,99.2684
FS-ELSS-005,2021-02-26,99.8395
FS-ELSS-005,2021-03-01,100.4074
FS-ELSS-005,2021-03-02,100.3826
FS-ELSS-005,2021-03-03,102.4106
FS-ELSS-005,2021-03-04,101.9725
FS-ELSS-005,2021-03-05,103.7564
FS-ELSS-005,2021-03-08,104.2879
FS-ELSS-005,2021-03-09,103.9151
FS-ELSS-005,2021-03-10,104.3337
FS-ELSS-005,2021-03-11,105.0698
FS-ELSS-005,2021-03-12,103.4633
FS-ELSS-005,2021-03-15,103.3157
FS-ELSS-005,2021-03-16,102.6182
FS-ELSS-005,2021-03-17,102.6276
FS-ELSS-005,2021-03-18,101.9022
FS-ELSS-005,2021-03-19,102.5185
FS-ELSS-005,2021-03-22,102.4083
FS-ELSS-005,2021-03-23,102.6976
FS-ELSS-005,2021-03-24,102.2410
FS-ELSS-005,2021-03-25,101.2569
FS-ELSS-005,2021-03-26,100.0938
FS-ELSS-005,2021-03-29,98.3906
FS-ELSS-005,2021-03-30,95.6077
FS-ELSS-005,2021-03-31,94.6167
FS-ELSS-005,2021-04-01,94.4378
FS-ELSS-005,2021-04-02,94.6878
FS-ELSS-005,2021-04-05,92.7586
FS-ELSS-005,2021-04-06,92.7239
FS-ELSS-005,2021-04-07,93.0399
FS-ELSS-005,2021-04-08,93.8709
FS-ELSS-005,2021-04-09,93.6719
FS-ELSS-005,2021-04-12,93.4755
FS-ELSS-005,2021-04-13,93.0505
FS-ELSS-005,2021-04-14,93.9087
FS-ELSS-005,2021-04-15,94.5168
FS-ELSS-005,2021-04-16,93.8682
FS-ELSS-005,2021-04-19,92.9137
FS-ELSS-005,2021-04-20,92.6611
FS-ELSS-005,2021-04-21,92.4851
FS-ELSS-005,2021-04-22,93.4600
FS-ELSS-005,2021-04-23,92.6166
FS-ELSS-005,2021-04-26,93.3362
FS-ELSS-005,2021-04-27,94.3496
FS-ELSS-005,2021-04-28,93.7126
FS-ELSS-005,2021-04-29,93.6502
FS-ELSS-005,2021-04-30,92.9666
FS-ELSS-005,2021-05-03,95.0166
FS-ELSS-005,2021-05-04,95.0916
FS-ELSS-005,2021-05-05,95.0836
FS-ELSS-005,2021-05-06,93.7197
FS-ELSS-005,2021-05-07,93.4405
FS-ELSS-005,2021-05-10,94.1313
FS-ELSS-005,2021-05-11,93.0888
FS-ELSS-005,2021-05-12,93.6162
FS-ELSS-005,2021-05-13,92.2831
FS-ELSS-005,2021-05-14,91.5723
FS-ELSS-005,2021-05-17,91.3000
FS-ELSS-005,2021-05-18,91.0426
FS-ELSS-005,2021-05-19,90.9130
FS-ELSS-005,2021-05-20,91.4623
FS-ELSS-005,2021-05-21,91.2735
FS-ELSS-005,2021-05-24,91.9389
FS-ELSS-005,2021-05-25,93.9780
FS-ELSS-005,2021-05-26,93.7688
FS-ELSS-005,2021-05-27,95.1301
FS-ELSS-005,2021-05-28,94.7577
FS-ELSS-005,2021-05-31,94.9584
FS-ELSS-005,2021-06-01,96.0042
FS-ELSS-005,2021-06-02,94.7892
FS-ELSS-005,2021-06-03,94.0207
FS-ELSS-005,2021-06-04,92.8280
FS-ELSS-005,2021-06-07,93.8251
FS-ELSS-005,2021-06-08,93.5161
FS-ELSS-005,2021-06-09,94.6070
FS-ELSS-005,2021-06-10,94.1089
FS-ELSS-005,2021-06-11,93.5230
FS-ELSS-005,2021-06-14,94.0848
FS-ELSS-005,2021-06-15,94.5463
FS-ELSS-005,2021-06-16,95.0234
FS-ELSS-005,2021-06-17,94.8070
FS-ELSS-005,2021-06-18,94.5312
FS-ELSS-005,2021-06-21,93.4718
FS-ELSS-005,2021-06-22,92.7712
FS-ELSS-005,2021-06-23,92.3911
FS-ELSS-005,2021-06-24,92.4575
FS-ELSS-005,2021-06-25,92.4465
FS-ELSS-005,2021-06-28,94.3303
FS-ELSS-005,2021-06-29,94.0135
FS-ELSS-005,2021-06-30,93.8238
FS-ELSS-005,2021-07-01,94.4289
FS-ELSS-005,2021-07-02,93.2996
FS-ELSS-005,2021-07-05,92.7219
FS-ELSS-005,2021-07-06,91.0963
FS-ELSS-005,2021-07-07,91.2346
FS-ELSS-005,2021-07-08,90.8123
FS-ELSS-005,2021-07-09,90.9112
FS-ELSS-005,2021-07-12,92.3722
FS-ELSS-005,2021-07-13,92.2970
FS-ELSS-005,2021-07-14,92.6201
FS-ELSS-005,2021-07-15,91.5937
FS-ELSS-005,2021-07-16,92.0781
FS-ELSS-005,2021-07-19,92.7231
FS-ELSS-005,2021-07-20,92.4984
FS-ELSS-005,2021-07-21,92.4353
FS-ELSS-005,2021-07-22,92.5793
FS-ELSS-005,2021-07-23,91.4503
FS-ELSS-005,2021-07-26,91.9876
FS-ELSS-005,2021-07-27,92.6942
FS-ELSS-005,2021-07-28,92.4702
FS-ELSS-005,2021-07-29,91.8777
FS-ELSS-005,2021-07-30,91.9684
FS-ELSS-005,2021-08-02,92.6107
FS-ELSS-005,2021-08-03,93.0734
FS-ELSS-005,2021-08-04,93.4696
FS-ELSS-005,2021-08-05,92.7156
FS-ELSS-005,2021-08-06,92.0975
FS-ELSS-005,2021-08-09,92.0932
FS-ELSS-005,2021-08-10,93.3735
FS-ELSS-005,2021-08-11,94.6036
FS-ELSS-005,2021-08-12,93.8501
FS-ELSS-005,2021-08-13,92.2461
FS-ELSS-005,2021-08-16,94.5083
FS-ELSS-005,2021-08-17,94.9759
FS-ELSS-005,2021-08-18,93.3309
FS-ELSS-005,2021-08-19,93.0864
FS-ELSS-005,2021-08-20,93.0826
FS-ELSS-005,2021-08-23,94.0538
FS-ELSS-005,2021-08-24,94.1873
FS-ELSS-005,2021-08-25,94.8436
FS-ELSS-005,2021-08-26,94.1714
FS-ELSS-005,2021-08-27,94.8595
FS-ELSS-005,2021-08-30,94.9217
FS-ELSS-005,2021-08-31,95.7634
FS-ELSS-005,2021-09-01,95.7929
FS-ELSS-005,2021-09-02,96.7411
FS-ELSS-005,2021-09-03,97.6424
FS-ELSS-005,2021-09-06,97.8153
FS-ELSS-005,2021-09-07,100.2545
FS-ELSS-005,2021-09-08,99.1014
FS-ELSS-005,2021-09-09,99.5510
FS-ELSS-005,2021-09-10,99.7198
FS-ELSS-005,2021-09-13,99.7758
FS-ELSS-005,2021-09-14,98.5930
FS-ELSS-005,2021-09-15,98.5988
FS-ELSS-005,2021-09-16,99.5493
FS-ELSS-005,2021-09-17,99.7444
FS-ELSS-005,2021-09-20,100.1239
FS-ELSS-005,2021-09-21,99.5855
FS-ELSS-005,2021-09-22,100.7159
FS-ELSS-005,2021-09-23,101.9336
FS-ELSS-005,2021-09-24,101.5028
FS-ELSS-005,2021-09-27,102.4661
FS-ELSS-005,2021-09-28,103.4937
FS-ELSS-005,2021-09-29,102.3723
FS-ELSS-005,2021-09-30,103.3058
FS-ELSS-005,2021-10-01,103.3933
FS-ELSS-005,2021-10-04,102.2163
FS-ELSS-005,2021-10-05,101.9909
FS-ELSS-005,2021-10-06,101.6225
FS-ELSS-005,2021-10-07,102.1079
FS-ELSS-005,2021-10-08,102.3039
FS-ELSS-005,2021-10-11,102.3840
FS-ELSS-005,2021-10-12,101.3861
FS-ELSS-005,2021-10-13,102.2706
FS-ELSS-005,2021-10-14,105.0230
FS-ELSS-005,2021-10-15,106.4810
FS-ELSS-005,2021-10-18,105.7299
FS-ELSS-005,2021-10-19,105.6006
FS-ELSS-005,2021-10-20,106.3122
FS-ELSS-005,2021-10-21,105.8469
FS-ELSS-005,2021-10-22,105.7191
FS-ELSS-005,2021-10-25,106.6026
FS-ELSS-005,2021-10-26,106.3235
FS-ELSS-005,2021-10-27,104.7625
FS-ELSS-005,2021-10-28,103.3042
FS-ELSS-005,2021-10-29,103.4121
FS-ELSS-005,2021-11-01,104.0407
FS-ELSS-005,2021-11-02,104.1983
FS-ELSS-005,2021-11-03,104.0486
FS-ELSS-005,2021-11-04,103.1421
FS-ELSS-005,2021-11-05,104.0873
FS-ELSS-005,2021-11-08,104.3259
FS-ELSS-005,2021-11-09,105.1951
FS-ELSS-005,2021-11-10,104.5283
FS-ELSS-005,2021-11-11,105.0965
FS-ELSS-005,2021-11-12,104.8996
FS-ELSS-005,2021-11-15,104.8361
FS-ELSS-005,2021-11-16,104.1232
FS-ELSS-005,2021-11-17,104.2656
FS-ELSS-005,2021-11-18,104.9985
FS-ELSS-005,2021-11-19,105.6214
FS-ELSS-005,2021-11-22,106.8067
FS-ELSS-005,2021-11-23,108.3617
FS-ELSS-005,2021-11-24,107.8409
FS-ELSS-005,2021-11-25,106.5221
FS-ELSS-005,2021-11-26,105.6231
FS-ELSS-005,2021-11-29,105.9536
FS-ELSS-005,2021-11-30,104.5124
FS-ELSS-005,2021-12-01,104.5900
FS-ELSS-005,2021-12-02,104.6084
FS-ELSS-005,2021-12-03,103.4537
FS-ELSS-005,2021-12-06,104.0021
FS-ELSS-005,2021-12-07,105.1880
FS-ELSS-005,2021-12-08,106.4558
FS-ELSS-005,2021-12-09,105.7387
FS-ELSS-005,2021-12-10,104.8101
FS-ELSS-005,2021-12-13,105.1004
FS-ELSS-005,2021-12-14,105.0278
FS-ELSS-005,2021-12-15,104.1438
FS-ELSS-005,2021-12-16,105.3060
FS-ELSS-005,2021-12-17,105.3755
FS-ELSS-005,2021-12-20,105.8233
FS-ELSS-005,2021-12-21,103.8078
FS-ELSS-005,2021-12-22,103.0886
FS-ELSS-005,2021-12-23,104.3845
FS-ELSS-005,2021-12-24,106.2715
FS-ELSS-005,2021-12-27,105.6336
FS-ELSS-005,2021-12-28,106.7560
FS-ELSS-005,2021-12-29,106.8581
FS-ELSS-005,2021-12-30,107.2574
FS-ELSS-005,2021-12-31,107.0696
FS-ELSS-005,2022-01-03,106.1633
FS-ELSS-005,2022-01-04,106.5477
FS-ELSS-005,2022-01-05,108.9778
FS-ELSS-005,2022-01-06,108.6483
FS-ELSS-005,2022-01-07,109.8310
FS-ELSS-005,2022-01-10,107.1534
FS-ELSS-005,2022-01-11,107.2884
FS-ELSS-005,2022-01-12,107.6063
FS-ELSS-005,2022-01-13,107.9982
FS-ELSS-005,2022-01-14,107.1015
FS-ELSS-005,2022-01-17,107.2813
FS-ELSS-005,2022-01-18,108.2982
FS-ELSS-005,2022-01-19,108.4183
FS-ELSS-005,2022-01-20,108.3964
FS-ELSS-005,2022-01-21,107.6704
FS-ELSS-005,2022-01-24,107.6217
FS-ELSS-005,2022-01-25,108.8298
FS-ELSS-005,2022-01-26,106.9818
FS-ELSS-005,2022-01-27,108.3751
FS-ELSS-005,2022-01-28,108.5620
FS-ELSS-005,2022-01-31,107.5568
FS-ELSS-005,2022-02-01,106.8804
FS-ELSS-005,2022-02-02,108.5746
FS-ELSS-005,2022-02-03,107.2117
FS-ELSS-005,2022-02-04,109.5409
FS-ELSS-005,2022-02-07,109.5217
FS-ELSS-005,2022-02-08,110.9034
FS-ELSS-005,2022-02-09,111.5886
FS-ELSS-005,2022-02-10,111.8143
FS-ELSS-005,2022-02-11,110.4905
FS-ELSS-005,2022-02-14,110.1436
FS-ELSS-005,2022-02-15,108.4845
FS-ELSS-005,2022-02-16,108.5699
FS-ELSS-005,2022-02-17,109.3179
FS-ELSS-005,2022-02-18,111.7142
FS-ELSS-005,2022-02-21,113.6696
FS-ELSS-005,2022-02-22,113.3604
FS-ELSS-005,2022-02-23,112.2970
FS-ELSS-005,2022-02-24,110.2660
FS-ELSS-005,2022-02-25,109.9504
FS-ELSS-005,2022-02-28,111.0616
FS-ELSS-005,2022-03-01,110.5548
FS-ELSS-005,2022-03-02,110.3537
FS-ELSS-005,2022-03-03,110.3823
FS-ELSS-005,2022-03-04,111.0510
FS-ELSS-005,2022-03-07,110.4067
FS-ELSS-005,2022-03-08,110.5247
FS-ELSS-005,2022-03-09,111.3804
FS-ELSS-005,2022-03-10,109.9092
FS-ELSS-005,2022-03-11,109.5179
FS-ELSS-005,2022-03-14,110.1511
FS-ELSS-005,2022-03-15,110.1451
FS-ELSS-005,2022-03-16,110.3352
FS-ELSS-005,2022-03-17,111.1670
FS-ELSS-005,2022-03-18,112.8167
FS-ELSS-005,2022-03-21,112.6137
FS-ELSS-005,2022-03-22,112.4705
FS-ELSS-005,2022-03-23,114.3435
FS-ELSS-005,2022-03-24,114.2906
FS-ELSS-005,2022-03-25,113.2787
FS-ELSS-005,2022-03-28,113.9514
FS-ELSS-005,2022-03-29,115.2360
FS-ELSS-005,2022-03-30,114.0511
FS-ELSS-005,2022-03-31,113.1069
FS-ELSS-005,2022-04-01,111.7149
FS-ELSS-005,2022-04-04,112.0258
FS-ELSS-005,2022-04-05,111.0136
FS-ELSS-005,2022-04-06,111.4301
FS-ELSS-005,2022-04-07,111.0559
FS-ELSS-005,2022-04-08,110.5006
FS-ELSS-005,2022-04-11,110.0762
FS-ELSS-005,2022-04-12,110.1351
FS-ELSS-005,2022-04-13,109.7635
FS-ELSS-005,2022-04-14,108.6827
FS-ELSS-005,2022-04-15,107.6279
FS-ELSS-005,2022-04-18,108.9711
FS-ELSS-005,2022-04-19,110.4888
FS-ELSS-005,2022-04-20,111.5761
FS-ELSS-005,2022-04-21,110.5878
FS-ELSS-005,2022-04-22,110.3050
FS-ELSS-005,2022-04-25,109.3132
FS-ELSS-005,2022-04-26,110.7323
FS-ELSS-005,2022-04-27,110.4736
FS-ELSS-005,2022-04-28,111.2254
FS-ELSS-005,2022-04-29,111.1989
FS-ELSS-005,2022-05-02,112.0449
FS-ELSS-005,2022-05-03,112.3626
FS-ELSS-005,2022-05-04,113.4557
FS-ELSS-005,2022-05-05,113.2555
FS-ELSS-005,2022-05-06,112.1863
FS-ELSS-005,2022-05-09,111.2015
FS-ELSS-005,2022-05-10,110.5237
FS-ELSS-005,2022-05-11,109.5876
FS-ELSS-005,2022-05-12,110.4507
FS-ELSS-005,2022-05-13,110.9470
FS-ELSS-005,2022-05-16,111.9650
FS-ELSS-005,2022-05-17,109.8876
FS-ELSS-005,2022-05-18,111.1409
FS-ELSS-005,2022-05-19,111.3333
FS-ELSS-005,2022-05-20,117.2478
FS-ELSS-005,2022-05-23,117.0293
FS-ELSS-005,2022-05-24,121.9374
FS-ELSS-005,2022-05-25,122.4271
FS-ELSS-005,2022-05-26,124.6531
FS-ELSS-005,2022-05-27,128.4164
FS-ELSS-005,2022-05-30,128.2023
FS-ELSS-005,2022-05-31,131.3126
FS-ELSS-005,2022-06-01,129.5240
FS-ELSS-005,2022-06-02,124.0410
FS-ELSS-005,2022-06-03,125.0643
FS-ELSS-005,2022-06-06,123.1800
FS-ELSS-005,2022-06-07,129.1755
FS-ELSS-005,2022-06-08,128.0281
FS-ELSS-005,2022-06-09,123.9154
FS-ELSS-005,2022-06-10,123.3395
FS-ELSS-005,2022-06-13,118.6672
FS-ELSS-005,2022-06-14,117.4898
FS-ELSS-005,2022-06-15,116.8587
FS-ELSS-005,2022-06-16,117.0231
FS-ELSS-005,2022-06-17,118.0118
FS-ELSS-005,2022-06-20,119.2739
FS-ELSS-005,2022-06-21,112.8614
FS-ELSS-005,2022-06-22,113.3787
FS-ELSS-005,2022-06-23,113.5573
FS-ELSS-005,2022-06-24,114.7973
FS-ELSS-005,2022-06-27,115.4102
FS-ELSS-005,2022-06-28,112.9725
FS-ELSS-005,2022-06-29,116.6671
FS-ELSS-005,2022-06-30,113.9613
FS-ELSS-005,2022-07-01,113.8353
FS-ELSS-005,2022-07-04,113.9363
FS-ELSS-005,2022-07-05,110.3433
FS-ELSS-005,2022-07-06,111.7472
FS-ELSS-005,2022-07-07,111.8843
FS-ELSS-005,2022-07-08,109.8751
FS-ELSS-005,2022-07-11,109.6344
FS-ELSS-005,2022-07-12,109.9571
FS-ELSS-005,2022-07-13,110.9466
FS-ELSS-005,2022-07-14,111.9643
FS-ELSS-005,2022-07-15,110.9005
FS-ELSS-005,2022-07-18,108.3105
FS-ELSS-005,2022-07-19,108.0900
FS-ELSS-005,2022-07-20,108.4189
FS-ELSS-005,2022-07-21,109.2624
FS-ELSS-005,2022-07-22,109.7741
FS-ELSS-005,2022-07-25,110.7279
FS-ELSS-005,2022-07-26,111.6440
FS-ELSS-005,2022-07-27,111.1277
FS-ELSS-005,2022-07-28,110.0050
FS-ELSS-005,2022-07-29,110.6281
FS-ELSS-005,2022-08-01,111.2897
FS-ELSS-005,2022-08-02,112.5454
FS-ELSS-005,2022-08-03,112.8881
FS-ELSS-005,2022-08-04,112.4804
FS-ELSS-005,2022-08-05,112.7694
FS-ELSS-005,2022-08-08,113.1340
FS-ELSS-005,2022-08-09,114.3818
FS-ELSS-005,2022-08-10,114.7101
FS-ELSS-005,2022-08-11,115.6035
FS-ELSS-005,2022-08-12,114.3540
FS-ELSS-005,2022-08-15,116.0569
FS-ELSS-005,2022-08-16,116.4069
FS-ELSS-005,2022-08-17,116.6172
FS-ELSS-005,2022-08-18,116.8883
FS-ELSS-005,2022-08-19,118.0014
FS-ELSS-005,2022-08-22,118.7130
FS-ELSS-005,2022-08-23,119.7432
FS-ELSS-005,2022-08-24,120.3354
FS-ELSS-005,2022-08-25,120.5074
FS-ELSS-005,2022-08-26,120.8520
FS-ELSS-005,2022-08-29,121.3424
FS-ELSS-005,2022-08-30,120.2788
FS-ELSS-005,2022-08-31,119.7738
FS-ELSS-005,2022-09-01,119.5921
FS-ELSS-005,2022-09-02,120.0090
FS-ELSS-005,2022-09-05,119.1280
FS-ELSS-005,2022-09-06,120.1091
FS-ELSS-005,2022-09-07,119.8227
FS-ELSS-005,2022-09-08,121.0025
FS-ELSS-005,2022-09-09,120.8455
FS-ELSS-005,2022-09-12,121.3660
FS-ELSS-005,2022-09-13,122.7010
FS-ELSS-005,2022-09-14,122.1229
FS-ELSS-005,2022-09-15,122.4098
FS-ELSS-005,2022-09-16,122.6089
FS-ELSS-005,2022-09-19,122.4763
FS-ELSS-005,2022-09-20,123.2349
FS-ELSS-005,2022-09-21,123.3331
FS-ELSS-005,2022-09-22,123.5337
FS-ELSS-005,2022-09-23,125.7987
FS-ELSS-005,2022-09-26,126.5216
FS-ELSS-005,2022-09-27,127.9427
FS-ELSS-005,2022-09-28,127.8426
FS-ELSS-005,2022-09-29,128.7104
FS-ELSS-005,2022-09-30,128.3520
FS-ELSS-005,2022-10-03,126.5589
FS-ELSS-005,2022-10-04,126.6542
FS-ELSS-005,2022-10-05,126.8672
FS-ELSS-005,2022-10-06,127.3197
FS-ELSS-005,2022-10-07,126.0956
FS-ELSS-005,2022-10-10,125.2964
FS-ELSS-005,2022-10-11,125.9751
FS-ELSS-005,2022-10-12,126.6781
FS-ELSS-005,2022-10-13,127.0082
FS-ELSS-005,2022-10-14,126.2604
FS-ELSS-005,2022-10-17,126.5565
FS-ELSS-005,2022-10-18,126.7426
FS-ELSS-005,2022-10-19,127.8022
FS-ELSS-005,2022-10-20,128.2620
FS-ELSS-005,2022-10-21,128.2189
FS-ELSS-005,2022-10-24,127.0120
FS-ELSS-005,2022-10-25,127.9126
FS-ELSS-005,2022-10-26,127.0790
FS-ELSS-005,2022-10-27,126.7969
FS-ELSS-005,2022-10-28,124.6169
FS-ELSS-005,2022-10-31,125.1536
FS-ELSS-005,2022-11-01,124.0617
FS-ELSS-005,2022-11-02,123.3673
FS-ELSS-005,2022-11-03,124.0448
FS-ELSS-005,2022-11-04,123.0175
FS-ELSS-005,2022-11-07,122.4848
FS-ELSS-005,2022-11-08,123.7693
FS-ELSS-005,2022-11-09,125.1579
FS-ELSS-005,2022-11-10,125.1710
FS-ELSS-005,2022-11-11,124.6830
FS-ELSS-005,2022-11-14,123.6978
FS-ELSS-005,2022-11-15,125.5061
FS-ELSS-005,2022-11-16,124.4974
FS-ELSS-005,2022-11-17,124.2264
FS-ELSS-005,2022-11-18,123.7757
FS-ELSS-005,2022-11-21,123.5137
FS-ELSS-005,2022-11-22,123.8471
FS-ELSS-005,2022-11-23,125.4735
FS-ELSS-005,2022-11-24,124.7516
FS-ELSS-005,2022-11-25,125.2835
FS-ELSS-005,2022-11-28,123.3239
FS-ELSS-005,2022-11-29,123.5804
FS-ELSS-005,2022-11-30,123.4565
FS-ELSS-005,2022-12-01,123.9420
FS-ELSS-005,2022-12-02,124.8890
FS-ELSS-005,2022-12-05,124.5892
FS-ELSS-005,2022-12-06,126.5793
FS-ELSS-005,2022-12-07,125.0792
FS-ELSS-005,2022-12-08,125.0392
FS-ELSS-005,2022-12-09,124.5419
FS-ELSS-005,2022-12-12,127.8653
FS-ELSS-005,2022-12-13,127.3322
FS-ELSS-005,2022-12-14,126.5057
FS-ELSS-005,2022-12-15,129.0019
FS-ELSS-005,2022-12-16,130.2321
FS-ELSS-005,2022-12-19,129.7750
FS-ELSS-005,2022-12-20,131.1577
FS-ELSS-005,2022-12-21,131.6009
FS-ELSS-005,2022-12-22,133.4653
FS-ELSS-005,2022-12-23,134.1030
FS-ELSS-005,2022-12-26,133.3929
FS-ELSS-005,2022-12-27,134.0114
FS-ELSS-005,2022-12-28,131.0087
FS-ELSS-005,2022-12-29,131.5803
FS-ELSS-005,2022-12-30,129.6553
FS-ELSS-005,2023-01-02,128.4977
FS-ELSS-005,2023-01-03,128.6960
FS-ELSS-005,2023-01-04,126.3338
FS-ELSS-005,2023-01-05,126.3785
FS-ELSS-005,2023-01-06,126.4468
FS-ELSS-005,2023-01-09,126.8237
FS-ELSS-005,2023-01-10,125.6043
FS-ELSS-005,2023-01-11,124.4540
FS-ELSS-005,2023-01-12,125.0310
FS-ELSS-005,2023-01-13,125.6155
FS-ELSS-005,2023-01-16,125.5103
FS-ELSS-005,2023-01-17,125.2230
FS-ELSS-005,2023-01-18,126.9484
FS-ELSS-005,2023-01-19,127.6582
FS-ELSS-005,2023-01-20,127.2233
FS-ELSS-005,2023-01-23,128.8699
FS-ELSS-005,2023-01-24,128.5370
FS-ELSS-005,2023-01-25,129.5161
FS-ELSS-005,2023-01-26,131.5065
FS-ELSS-005,2023-01-27,132.8240
FS-ELSS-005,2023-01-30,132.7776
FS-ELSS-005,2023-01-31,131.3481
FS-ELSS-005,2023-02-01,129.2952
FS-ELSS-005,2023-02-02,129.5918
FS-ELSS-005,2023-02-03,131.5462
FS-ELSS-005,2023-02-06,131.7067
FS-ELSS-005,2023-02-07,131.9605
FS-ELSS-005,2023-02-08,132.8847
FS-ELSS-005,2023-02-09,133.6619
FS-ELSS-005,2023-02-10,133.7489
FS-ELSS-005,2023-02-13,135.8501
FS-ELSS-005,2023-02-14,136.2660
FS-ELSS-005,2023-02-15,136.8460
FS-ELSS-005,2023-02-16,136.3802
FS-ELSS-005,2023-02-17,138.9324
FS-ELSS-005,2023-02-20,138.5894
FS-ELSS-005,2023-02-21,137.4245
FS-ELSS-005,2023-02-22,137.3440
FS-ELSS-005,2023-02-23,135.8066
FS-ELSS-005,2023-02-24,136.0919
FS-ELSS-005,2023-02-27,138.5734
FS-ELSS-005,2023-02-28,137.6891
FS-ELSS-005,2023-03-01,137.6444
FS-ELSS-005,2023-03-02,137.6591
FS-ELSS-005,2023-03-03,137.6096
FS-ELSS-005,2023-03-06,136.4694
FS-ELSS-005,2023-03-07,136.8875
FS-ELSS-005,2023-03-08,137.0210
FS-ELSS-005,2023-03-09,138.0738
FS-ELSS-005,2023-03-10,137.6923
FS-ELSS-005,2023-03-13,136.5092
FS-ELSS-005,2023-03-14,136.2234
FS-ELSS-005,2023-03-15,137.3346
FS-ELSS-005,2023-03-16,137.0094
FS-ELSS-005,2023-03-17,137.4347
FS-ELSS-005,2023-03-20,137.0766
FS-ELSS-005,2023-03-21,138.1979
FS-ELSS-005,2023-03-22,136.8381
FS-ELSS-005,2023-03-23,137.1203
FS-ELSS-005,2023-03-24,136.6923
FS-ELSS-005,2023-03-27,138.5684
FS-ELSS-005,2023-03-28,138.5482
FS-ELSS-005,2023-03-29,136.8742
FS-ELSS-005,2023-03-30,133.2408
FS-ELSS-005,2023-03-31,133.3013
FS-ELSS-005,2023-04-03,132.1019
FS-ELSS-005,2023-04-04,131.8878
FS-ELSS-005,2023-04-05,132.8945
FS-ELSS-005,2023-04-06,135.0260
FS-ELSS-005,2023-04-07,132.6399
FS-ELSS-005,2023-04-10,132.3756
FS-ELSS-005,2023-04-11,132.9168
FS-ELSS-005,2023-04-12,131.7095
FS-ELSS-005,2023-04-13,131.0882
FS-ELSS-005,2023-04-14,128.8331
FS-ELSS-005,2023-04-17,128.5217
FS-ELSS-005,2023-04-18,129.8516
FS-ELSS-005,2023-04-19,133.8463
FS-ELSS-005,2023-04-20,133.2679
FS-ELSS-005,2023-04-21,134.3207
FS-ELSS-005,2023-04-24,133.1557
FS-ELSS-005,2023-04-25,132.7488
FS-ELSS-005,2023-04-26,135.4300
FS-ELSS-005,2023-04-27,134.1714
FS-ELSS-005,2023-04-28,138.4915
FS-ELSS-005,2023-05-01,137.6119
FS-ELSS-005,2023-05-02,137.5220
FS-ELSS-005,2023-05-03,136.9604
FS-ELSS-005,2023-05-04,135.9416
FS-ELSS-005,2023-05-05,133.5549
FS-ELSS-005,2023-05-08,134.2716
FS-ELSS-005,2023-05-09,135.5206
FS-ELSS-005,2023-05-10,136.0747
FS-ELSS-005,2023-05-11,136.0263
FS-ELSS-005,2023-05-12,134.7790
FS-ELSS-005,2023-05-15,131.4243
FS-ELSS-005,2023-05-16,133.0601
FS-ELSS-005,2023-05-17,132.1220
FS-ELSS-005,2023-05-18,133.3023
FS-ELSS-005,2023-05-19,132.9416
FS-ELSS-005,2023-05-22,134.1438
FS-ELSS-005,2023-05-23,133.2799
FS-ELSS-005,2023-05-24,133.6671
FS-ELSS-005,2023-05-25,135.6340
FS-ELSS-005,2023-05-26,136.6023
FS-ELSS-005,2023-05-29,138.6230
FS-ELSS-005,2023-05-30,141.3029
FS-ELSS-005,2023-05-31,140.3935
FS-ELSS-005,2023-06-01,139.6999
FS-ELSS-005,2023-06-02,138.0098
FS-ELSS-005,2023-06-05,139.5540
FS-ELSS-005,2023-06-06,137.5048
FS-ELSS-005,2023-06-07,137.5312
FS-ELSS-005,2023-06-08,139.0757
FS-ELSS-005,2023-06-09,139.2683
FS-ELSS-005,2023-06-12,141.1014
FS-ELSS-005,2023-06-13,140.9776
FS-ELSS-005,2023-06-14,140.2569
FS-ELSS-005,2023-06-15,140.1800
FS-ELSS-005,2023-06-16,136.4457
FS-ELSS-005,2023-06-19,137.4238
FS-ELSS-005,2023-06-20,138.4352
FS-ELSS-005,2023-06-21,139.1963
FS-ELSS-005,2023-06-22,138.8735
FS-ELSS-005,2023-06-23,140.6724
FS-ELSS-005,2023-06-26,140.7609
FS-ELSS-005,2023-06-27,141.0108
FS-ELSS-005,2023-06-28,141.4230
FS-ELSS-005,2023-06-29,144.0851
FS-ELSS-005,2023-06-30,144.0821
FS-ELSS-005,2023-07-03,146.5017
FS-ELSS-005,2023-07-04,147.1606
FS-ELSS-005,2023-07-05,147.1547
FS-ELSS-005,2023-07-06,148.0803
FS-ELSS-005,2023-07-07,149.3201
FS-ELSS-005,2023-07-10,149.6379
FS-ELSS-005,2023-07-11,151.2099
FS-ELSS-005,2023-07-12,151.2560
FS-ELSS-005,2023-07-13,152.1089
FS-ELSS-005,2023-07-14,153.3829
FS-ELSS-005,2023-07-17,155.7747
FS-ELSS-005,2023-07-18,155.7797
FS-ELSS-005,2023-07-19,156.9203
FS-ELSS-005,2023-07-20,155.1704
FS-ELSS-005,2023-07-21,154.1078
FS-ELSS-005,2023-07-24,154.2330
FS-ELSS-005,2023-07-25,155.7451
FS-ELSS-005,2023-07-26,155.5839
FS-ELSS-005,2023-07-27,157.9125
FS-ELSS-005,2023-07-28,158.5310
FS-ELSS-005,2023-07-31,158.8725
FS-ELSS-005,2023-08-01,160.3887
FS-ELSS-005,2023-08-02,160.4578
FS-ELSS-005,2023-08-03,160.0828
FS-ELSS-005,2023-08-04,159.0894
FS-ELSS-005,2023-08-07,158.5562
FS-ELSS-005,2023-08-08,156.9372
FS-ELSS-005,2023-08-09,158.0507
FS-ELSS-005,2023-08-10,158.3929
FS-ELSS-005,2023-08-11,155.5712
FS-ELSS-005,2023-08-14,155.3747
FS-ELSS-005,2023-08-15,156.3368
FS-ELSS-005,2023-08-16,158.1142
FS-ELSS-005,2023-08-17,160.0079
FS-ELSS-005,2023-08-18,160.8993
FS-ELSS-005,2023-08-21,161.1381
FS-ELSS-005,2023-08-22,161.5551
FS-ELSS-005,2023-08-23,162.2308
FS-ELSS-005,2023-08-24,161.6691
FS-ELSS-005,2023-08-25,162.2234
FS-ELSS-005,2023-08-28,162.5934
FS-ELSS-005,2023-08-29,164.1221
FS-ELSS-005,2023-08-30,162.9544
FS-ELSS-005,2023-08-31,162.7186
FS-ELSS-005,2023-09-01,162.0867
FS-ELSS-005,2023-09-04,163.3751
FS-ELSS-005,2023-09-05,163.1585
FS-ELSS-005,2023-09-06,164.8489
FS-ELSS-005,2023-09-07,163.5171
FS-ELSS-005,2023-09-08,163.1866
FS-ELSS-005,2023-09-11,160.4455
FS-ELSS-005,2023-09-12,161.4301
FS-ELSS-005,2023-09-13,160.4469
FS-ELSS-005,2023-09-14,161.6418
FS-ELSS-005,2023-09-15,159.0026
FS-ELSS-005,2023-09-18,156.6115
FS-ELSS-005,2023-09-19,154.9678
FS-ELSS-005,2023-09-20,155.7449
FS-ELSS-005,2023-09-21,153.5299
FS-ELSS-005,2023-09-22,153.0916
FS-ELSS-005,2023-09-25,154.0526
FS-ELSS-005,2023-09-26,153.5129
FS-ELSS-005,2023-09-27,153.5348
FS-ELSS-005,2023-09-28,153.1540
FS-ELSS-005,2023-09-29,153.8294
FS-ELSS-005,2023-10-02,153.3087
FS-ELSS-005,2023-10-03,153.2930
FS-ELSS-005,2023-10-04,152.4816
FS-ELSS-005,2023-10-05,153.3677
FS-ELSS-005,2023-10-06,152.9644
FS-ELSS-005,2023-10-09,151.8033
FS-ELSS-005,2023-10-10,150.9498
FS-ELSS-005,2023-10-11,151.3558
FS-ELSS-005,2023-10-12,151.1039
FS-ELSS-005,2023-10-13,150.1844
FS-ELSS-005,2023-10-16,149.9136
FS-ELSS-005,2023-10-17,149.5464
FS-ELSS-005,2023-10-18,149.6630
FS-ELSS-005,2023-10-19,149.9895
FS-ELSS-005,2023-10-20,148.7495
FS-ELSS-005,2023-10-23,148.5431
FS-ELSS-005,2023-10-24,149.7898
FS-ELSS-005,2023-10-25,151.7022
FS-ELSS-005,2023-10-26,151.4502
FS-ELSS-005,2023-10-27,151.0808
FS-ELSS-005,2023-10-30,151.7306
FS-ELSS-005,2023-10-31,152.2212
FS-ELSS-005,2023-11-01,152.4100
FS-ELSS-005,2023-11-02,153.3918
FS-ELSS-005,2023-11-03,153.8850
FS-ELSS-005,2023-11-06,153.7493
FS-ELSS-005,2023-11-07,153.1231
FS-ELSS-005,2023-11-08,153.7993
FS-ELSS-005,2023-11-09,154.5776
FS-ELSS-005,2023-11-10,154.2995
FS-ELSS-005,2023-11-13,155.6206
FS-ELSS-005,2023-11-14,156.5889
FS-ELSS-005,2023-11-15,156.0062
FS-ELSS-005,2023-11-16,154.6327
FS-ELSS-005,2023-11-17,153.7477
FS-ELSS-005,2023-11-20,153.7747
FS-ELSS-005,2023-11-21,153.2739
FS-ELSS-005,2023-11-22,151.6270
FS-ELSS-005,2023-11-23,152.0546
FS-ELSS-005,2023-11-24,149.8173
FS-ELSS-005,2023-11-27,148.0149
FS-ELSS-005,2023-11-28,147.8588
FS-ELSS-005,2023-11-29,147.7094
FS-ELSS-005,2023-11-30,147.8101
FS-ELSS-005,2023-12-01,147.8278
FS-ELSS-005,2023-12-04,148.6530
FS-ELSS-005,2023-12-05,149.1414
FS-ELSS-005,2023-12-06,150.3491
FS-ELSS-005,2023-12-07,150.5595
FS-ELSS-005,2023-12-08,150.7285
FS-ELSS-005,2023-12-11,150.5374
FS-ELSS-005,2023-12-12,150.8312
FS-ELSS-005,2023-12-13,148.4631
FS-ELSS-005,2023-12-14,150.0715
FS-ELSS-005,2023-12-15,151.4942
FS-ELSS-005,2023-12-18,152.7827
FS-ELSS-005,2023-12-19,153.0637
FS-ELSS-005,2023-12-20,155.4806
FS-ELSS-005,2023-12-21,156.5244
FS-ELSS-005,2023-12-22,156.9429
FS-ELSS-005,2023-12-25,156.5333
FS-ELSS-005,2023-12-26,155.8620
FS-ELSS-005,2023-12-27,157.3257
FS-ELSS-005,2023-12-28,155.5273
FS-ELSS-005,2023-12-29,153.7497
FS-ELSS-005,2024-01-01,156.5869
FS-ELSS-005,2024-01-02,158.8695
FS-ELSS-005,2024-01-03,158.7656
FS-ELSS-005,2024-01-04,160.7590
FS-ELSS-005,2024-01-05,161.5190
FS-ELSS-005,2024-01-08,156.7198
FS-ELSS-005,2024-01-09,157.4690
FS-ELSS-005,2024-01-10,158.5192
FS-ELSS-005,2024-01-11,158.7412
FS-ELSS-005,2024-01-12,158.4458
FS-ELSS-005,2024-01-15,159.0038
FS-ELSS-005,2024-01-16,158.7998
FS-ELSS-005,2024-01-17,158.0551
FS-ELSS-005,2024-01-18,157.4172
FS-ELSS-005,2024-01-19,159.9152
FS-ELSS-005,2024-01-22,161.0068
FS-ELSS-005,2024-01-23,159.9835
FS-ELSS-005,2024-01-24,158.4709
FS-ELSS-005,2024-01-25,158.8862
FS-ELSS-005,2024-01-26,158.1681
FS-ELSS-005,2024-01-29,158.0070
FS-ELSS-005,2024-01-30,161.7854
FS-ELSS-005,2024-01-31,163.6592
FS-ELSS-005,2024-02-01,165.1095
FS-ELSS-005,2024-02-02,162.9308
FS-ELSS-005,2024-02-05,165.3287
FS-ELSS-005,2024-02-06,164.0835
FS-ELSS-005,2024-02-07,165.0227
FS-ELSS-005,2024-02-08,165.2693
FS-ELSS-005,2024-02-09,164.6069
FS-ELSS-005,2024-02-12,164.9435
FS-ELSS-005,2024-02-13,164.9225
FS-ELSS-005,2024-02-14,165.4522
FS-ELSS-005,2024-02-15,164.5955
FS-ELSS-005,2024-02-16,165.1493
FS-ELSS-005,2024-02-19,166.5873
FS-ELSS-005,2024-02-20,166.0163
FS-ELSS-005,2024-02-21,164.9655
FS-ELSS-005,2024-02-22,165.1350
FS-ELSS-005,2024-02-23,169.2424
FS-ELSS-005,2024-02-26,171.3088
FS-ELSS-005,2024-02-27,171.3034
FS-ELSS-005,2024-02-28,171.5946
FS-ELSS-005,2024-02-29,170.6706
FS-ELSS-005,2024-03-01,171.2201
FS-ELSS-005,2024-03-04,170.5735
FS-ELSS-005,2024-03-05,170.5762
FS-ELSS-005,2024-03-06,170.3067
FS-ELSS-005,2024-03-07,172.3079
FS-ELSS-005,2024-03-08,170.7469
FS-ELSS-005,2024-03-11,173.1333
FS-ELSS-005,2024-03-12,171.1668
FS-ELSS-005,2024-03-13,172.1687
FS-ELSS-005,2024-03-14,171.5621
FS-ELSS-005,2024-03-15,171.3845
FS-ELSS-005,2024-03-18,168.3498
FS-ELSS-005,2024-03-19,169.1501
FS-ELSS-005,2024-03-20,171.4889
FS-ELSS-005,2024-03-21,167.8089
FS-ELSS-005,2024-03-22,166.3397
FS-ELSS-005,2024-03-25,168.2703
FS-ELSS-005,2024-03-26,168.7060
FS-ELSS-005,2024-03-27,168.1527
FS-ELSS-005,2024-03-28,170.1951
FS-ELSS-005,2024-03-29,172.0091
FS-ELSS-005,2024-04-01,170.7000
FS-ELSS-005,2024-04-02,170.9429
FS-ELSS-005,2024-04-03,169.1995
FS-ELSS-005,2024-04-04,169.1440
FS-ELSS-005,2024-04-05,167.7756
FS-ELSS-005,2024-04-08,168.0063
FS-ELSS-005,2024-04-09,168.3619
FS-ELSS-005,2024-04-10,169.5262
FS-ELSS-005,2024-04-11,171.7578
FS-ELSS-005,2024-04-12,172.0052
FS-ELSS-005,2024-04-15,173.0078
FS-ELSS-005,2024-04-16,172.9056
FS-ELSS-005,2024-04-17,170.8994
FS-ELSS-005,2024-04-18,172.1777
FS-ELSS-005,2024-04-19,172.8321
FS-ELSS-005,2024-04-22,174.0391
FS-ELSS-005,2024-04-23,172.0997
FS-ELSS-005,2024-04-24,172.6197
FS-ELSS-005,2024-04-25,172.0474
FS-ELSS-005,2024-04-26,172.9944
FS-ELSS-005,2024-04-29,173.6443
FS-ELSS-005,2024-04-30,173.4681
FS-ELSS-005,2024-05-01,170.5913
FS-ELSS-005,2024-05-02,171.1622
FS-ELSS-005,2024-05-03,171.5767
FS-ELSS-005,2024-05-06,171.8723
FS-ELSS-005,2024-05-07,171.7051
FS-ELSS-005,2024-05-08,172.1746
FS-ELSS-005,2024-05-09,173.7733
FS-ELSS-005,2024-05-10,172.5834
FS-ELSS-005,2024-05-13,171.3656
FS-ELSS-005,2024-05-14,172.0241
FS-ELSS-005,2024-05-15,170.2922
FS-ELSS-005,2024-05-16,169.0864
FS-ELSS-005,2024-05-17,168.1703
FS-ELSS-005,2024-05-20,169.1748
FS-ELSS-005,2024-05-21,169.6349
FS-ELSS-005,2024-05-22,168.0986
FS-ELSS-005,2024-05-23,169.0982
FS-ELSS-005,2024-05-24,170.7313
FS-ELSS-005,2024-05-27,171.0019
FS-ELSS-005,2024-05-28,172.5627
FS-ELSS-005,2024-05-29,170.2775
FS-ELSS-005,2024-05-30,167.2524
FS-ELSS-005,2024-05-31,165.8800
FS-ELSS-005,2024-06-03,168.2970
FS-ELSS-005,2024-06-04,158.9297
FS-ELSS-005,2024-06-05,167.5716
FS-ELSS-005,2024-06-06,165.3832
FS-ELSS-005,2024-06-07,172.5830
FS-ELSS-005,2024-06-10,173.9482
FS-ELSS-005,2024-06-11,176.2749
FS-ELSS-005,2024-06-12,174.4918
FS-ELSS-005,2024-06-13,179.7792
FS-ELSS-005,2024-06-14,176.7004
FS-ELSS-005,2024-06-17,178.2916
FS-ELSS-005,2024-06-18,177.2239
FS-ELSS-005,2024-06-19,179.0365
FS-ELSS-005,2024-06-20,182.6731
FS-ELSS-005,2024-06-21,180.2361
FS-ELSS-005,2024-06-24,176.2296
FS-ELSS-005,2024-06-25,176.3138
FS-ELSS-005,2024-06-26,173.2727
FS-ELSS-005,2024-06-27,171.5183
FS-ELSS-005,2024-06-28,179.0019
FS-ELSS-005,2024-07-01,178.2886
FS-ELSS-005,2024-07-02,178.8272
FS-ELSS-005,2024-07-03,178.2436
FS-ELSS-005,2024-07-04,176.3797
FS-ELSS-005,2024-07-05,177.3408
FS-ELSS-005,2024-07-08,174.9857
FS-ELSS-005,2024-07-09,175.9413
FS-ELSS-005,2024-07-10,176.1542
FS-ELSS-005,2024-07-11,178.6917
FS-ELSS-005,2024-07-12,179.5519
FS-ELSS-005,2024-07-15,179.1324
FS-ELSS-005,2024-07-16,178.3637
FS-ELSS-005,2024-07-17,179.0108
FS-ELSS-005,2024-07-18,179.6895
FS-ELSS-005,2024-07-19,179.5485
FS-ELSS-005,2024-07-22,179.4465
FS-ELSS-005,2024-07-23,178.4240
FS-ELSS-005,2024-07-24,181.2193
FS-ELSS-005,2024-07-25,182.4028
FS-ELSS-005,2024-07-26,184.5464
FS-ELSS-005,2024-07-29,188.4938
FS-ELSS-005,2024-07-30,185.4826
FS-ELSS-005,2024-07-31,184.8075
FS-ELSS-005,2024-08-01,185.1084
FS-ELSS-005,2024-08-02,184.2480
FS-ELSS-005,2024-08-05,184.3626
FS-ELSS-005,2024-08-06,184.7388
FS-ELSS-005,2024-08-07,183.2187
FS-ELSS-005,2024-08-08,182.6460
FS-ELSS-005,2024-08-09,183.3724
FS-ELSS-005,2024-08-12,185.2596
FS-ELSS-005,2024-08-13,187.0355
FS-ELSS-005,2024-08-14,187.8094
FS-ELSS-005,2024-08-15,187.9608
FS-ELSS-005,2024-08-16,188.3210
FS-ELSS-005,2024-08-19,188.8303
FS-ELSS-005,2024-08-20,189.2553
FS-ELSS-005,2024-08-21,190.6587
FS-ELSS-005,2024-08-22,189.5757
FS-ELSS-005,2024-08-23,190.4635
FS-ELSS-005,2024-08-26,190.5237
FS-ELSS-005,2024-08-27,191.6917
FS-ELSS-005,2024-08-28,192.2024
FS-ELSS-005,2024-08-29,192.9611
FS-ELSS-005,2024-08-30,193.1545
FS-ELSS-005,2024-09-02,191.5044
FS-ELSS-005,2024-09-03,191.3133
FS-ELSS-005,2024-09-04,191.0634
FS-ELSS-005,2024-09-05,191.6134
FS-ELSS-005,2024-09-06,186.5632
FS-ELSS-005,2024-09-09,187.5755
FS-ELSS-005,2024-09-10,186.4189
FS-ELSS-005,2024-09-11,186.2189
FS-ELSS-005,2024-09-12,186.4460
FS-ELSS-005,2024-09-13,185.7576
FS-ELSS-005,2024-09-16,187.9310
FS-ELSS-005,2024-09-17,185.2951
FS-ELSS-005,2024-09-18,184.9951
FS-ELSS-005,2024-09-19,183.5053
FS-ELSS-005,2024-09-20,184.1721
FS-ELSS-005,2024-09-23,182.4395
FS-ELSS-005,2024-09-24,180.5719
FS-ELSS-005,2024-09-25,178.2598
FS-ELSS-005,2024-09-26,175.5457
FS-ELSS-005,2024-09-27,175.7379
FS-ELSS-005,2024-09-30,175.2846
FS-ELSS-005,2024-10-01,175.9148
FS-ELSS-005,2024-10-02,176.9259
FS-ELSS-005,2024-10-03,177.1321
FS-ELSS-005,2024-10-04,176.4494
FS-ELSS-005,2024-10-07,175.3011
FS-ELSS-005,2024-10-08,175.7524
FS-ELSS-005,2024-10-09,174.8972
FS-ELSS-005,2024-10-10,174.7800
FS-ELSS-005,2024-10-11,175.2089
FS-ELSS-005,2024-10-14,175.7181
FS-ELSS-005,2024-10-15,172.7301
FS-ELSS-005,2024-10-16,176.2265
FS-ELSS-005,2024-10-17,177.1613
FS-ELSS-005,2024-10-18,178.5610
FS-ELSS-005,2024-10-21,176.3654
FS-ELSS-005,2024-10-22,175.7082
FS-ELSS-005,2024-10-23,176.0440
FS-ELSS-005,2024-10-24,174.2075
FS-ELSS-005,2024-10-25,174.3498
FS-ELSS-005,2024-10-28,176.2104
FS-ELSS-005,2024-10-29,177.5702
FS-ELSS-005,2024-10-30,178.4915
FS-ELSS-005,2024-10-31,177.9406
FS-ELSS-005,2024-11-01,178.0314
FS-ELSS-005,2024-11-04,178.4623
FS-ELSS-005,2024-11-05,176.9315
FS-ELSS-005,2024-11-06,176.1898
FS-ELSS-005,2024-11-07,177.3436
FS-ELSS-005,2024-11-08,179.6337
FS-ELSS-005,2024-11-11,182.3929
FS-ELSS-005,2024-11-12,182.3427
FS-ELSS-005,2024-11-13,182.8231
FS-ELSS-005,2024-11-14,180.5326
FS-ELSS-005,2024-11-15,179.4315
FS-ELSS-005,2024-11-18,180.5935
FS-ELSS-005,2024-11-19,181.7942
FS-ELSS-005,2024-11-20,179.9556
FS-ELSS-005,2024-11-21,180.8819
FS-ELSS-005,2024-11-22,180.5955
FS-ELSS-005,2024-11-25,180.3460
FS-ELSS-005,2024-11-26,180.6672
FS-ELSS-005,2024-11-27,180.2793
FS-ELSS-005,2024-11-28,183.2729
FS-ELSS-005,2024-11-29,183.9018
FS-ELSS-005,2024-12-02,186.6404
FS-ELSS-005,2024-12-03,186.3107
FS-ELSS-005,2024-12-04,185.9834
FS-ELSS-005,2024-12-05,187.2790
FS-ELSS-005,2024-12-06,188.6471
FS-ELSS-005,2024-12-09,189.8291
FS-ELSS-005,2024-12-10,189.2723
FS-ELSS-005,2024-12-11,190.0608
FS-ELSS-005,2024-12-12,192.1664
FS-ELSS-005,2024-12-13,190.1181
FS-ELSS-005,2024-12-16,189.0972
FS-ELSS-005,2024-12-17,184.8966
FS-ELSS-005,2024-12-18,184.0634
FS-ELSS-005,2024-12-19,183.4704
FS-ELSS-005,2024-12-20,182.5525
FS-ELSS-005,2024-12-23,181.2229
FS-ELSS-005,2024-12-24,181.1973
FS-ELSS-005,2024-12-25,181.5891
FS-ELSS-005,2024-12-26,181.8368
FS-ELSS-005,2024-12-27,183.4060
FS-ELSS-005,2024-12-30,183.6723
FS-ELSS-005,2024-12-31,184.5485
FS-ELSS-005,2025-01-01,187.4225
FS-ELSS-005,2025-01-02,187.9649
FS-ELSS-005,2025-01-03,187.0498
FS-ELSS-005,2025-01-06,188.7929
FS-ELSS-005,2025-01-07,189.1596
FS-ELSS-005,2025-01-08,189.0028
FS-ELSS-005,2025-01-09,190.2834
FS-ELSS-005,2025-01-10,190.6098
FS-ELSS-005,2025-01-13,191.2982
FS-ELSS-005,2025-01-14,189.6626
FS-ELSS-005,2025-01-15,192.6341
FS-ELSS-005,2025-01-16,193.5657
FS-ELSS-005,2025-01-17,191.8111
FS-ELSS-005,2025-01-20,193.3411
FS-ELSS-005,2025-01-21,194.9198
FS-ELSS-005,2025-01-22,195.3256
FS-ELSS-005,2025-01-23,197.5978
FS-ELSS-005,2025-01-24,195.5408
FS-ELSS-005,2025-01-27,195.8509
FS-ELSS-005,2025-01-28,197.0333
FS-ELSS-005,2025-01-29,196.6942
FS-ELSS-005,2025-01-30,195.3867
FS-ELSS-005,2025-01-31,196.3592
FS-ELSS-005,2025-02-03,198.0733
FS-ELSS-005,2025-02-04,196.3955
FS-ELSS-005,2025-02-05,195.5839
FS-ELSS-005,2025-02-06,192.7396
FS-ELSS-005,2025-02-07,204.2228
FS-ELSS-005,2025-02-10,205.7145
FS-ELSS-005,2025-02-11,207.5298
FS-ELSS-005,2025-02-12,209.8859
FS-ELSS-005,2025-02-13,210.4189
FS-ELSS-005,2025-02-14,214.8475
FS-ELSS-005,2025-02-17,214.9207
FS-ELSS-005,2025-02-18,215.3854
FS-ELSS-005,2025-02-19,217.7790
FS-ELSS-005,2025-02-20,219.9899
FS-ELSS-005,2025-02-21,221.1475
FS-ELSS-005,2025-02-24,221.4612
FS-ELSS-005,2025-02-25,220.9887
FS-ELSS-005,2025-02-26,221.1470
FS-ELSS-005,2025-02-27,219.2182
FS-ELSS-005,2025-02-28,219.4838
FS-ELSS-005,2025-03-03,221.6353
FS-ELSS-005,2025-03-04,223.4226
FS-ELSS-005,2025-03-05,222.2628
FS-ELSS-005,2025-03-06,220.9552
FS-ELSS-005,2025-03-07,220.0746
FS-ELSS-005,2025-03-10,219.0782
FS-ELSS-005,2025-03-11,219.4435
FS-ELSS-005,2025-03-12,221.9856
FS-ELSS-005,2025-03-13,220.0623
FS-ELSS-005,2025-03-14,222.4580
FS-ELSS-005,2025-03-17,222.3663
FS-ELSS-005,2025-03-18,220.7349
FS-ELSS-005,2025-03-19,221.5425
FS-ELSS-005,2025-03-20,225.4068
FS-ELSS-005,2025-03-21,223.5466
FS-ELSS-005,2025-03-24,220.1400
FS-ELSS-005,2025-03-25,219.9131
FS-ELSS-005,2025-03-26,220.6245
FS-ELSS-005,2025-03-27,221.6873
FS-ELSS-005,2025-03-28,220.6488
FS-ELSS-005,2025-03-31,219.8320
FS-ELSS-005,2025-04-01,219.5780
FS-ELSS-005,2025-04-02,219.2399
FS-ELSS-005,2025-04-03,227.0881
FS-ELSS-005,2025-04-04,225.8917
FS-ELSS-005,2025-04-07,223.4703
FS-ELSS-005,2025-04-08,223.9867
FS-ELSS-005,2025-04-09,223.6682
FS-ELSS-005,2025-04-10,220.4594
FS-ELSS-005,2025-04-11,221.0171
FS-ELSS-005,2025-04-14,219.6093
FS-ELSS-005,2025-04-15,216.4344
FS-ELSS-005,2025-04-16,217.0133
FS-ELSS-005,2025-04-17,217.7421
FS-ELSS-005,2025-04-18,218.8542
FS-ELSS-005,2025-04-21,217.2201
FS-ELSS-005,2025-04-22,217.7318
FS-ELSS-005,2025-04-23,218.5233
FS-ELSS-005,2025-04-24,217.1782
FS-ELSS-005,2025-04-25,216.0313
FS-ELSS-005,2025-04-28,216.7194
FS-ELSS-005,2025-04-29,215.8857
FS-ELSS-005,2025-04-30,216.3955
FS-ELSS-005,2025-05-01,215.7610
FS-ELSS-005,2025-05-02,214.5200
FS-ELSS-005,2025-05-05,216.1169
FS-ELSS-005,2025-05-06,213.2760
FS-ELSS-005,2025-05-07,213.5557
FS-ELSS-005,2025-05-08,213.6120
FS-ELSS-005,2025-05-09,214.2841
FS-ELSS-005,2025-05-12,210.8626
FS-ELSS-005,2025-05-13,207.9841
FS-ELSS-005,2025-05-14,207.4027
FS-ELSS-005,2025-05-15,206.9358
FS-ELSS-005,2025-05-16,206.2759
FS-ELSS-005,2025-05-19,204.3079
FS-ELSS-005,2025-05-20,205.8259
FS-ELSS-005,2025-05-21,208.3855
FS-ELSS-005,2025-05-22,206.9249
FS-ELSS-005,2025-05-23,207.7582
FS-ELSS-005,2025-05-26,206.8752
FS-ELSS-005,2025-05-27,206.8037
FS-ELSS-005,2025-05-28,208.2645
FS-ELSS-005,2025-05-29,211.1975
FS-ELSS-005,2025-05-30,215.7619
FS-ELSS-005,2025-06-02,217.7425
FS-ELSS-005,2025-06-03,217.3518
FS-ELSS-005,2025-06-04,218.3221
FS-ELSS-005,2025-06-05,215.4339
FS-ELSS-005,2025-06-06,215.5610
FS-ELSS-005,2025-06-09,215.9268
FS-ELSS-005,2025-06-10,217.7517
FS-ELSS-005,2025-06-11,218.8627
FS-ELSS-005,2025-06-12,218.3546
FS-ELSS-005,2025-06-13,217.4623
FS-ELSS-005,2025-06-16,216.5850
FS-ELSS-005,2025-06-17,215.5072
FS-ELSS-005,2025-06-18,215.6212
FS-ELSS-005,2025-06-19,215.2367
FS-ELSS-005,2025-06-20,216.9749
FS-ELSS-005,2025-06-23,217.1132
FS-ELSS-005,2025-06-24,214.8729
FS-ELSS-005,2025-06-25,213.3521
FS-ELSS-005,2025-06-26,214.6965
FS-ELSS-005,2025-06-27,214.9534
FS-ELSS-005,2025-06-30,217.2814
FS-ELSS-005,2025-07-01,218.3588
FS-ELSS-005,2025-07-02,220.0982
FS-ELSS-005,2025-07-03,221.2343
FS-ELSS-005,2025-07-04,223.1913
FS-ELSS-005,2025-07-07,222.0624
FS-ELSS-005,2025-07-08,219.9404
FS-ELSS-005,2025-07-09,224.8666
FS-ELSS-005,2025-07-10,227.0824
FS-ELSS-005,2025-07-11,228.4426
FS-ELSS-005,2025-07-14,224.4782
FS-ELSS-005,2025-07-15,225.2671
FS-ELSS-005,2025-07-16,226.6689
FS-ELSS-005,2025-07-17,223.2531
FS-ELSS-005,2025-07-18,223.3182
FS-ELSS-005,2025-07-21,220.9127
FS-ELSS-005,2025-07-22,220.1949
FS-ELSS-005,2025-07-23,221.3076
FS-ELSS-005,2025-07-24,219.5982
FS-ELSS-005,2025-07-25,220.0478
FS-ELSS-005,2025-07-28,219.1236
FS-ELSS-005,2025-07-29,221.6720
FS-ELSS-005,2025-07-30,221.4034
FS-ELSS-005,2025-07-31,222.2448
FS-ELSS-005,2025-08-01,222.6185
FS-ELSS-005,2025-08-04,221.6964
FS-ELSS-005,2025-08-05,221.1202
FS-ELSS-005,2025-08-06,221.3422
FS-ELSS-005,2025-08-07,221.0103
FS-ELSS-005,2025-08-08,221.1588
FS-ELSS-005,2025-08-11,219.1916
FS-ELSS-005,2025-08-12,218.7169
FS-ELSS-005,2025-08-13,220.0197
FS-ELSS-005,2025-08-14,221.8327
FS-ELSS-005,2025-08-15,221.7198
FS-ELSS-005,2025-08-18,220.1268
FS-ELSS-005,2025-08-19,222.7919
FS-ELSS-005,2025-08-20,223.2125
FS-ELSS-005,2025-08-21,220.8588
FS-ELSS-005,2025-08-22,219.5409
FS-ELSS-005,2025-08-25,220.2763
FS-ELSS-005,2025-08-26,222.2161
FS-ELSS-005,2025-08-27,222.7427
FS-ELSS-005,2025-08-28,227.9497
FS-ELSS-005,2025-08-29,226.6089
FS-ELSS-005,2025-09-01,224.0292
FS-ELSS-005,2025-09-02,223.6368
FS-ELSS-005,2025-09-03,223.4913
FS-ELSS-005,2025-09-04,226.3682
FS-ELSS-005,2025-09-05,226.7161
FS-ELSS-005,2025-09-08,226.1585
FS-ELSS-005,2025-09-09,223.9024
FS-ELSS-005,2025-09-10,223.0686
FS-ELSS-005,2025-09-11,223.1927
FS-ELSS-005,2025-09-12,223.1821
FS-ELSS-005,2025-09-15,224.2541
FS-ELSS-005,2025-09-16,221.8642
FS-ELSS-005,2025-09-17,221.6889
FS-ELSS-005,2025-09-18,221.9952
FS-ELSS-005,2025-09-19,221.7802
FS-ELSS-005,2025-09-22,207.8485
FS-ELSS-005,2025-09-23,208.3491
FS-ELSS-005,2025-09-24,209.1754
FS-ELSS-005,2025-09-25,207.3464
FS-ELSS-005,2025-09-26,207.2246
FS-ELSS-005,2025-09-29,207.6001
FS-ELSS-005,2025-09-30,211.1647
FS-ELSS-005,2025-10-01,213.4469
FS-ELSS-005,2025-10-02,215.4237
FS-ELSS-005,2025-10-03,214.2151
FS-ELSS-005,2025-10-06,214.7300
FS-ELSS-005,2025-10-07,215.5318
FS-ELSS-005,2025-10-08,215.9685
FS-ELSS-005,2025-10-09,215.0052
FS-ELSS-005,2025-10-10,214.8347
FS-ELSS-005,2025-10-13,213.7685
FS-ELSS-005,2025-10-14,214.7720
FS-ELSS-005,2025-10-15,216.6107
FS-ELSS-005,2025-10-16,217.5365
FS-ELSS-005,2025-10-17,219.4151
FS-ELSS-005,2025-10-20,217.6010
FS-ELSS-005,2025-10-21,214.1322
FS-ELSS-005,2025-10-22,211.0364
FS-ELSS-005,2025-10-23,208.7345
FS-ELSS-005,2025-10-24,207.5474
FS-ELSS-005,2025-10-27,208.8916
FS-ELSS-005,2025-10-28,207.7049
FS-ELSS-005,2025-10-29,209.5732
FS-ELSS-005,2025-10-30,209.6048
FS-ELSS-005,2025-10-31,207.6205
FS-ELSS-005,2025-11-03,208.2365
FS-ELSS-005,2025-11-04,209.6940
FS-ELSS-005,2025-11-05,210.6120
FS-ELSS-005,2025-11-06,213.7527
FS-ELSS-005,2025-11-07,214.1105
FS-ELSS-005,2025-11-10,213.0517
FS-ELSS-005,2025-11-11,211.6787
FS-ELSS-005,2025-11-12,213.4830
FS-ELSS-005,2025-11-13,213.2515
FS-ELSS-005,2025-11-14,213.3386
FS-ELSS-005,2025-11-17,216.3680
FS-ELSS-005,2025-11-18,219.1537
FS-ELSS-005,2025-11-19,219.1995
FS-ELSS-005,2025-11-20,215.9006
FS-ELSS-005,2025-11-21,213.8890
FS-ELSS-005,2025-11-24,210.6689
FS-ELSS-005,2025-11-25,210.5359
FS-ELSS-005,2025-11-26,213.5936
FS-ELSS-005,2025-11-27,212.8710
FS-ELSS-005,2025-11-28,214.1802
FS-ELSS-005,2025-12-01,218.7880
FS-ELSS-005,2025-12-02,218.6286
FS-ELSS-005,2025-12-03,216.4318
FS-ELSS-005,2025-12-04,215.4549
FS-ELSS-005,2025-12-05,215.5389
FS-ELSS-005,2025-12-08,215.1686
FS-ELSS-005,2025-12-09,216.3312
FS-ELSS-005,2025-12-10,216.4918
FS-ELSS-005,2025-12-11,214.9843
FS-ELSS-005,2025-12-12,215.3888
FS-ELSS-005,2025-12-15,213.3790
FS-ELSS-005,2025-12-16,212.8112
FS-ELSS-005,2025-12-17,211.3501
FS-ELSS-005,2025-12-18,212.5272
FS-ELSS-005,2025-12-19,211.2381
FS-ELSS-005,2025-12-22,211.3413
FS-ELSS-005,2025-12-23,214.1936
FS-ELSS-005,2025-12-24,214.9033
FS-ELSS-005,2025-12-25,214.2269
FS-ELSS-005,2025-12-26,215.0680
FS-ELSS-005,2025-12-29,215.6777
FS-ELSS-005,2025-12-30,214.9202
FS-ELSS-005,2025-12-31,215.3663
FS-ELSS-005,2026-01-01,215.9333
FS-ELSS-005,2026-01-02,217.2854
FS-ELSS-005,2026-01-05,216.6166
FS-ELSS-005,2026-01-06,213.7788
FS-ELSS-005,2026-01-07,212.8245
FS-ELSS-005,2026-01-08,212.3926
FS-ELSS-005,2026-01-09,213.0050
FS-ELSS-005,2026-01-12,214.2998
FS-ELSS-005,2026-01-13,212.5893
FS-ELSS-005,2026-01-14,222.0172
FS-ELSS-005,2026-01-15,214.8551
FS-ELSS-005,2026-01-16,214.6067
FS-ELSS-005,2026-01-19,214.2848
FS-ELSS-005,2026-01-20,217.8224
FS-ELSS-005,2026-01-21,220.0852
FS-ELSS-005,2026-01-22,224.9337
FS-ELSS-005,2026-01-23,226.2339
FS-ELSS-005,2026-01-26,229.4082
FS-ELSS-005,2026-01-27,227.8686
FS-ELSS-005,2026-01-28,227.8332
FS-ELSS-005,2026-01-29,226.7186
FS-ELSS-005,2026-01-30,224.4885
FS-ELSS-005,2026-02-02,226.9314
FS-ELSS-005,2026-02-03,228.5077
FS-ELSS-005,2026-02-04,225.1599
FS-ELSS-005,2026-02-05,229.2585
FS-ELSS-005,2026-02-06,232.6003
FS-ELSS-005,2026-02-09,232.5080
FS-ELSS-005,2026-02-10,236.1411
FS-ELSS-005,2026-02-11,236.7093
FS-ELSS-005,2026-02-12,236.2081
FS-ELSS-005,2026-02-13,233.8154
FS-ELSS-005,2026-02-16,233.3089
FS-ELSS-005,2026-02-17,231.0893
FS-ELSS-005,2026-02-18,230.8629
FS-ELSS-005,2026-02-19,233.2835
FS-ELSS-005,2026-02-20,227.1501
FS-ELSS-005,2026-02-23,225.7208
FS-ELSS-005,2026-02-24,228.9768
FS-ELSS-005,2026-02-25,230.9980
FS-ELSS-005,2026-02-26,231.0779
FS-ELSS-005,2026-02-27,230.2045
FS-ELSS-005,2026-03-02,235.2643
FS-ELSS-005,2026-03-03,231.7600
FS-ELSS-005,2026-03-04,235.9519
FS-ELSS-005,2026-03-05,234.9959
FS-ELSS-005,2026-03-06,235.7402
FS-ELSS-005,2026-03-09,233.9099
FS-ELSS-005,2026-03-10,230.7471
FS-ELSS-005,2026-03-11,229.6263
FS-ELSS-005,2026-03-12,231.4273
FS-ELSS-005,2026-03-13,232.8595
FS-ELSS-005,2026-03-16,234.0272
FS-ELSS-005,2026-03-17,224.4646
FS-ELSS-005,2026-03-18,214.3670
FS-ELSS-005,2026-03-19,214.7135
FS-ELSS-005,2026-03-20,213.8059
FS-ELSS-005,2026-03-23,209.2428
FS-ELSS-005,2026-03-24,208.8225
FS-ELSS-005,2026-03-25,210.2933
FS-ELSS-005,2026-03-26,209.0101
FS-ELSS-005,2026-03-27,214.1715
FS-ELSS-005,2026-03-30,208.9044
FS-ELSS-005,2026-03-31,210.2605
FS-ELSS-005,2026-04-01,208.4030
FS-ELSS-005,2026-04-02,208.2530
FS-ELSS-005,2026-04-03,207.5360
FS-ELSS-005,2026-04-06,205.0709
FS-ELSS-005,2026-04-07,205.5475
FS-ELSS-005,2026-04-08,204.8038
FS-ELSS-005,2026-04-09,204.1237
FS-ELSS-005,2026-04-10,202.6691
FS-ELSS-005,2026-04-13,202.7203
FS-ELSS-005,2026-04-14,205.0633
FS-ELSS-005,2026-04-15,204.6176
FS-ELSS-005,2026-04-16,206.0428
FS-ELSS-005,2026-04-17,206.4618
FS-ELSS-005,2026-04-20,206.2504
FS-ELSS-005,2026-04-21,206.8395
FS-ELSS-005,2026-04-22,208.6667
FS-ELSS-005,2026-04-23,211.1454
FS-ELSS-005,2026-04-24,212.6327
FS-ELSS-005,2026-04-27,210.6301
FS-ELSS-005,2026-04-28,211.4331
FS-ELSS-005,2026-04-29,213.9259
FS-ELSS-005,2026-04-30,219.0782
FS-ELSS-005,2026-05-01,218.8717
FS-ELSS-005,2026-05-04,220.7983
FS-ELSS-005,2026-05-05,216.0233
FS-ELSS-005,2026-05-06,214.1222
FS-ELSS-005,2026-05-07,208.8019
FS-ELSS-005,2026-05-08,212.1679
FS-ELSS-005,2026-05-11,211.0086
FS-ELSS-005,2026-05-12,208.5559
FS-ELSS-005,2026-05-13,206.4487
FS-ELSS-005,2026-05-14,204.3384
FS-ELSS-005,2026-05-15,201.5825
FS-ELSS-005,2026-05-18,200.6372
FS-ELSS-005,2026-05-19,197.7095
FS-ELSS-005,2026-05-20,197.2679
FS-ELSS-005,2026-05-21,195.7784
FS-ELSS-005,2026-05-22,197.2997
FS-ELSS-005,2026-05-25,196.8136
FS-ELSS-005,2026-05-26,193.2922
FS-ELSS-005,2026-05-27,193.0893
FS-ELSS-005,2026-05-28,193.3477
FS-ELSS-005,2026-05-29,195.0833
FS-ELSS-005,2026-06-01,197.3710
FS-ELSS-005,2026-06-02,195.6942
FS-ELSS-005,2026-06-03,196.0042
FS-ELSS-005,2026-06-04,198.5722
FS-ELSS-005,2026-06-05,201.2669
FS-ELSS-005,2026-06-08,208.1893
FS-ELSS-005,2026-06-09,207.3359
FS-ELSS-005,2026-06-10,202.8699
FS-ELSS-005,2026-06-11,204.2436
FS-ELSS-005,2026-06-12,204.7930
FS-ELSS-005,2026-06-15,203.6382
FS-ELSS-005,2026-06-16,201.0264
FS-ELSS-005,2026-06-17,200.9589
FS-ELSS-005,2026-06-18,200.6455
FS-ELSS-005,2026-06-19,198.1696
FS-ELSS-005,2026-06-22,196.3211
FS-ELSS-005,2026-06-23,197.2770
FS-ELSS-005,2026-06-24,197.6178
FS-ELSS-005,2026-06-25,198.7287
FS-ELSS-005,2026-06-26,201.0767
FS-ELSS-005,2026-06-29,202.3334
FS-ELSS-005,2026-06-30,203.0243
FS-ELSS-005,2026-07-01,205.2487
FS-ELSS-005,2026-07-02,205.2482
FS-ELSS-005,2026-07-03,203.4995
FS-ELSS-005,2026-07-06,203.7794
FS-ELSS-005,2026-07-07,202.9883
FS-ELSS-005,2026-07-08,205.4495
FS-ELSS-005,2026-07-09,205.4745
FS-ELSS-005,2026-07-10,207.2352
FS-ELSS-005,2026-07-13,207.4983
FS-ELSS-005,2026-07-14,203.3696
FS-ELSS-005,2026-07-15,204.4981
FS-ELSS-005,2026-07-16,205.1474
FS-ELSS-005,2026-07-17,208.7472
FS-ELSS-005,2026-07-20,211.6292
FS-ELSS-005,2026-07-21,215.2155
FS-ELSS-005,2026-07-22,215.3028
FS-ELSS-005,2026-07-23,211.4820
FS-ELSS-005,2026-07-24,211.4712
FS-ELSS-005,2026-07-27,212.3236
FS-ELSS-005,2026-07-28,211.5101
FS-ELSS-005,2026-07-29,208.5079
FS-ELSS-005,2026-07-30,210.2344
FS-ELSS-005,2026-07-31,212.3644
FS-ELSS-005,2026-08-03,212.7426
FS-ELSS-005,2026-08-04,213.0128
FS-ELSS-005,2026-08-05,213.1018
FS-ELSS-005,2026-08-06,214.7067
FS-ELSS-005,2026-08-07,209.1291
FS-ELSS-005,2026-08-10,210.2128
FS-ELSS-005,2026-08-11,209.7815
FS-ELSS-005,2026-08-12,202.7193
FS-ELSS-005,2026-08-13,202.4089
FS-ELSS-005,2026-08-14,199.3013
FS-ELSS-005,2026-08-17,196.5533
FS-ELSS-005,2026-08-18,195.0769
FS-ELSS-005,2026-08-19,192.8583
FS-ELSS-005,2026-08-20,193.4442
FS-ELSS-005,2026-08-21,190.7027
FS-ELSS-005,2026-08-24,190.7972
FS-ELSS-005,2026-08-25,192.0643
FS-ELSS-005,2026-08-26,191.8173
FS-ELSS-005,2026-08-27,192.3553
FS-ELSS-005,2026-08-28,194.1429
FS-ELSS-005,2026-08-31,196.5928
FS-ELSS-005,2026-09-01,195.8031
FS-ELSS-005,2026-09-02,195.6915
FS-ELSS-005,2026-09-03,194.7037
FS-ELSS-005,2026-09-04,194.5293
FS-ELSS-005,2026-09-07,195.3686
FS-ELSS-005,2026-09-08,194.2414
FS-ELSS-005,2026-09-09,194.5962
FS-ELSS-005,2026-09-10,194.0569
FS-ELSS-005,2026-09-11,195.8359
FS-ELSS-005,2026-09-14,195.3707
FS-ELSS-005,2026-09-15,194.4437
FS-ELSS-005,2026-09-16,193.0773
FS-ELSS-005,2026-09-17,192.5538
FS-ELSS-005,2026-09-18,191.7726
FS-ELSS-005,2026-09-21,193.4887
FS-ELSS-005,2026-09-22,192.8310
FS-ELSS-005,2026-09-23,192.4181
FS-ELSS-005,2026-09-24,189.9918
FS-ELSS-005,2026-09-25,183.7011
FS-ELSS-005,2026-09-28,182.6803
FS-ELSS-005,2026-09-29,179.4971
FS-ELSS-005,2026-09-30,177.4693
FS-IDX-006,2021-01-04,18.7977
FS-IDX-006,2021-01-05,18.6482
FS-IDX-006,2021-01-06,18.7260
FS-IDX-006,2021-01-07,18.8425
FS-IDX-006,2021-01-08,18.9101
FS-IDX-006,2021-01-11,18.8810
FS-IDX-006,2021-01-12,18.8928
FS-IDX-006,2021-01-13,18.7752
FS-IDX-006,2021-01-14,18.9550
FS-IDX-006,2021-01-15,18.9851
FS-IDX-006,2021-01-18,19.2474
FS-IDX-006,2021-01-19,19.5026
FS-IDX-006,2021-01-20,19.6726
FS-IDX-006,2021-01-21,19.5035
FS-IDX-006,2021-01-22,19.6638
FS-IDX-006,2021-01-25,19.5807
FS-IDX-006,2021-01-26,19.3478
FS-IDX-006,2021-01-27,18.8645
FS-IDX-006,2021-01-28,18.7990
FS-IDX-006,2021-01-29,18.8278
FS-IDX-006,2021-02-01,18.4063
FS-IDX-006,2021-02-02,18.3921
FS-IDX-006,2021-02-03,18.4404
FS-IDX-006,2021-02-04,18.5829
FS-IDX-006,2021-02-05,18.6037
FS-IDX-006,2021-02-08,18.8133
FS-IDX-006,2021-02-09,18.7339
FS-IDX-006,2021-02-10,18.8086
FS-IDX-006,2021-02-11,18.8711
FS-IDX-006,2021-02-12,18.4904
FS-IDX-006,2021-02-15,18.3011
FS-IDX-006,2021-02-16,18.3745
FS-IDX-006,2021-02-17,18.5536
FS-IDX-006,2021-02-18,18.6014
FS-IDX-006,2021-02-19,18.9004
FS-IDX-006,2021-02-22,18.8810
FS-IDX-006,2021-02-23,19.0203
FS-IDX-006,2021-02-24,19.1046
FS-IDX-006,2021-02-25,19.2512
FS-IDX-006,2021-02-26,19.3585
FS-IDX-006,2021-03-01,19.4551
FS-IDX-006,2021-03-02,19.4513
FS-IDX-006,2021-03-03,19.6726
FS-IDX-006,2021-03-04,19.5540
FS-IDX-006,2021-03-05,19.9564
FS-IDX-006,2021-03-08,20.0844
FS-IDX-006,2021-03-09,20.0755
FS-IDX-006,2021-03-10,20.1567
FS-IDX-006,2021-03-11,20.2171
FS-IDX-006,2021-03-12,20.0084
FS-IDX-006,2021-03-15,19.9177
FS-IDX-006,2021-03-16,19.8592
FS-IDX-006,2021-03-17,19.9292
FS-IDX-006,2021-03-18,19.7977
FS-IDX-006,2021-03-19,19.9702
FS-IDX-006,2021-03-22,19.8777
FS-IDX-006,2021-03-23,19.9648
FS-IDX-006,2021-03-24,19.8412
FS-IDX-006,2021-03-25,19.7487
FS-IDX-006,2021-03-26,19.6239
FS-IDX-006,2021-03-29,19.3533
FS-IDX-006,2021-03-30,18.8938
FS-IDX-006,2021-03-31,18.7583
FS-IDX-006,2021-04-01,18.7649
FS-IDX-006,2021-04-02,18.7091
FS-IDX-006,2021-04-05,18.4302
FS-IDX-006,2021-04-06,18.3518
FS-IDX-006,2021-04-07,18.3767
FS-IDX-006,2021-04-08,18.4888
FS-IDX-006,2021-04-09,18.5199
FS-IDX-006,2021-04-12,18.4711
FS-IDX-006,2021-04-13,18.5052
FS-IDX-006,2021-04-14,18.6623
FS-IDX-006,2021-04-15,18.7764
FS-IDX-006,2021-04-16,18.6824
FS-IDX-006,2021-04-19,18.5452
FS-IDX-006,2021-04-20,18.5321
FS-IDX-006,2021-04-21,18.3888
FS-IDX-006,2021-04-22,18.5789
FS-IDX-006,2021-04-23,18.3955
FS-IDX-006,2021-04-26,18.5294
FS-IDX-006,2021-04-27,18.6793
FS-IDX-006,2021-04-28,18.5230
FS-IDX-006,2021-04-29,18.5575
FS-IDX-006,2021-04-30,18.5158
FS-IDX-006,2021-05-03,18.8944
FS-IDX-006,2021-05-04,18.8868
FS-IDX-006,2021-05-05,18.7746
FS-IDX-006,2021-05-06,18.4462
FS-IDX-006,2021-05-07,18.4306
FS-IDX-006,2021-05-10,18.5763
FS-IDX-006,2021-05-11,18.4357
FS-IDX-006,2021-05-12,18.5143
FS-IDX-006,2021-05-13,18.3024
FS-IDX-006,2021-05-14,18.2459
FS-IDX-006,2021-05-17,18.2345
FS-IDX-006,2021-05-18,18.1600
FS-IDX-006,2021-05-19,18.0662
FS-IDX-006,2021-05-20,18.1659
FS-IDX-006,2021-05-21,18.0981
FS-IDX-006,2021-05-24,18.2323
FS-IDX-006,2021-05-25,18.6830
FS-IDX-006,2021-05-26,18.8099
FS-IDX-006,2021-05-27,19.0562
FS-IDX-006,2021-05-28,19.0343
FS-IDX-006,2021-05-31,19.0808
FS-IDX-006,2021-06-01,19.2003
FS-IDX-006,2021-06-02,19.0157
FS-IDX-006,2021-06-03,18.8425
FS-IDX-006,2021-06-04,18.6990
FS-IDX-006,2021-06-07,18.8470
FS-IDX-006,2021-06-08,18.7962
FS-IDX-006,2021-06-09,18.8522
FS-IDX-006,2021-06-10,18.8097
FS-IDX-006,2021-06-11,18.6429
FS-IDX-006,2021-06-14,18.6859
FS-IDX-006,2021-06-15,18.7049
FS-IDX-006,2021-06-16,18.7595
FS-IDX-006,2021-06-17,18.7073
FS-IDX-006,2021-06-18,18.5913
FS-IDX-006,2021-06-21,18.4507
FS-IDX-006,2021-06-22,18.2633
FS-IDX-006,2021-06-23,18.2234
FS-IDX-006,2021-06-24,18.2426
FS-IDX-006,2021-06-25,18.2604
FS-IDX-006,2021-06-28,18.4968
FS-IDX-006,2021-06-29,18.4321
FS-IDX-006,2021-06-30,18.4008
FS-IDX-006,2021-07-01,18.4868
FS-IDX-006,2021-07-02,18.3299
FS-IDX-006,2021-07-05,18.2201
FS-IDX-006,2021-07-06,17.9071
FS-IDX-006,2021-07-07,17.8391
FS-IDX-006,2021-07-08,17.8265
FS-IDX-006,2021-07-09,17.7999
FS-IDX-006,2021-07-12,18.0868
FS-IDX-006,2021-07-13,18.0261
FS-IDX-006,2021-07-14,18.0875
FS-IDX-006,2021-07-15,17.9551
FS-IDX-006,2021-07-16,18.0137
FS-IDX-006,2021-07-19,18.1848
FS-IDX-006,2021-07-20,18.1770
FS-IDX-006,2021-07-21,18.2521
FS-IDX-006,2021-07-22,18.3003
FS-IDX-006,2021-07-23,18.1891
FS-IDX-006,2021-07-26,18.2479
FS-IDX-006,2021-07-27,18.3282
FS-IDX-006,2021-07-28,18.2725
FS-IDX-006,2021-07-29,18.1609
FS-IDX-006,2021-07-30,18.1204
FS-IDX-006,2021-08-02,18.1095
FS-IDX-006,2021-08-03,18.2128
FS-IDX-006,2021-08-04,18.2640
FS-IDX-006,2021-08-05,18.0724
FS-IDX-006,2021-08-06,18.1014
FS-IDX-006,2021-08-09,18.0159
FS-IDX-006,2021-08-10,18.2833
FS-IDX-006,2021-08-11,18.4886
FS-IDX-006,2021-08-12,18.3149
FS-IDX-006,2021-08-13,18.0199
FS-IDX-006,2021-08-16,18.3904
FS-IDX-006,2021-08-17,18.5025
FS-IDX-006,2021-08-18,18.0820
FS-IDX-006,2021-08-19,18.0850
FS-IDX-006,2021-08-20,18.1434
FS-IDX-006,2021-08-23,18.3928
FS-IDX-006,2021-08-24,18.4440
FS-IDX-006,2021-08-25,18.6136
FS-IDX-006,2021-08-26,18.4683
FS-IDX-006,2021-08-27,18.5787
FS-IDX-006,2021-08-30,18.6096
FS-IDX-006,2021-08-31,18.8197
FS-IDX-006,2021-09-01,18.7581
FS-IDX-006,2021-09-02,18.8502
FS-IDX-006,2021-09-03,18.9904
FS-IDX-006,2021-09-06,19.0034
FS-IDX-006,2021-09-07,19.4133
FS-IDX-006,2021-09-08,19.1476
FS-IDX-006,2021-09-09,19.2503
FS-IDX-006,2021-09-10,19.3231
FS-IDX-006,2021-09-13,19.3008
FS-IDX-006,2021-09-14,19.0561
FS-IDX-006,2021-09-15,19.0892
FS-IDX-006,2021-09-16,19.2309
FS-IDX-006,2021-09-17,19.2514
FS-IDX-006,2021-09-20,19.3164
FS-IDX-006,2021-09-21,19.2488
FS-IDX-006,2021-09-22,19.4611
FS-IDX-006,2021-09-23,19.7909
FS-IDX-006,2021-09-24,19.7120
FS-IDX-006,2021-09-27,19.7751
FS-IDX-006,2021-09-28,19.9965
FS-IDX-006,2021-09-29,19.8573
FS-IDX-006,2021-09-30,19.9396
FS-IDX-006,2021-10-01,19.9634
FS-IDX-006,2021-10-04,19.7292
FS-IDX-006,2021-10-05,19.7577
FS-IDX-006,2021-10-06,19.6224
FS-IDX-006,2021-10-07,19.6852
FS-IDX-006,2021-10-08,19.6846
FS-IDX-006,2021-10-11,19.6262
FS-IDX-006,2021-10-12,19.5636
FS-IDX-006,2021-10-13,19.6975
FS-IDX-006,2021-10-14,20.0485
FS-IDX-006,2021-10-15,20.2476
FS-IDX-006,2021-10-18,20.0784
FS-IDX-006,2021-10-19,20.0863
FS-IDX-006,2021-10-20,20.2169
FS-IDX-006,2021-10-21,20.1768
FS-IDX-006,2021-10-22,20.0467
FS-IDX-006,2021-10-25,20.0707
FS-IDX-006,2021-10-26,19.9774
FS-IDX-006,2021-10-27,19.7550
FS-IDX-006,2021-10-28,19.4659
FS-IDX-006,2021-10-29,19.4910
FS-IDX-006,2021-11-01,19.5818
FS-IDX-006,2021-11-02,19.5019
FS-IDX-006,2021-11-03,19.5199
FS-IDX-006,2021-11-04,19.2612
FS-IDX-006,2021-11-05,19.3345
FS-IDX-006,2021-11-08,19.4538
FS-IDX-006,2021-11-09,19.4906
FS-IDX-006,2021-11-10,19.3234
FS-IDX-006,2021-11-11,19.4733
FS-IDX-006,2021-11-12,19.4748
FS-IDX-006,2021-11-15,19.5182
FS-IDX-006,2021-11-16,19.3610
FS-IDX-006,2021-11-17,19.3583
FS-IDX-006,2021-11-18,19.4430
FS-IDX-006,2021-11-19,19.4733
FS-IDX-006,2021-11-22,19.7324
FS-IDX-006,2021-11-23,19.9721
FS-IDX-006,2021-11-24,19.9690
FS-IDX-006,2021-11-25,19.7650
FS-IDX-006,2021-11-26,19.7335
FS-IDX-006,2021-11-29,19.7602
FS-IDX-006,2021-11-30,19.5962
FS-IDX-006,2021-12-01,19.6168
FS-IDX-006,2021-12-02,19.6483
FS-IDX-006,2021-12-03,19.4822
FS-IDX-006,2021-12-06,19.5641
FS-IDX-006,2021-12-07,19.7427
FS-IDX-006,2021-12-08,19.9725
FS-IDX-006,2021-12-09,19.9251
FS-IDX-006,2021-12-10,19.7400
FS-IDX-006,2021-12-13,19.8271
FS-IDX-006,2021-12-14,19.7941
FS-IDX-006,2021-12-15,19.6481
FS-IDX-006,2021-12-16,19.7600
FS-IDX-006,2021-12-17,19.7815
FS-IDX-006,2021-12-20,19.8980
FS-IDX-006,2021-12-21,19.6362
FS-IDX-006,2021-12-22,19.5323
FS-IDX-006,2021-12-23,19.8193
FS-IDX-006,2021-12-24,20.1328
FS-IDX-006,2021-12-27,20.1024
FS-IDX-006,2021-12-28,20.3975
FS-IDX-006,2021-12-29,20.4550
FS-IDX-006,2021-12-30,20.5074
FS-IDX-006,2021-12-31,20.4554
FS-IDX-006,2022-01-03,20.2402
FS-IDX-006,2022-01-04,20.2684
FS-IDX-006,2022-01-05,20.6815
FS-IDX-006,2022-01-06,20.6935
FS-IDX-006,2022-01-07,20.9589
FS-IDX-006,2022-01-10,20.5034
FS-IDX-006,2022-01-11,20.5293
FS-IDX-006,2022-01-12,20.6430
FS-IDX-006,2022-01-13,20.6208
FS-IDX-006,2022-01-14,20.5165
FS-IDX-006,2022-01-17,20.6646
FS-IDX-006,2022-01-18,20.8569
FS-IDX-006,2022-01-19,20.7978
FS-IDX-006,2022-01-20,20.8811
FS-IDX-006,2022-01-21,20.6703
FS-IDX-006,2022-01-24,20.6396
FS-IDX-006,2022-01-25,20.7068
FS-IDX-006,2022-01-26,20.4303
FS-IDX-006,2022-01-27,20.6153
FS-IDX-006,2022-01-28,20.5235
FS-IDX-006,2022-01-31,20.4641
FS-IDX-006,2022-02-01,20.4447
FS-IDX-006,2022-02-02,20.7191
FS-IDX-006,2022-02-03,20.5290
FS-IDX-006,2022-02-04,21.0159
FS-IDX-006,2022-02-07,21.0436
FS-IDX-006,2022-02-08,21.3055
FS-IDX-006,2022-02-09,21.3246
FS-IDX-006,2022-02-10,21.3717
FS-IDX-006,2022-02-11,21.1431
FS-IDX-006,2022-02-14,21.1560
FS-IDX-006,2022-02-15,20.9062
FS-IDX-006,2022-02-16,20.9565
FS-IDX-006,2022-02-17,21.0550
FS-IDX-006,2022-02-18,21.5519
FS-IDX-006,2022-02-21,21.8752
FS-IDX-006,2022-02-22,21.7071
FS-IDX-006,2022-02-23,21.5912
FS-IDX-006,2022-02-24,21.2027
FS-IDX-006,2022-02-25,21.0584
FS-IDX-006,2022-02-28,21.1516
FS-IDX-006,2022-03-01,21.1743
FS-IDX-006,2022-03-02,21.1117
FS-IDX-006,2022-03-03,21.1230
FS-IDX-006,2022-03-04,21.1877
FS-IDX-006,2022-03-07,21.0816
FS-IDX-006,2022-03-08,21.1790
FS-IDX-006,2022-03-09,21.2994
FS-IDX-006,2022-03-10,21.0637
FS-IDX-006,2022-03-11,20.9958
FS-IDX-006,2022-03-14,21.0222
FS-IDX-006,2022-03-15,21.0513
FS-IDX-006,2022-03-16,21.0897
FS-IDX-006,2022-03-17,21.2450
FS-IDX-006,2022-03-18,21.6162
FS-IDX-006,2022-03-21,21.6826
FS-IDX-006,2022-03-22,21.7191
FS-IDX-006,2022-03-23,22.0424
FS-IDX-006,2022-03-24,22.0339
FS-IDX-006,2022-03-25,21.9333
FS-IDX-006,2022-03-28,21.9742
FS-IDX-006,2022-03-29,22.2195
FS-IDX-006,2022-03-30,22.0536
FS-IDX-006,2022-03-31,22.0737
FS-IDX-006,2022-04-01,21.8727
FS-IDX-006,2022-04-04,22.0642
FS-IDX-006,2022-04-05,21.9565
FS-IDX-006,2022-04-06,22.0178
FS-IDX-006,2022-04-07,22.0613
FS-IDX-006,2022-04-08,21.9258
FS-IDX-006,2022-04-11,21.8932
FS-IDX-006,2022-04-12,21.8153
FS-IDX-006,2022-04-13,21.7650
FS-IDX-006,2022-04-14,21.6077
FS-IDX-006,2022-04-15,21.3636
FS-IDX-006,2022-04-18,21.5621
FS-IDX-006,2022-04-19,21.8252
FS-IDX-006,2022-04-20,21.9295
FS-IDX-006,2022-04-21,21.5800
FS-IDX-006,2022-04-22,21.5774
FS-IDX-006,2022-04-25,21.4084
FS-IDX-006,2022-04-26,21.7342
FS-IDX-006,2022-04-27,21.7250
FS-IDX-006,2022-04-28,21.8709
FS-IDX-006,2022-04-29,21.7341
FS-IDX-006,2022-05-02,21.9205
FS-IDX-006,2022-05-03,21.9577
FS-IDX-006,2022-05-04,22.1041
FS-IDX-006,2022-05-05,21.9944
FS-IDX-006,2022-05-06,21.8193
FS-IDX-006,2022-05-09,21.6205
FS-IDX-006,2022-05-10,21.5374
FS-IDX-006,2022-05-11,21.2892
FS-IDX-006,2022-05-12,21.3185
FS-IDX-006,2022-05-13,21.4622
FS-IDX-006,2022-05-16,21.5328
FS-IDX-006,2022-05-17,21.1610
FS-IDX-006,2022-05-18,21.2438
FS-IDX-006,2022-05-19,21.2634
FS-IDX-006,2022-05-20,22.4024
FS-IDX-006,2022-05-23,22.4040
FS-IDX-006,2022-05-24,23.2496
FS-IDX-006,2022-05-25,23.3350
FS-IDX-006,2022-05-26,23.6680
FS-IDX-006,2022-05-27,24.4101
FS-IDX-006,2022-05-30,24.3677
FS-IDX-006,2022-05-31,24.9181
FS-IDX-006,2022-06-01,24.4753
FS-IDX-006,2022-06-02,23.5874
FS-IDX-006,2022-06-03,23.8759
FS-IDX-006,2022-06-06,23.5270
FS-IDX-006,2022-06-07,24.6756
FS-IDX-006,2022-06-08,24.6741
FS-IDX-006,2022-06-09,24.0317
FS-IDX-006,2022-06-10,23.7921
FS-IDX-006,2022-06-13,22.8039
FS-IDX-006,2022-06-14,22.5581
FS-IDX-006,2022-06-15,22.3749
FS-IDX-006,2022-06-16,22.3399
FS-IDX-006,2022-06-17,22.4993
FS-IDX-006,2022-06-20,22.6553
FS-IDX-006,2022-06-21,21.4088
FS-IDX-006,2022-06-22,21.5002
FS-IDX-006,2022-06-23,21.5287
FS-IDX-006,2022-06-24,21.6203
FS-IDX-006,2022-06-27,21.7918
FS-IDX-006,2022-06-28,21.3985
FS-IDX-006,2022-06-29,22.0219
FS-IDX-006,2022-06-30,21.6123
FS-IDX-006,2022-07-01,21.5614
FS-IDX-006,2022-07-04,21.5473
FS-IDX-006,2022-07-05,20.9713
FS-IDX-006,2022-07-06,21.1600
FS-IDX-006,2022-07-07,21.2300
FS-IDX-006,2022-07-08,21.0669
FS-IDX-006,2022-07-11,21.0266
FS-IDX-006,2022-07-12,20.9985
FS-IDX-006,2022-07-13,21.2265
FS-IDX-006,2022-07-14,21.2914
FS-IDX-006,2022-07-15,21.1061
FS-IDX-006,2022-07-18,20.8190
FS-IDX-006,2022-07-19,20.7952
FS-IDX-006,2022-07-20,20.8703
FS-IDX-006,2022-07-21,20.9654
FS-IDX-006,2022-07-22,21.0050
FS-IDX-006,2022-07-25,21.1937
FS-IDX-006,2022-07-26,21.3147
FS-IDX-006,2022-07-27,21.2214
FS-IDX-006,2022-07-28,21.1570
FS-IDX-006,2022-07-29,21.3195
FS-IDX-006,2022-08-01,21.4224
FS-IDX-006,2022-08-02,21.7019
FS-IDX-006,2022-08-03,21.6882
FS-IDX-006,2022-08-04,21.6829
FS-IDX-006,2022-08-05,21.6803
FS-IDX-006,2022-08-08,21.6322
FS-IDX-006,2022-08-09,21.8697
FS-IDX-006,2022-08-10,21.8107
FS-IDX-006,2022-08-11,21.9803
FS-IDX-006,2022-08-12,21.7449
FS-IDX-006,2022-08-15,21.9748
FS-IDX-006,2022-08-16,21.9354
FS-IDX-006,2022-08-17,21.9774
FS-IDX-006,2022-08-18,22.0008
FS-IDX-006,2022-08-19,22.1530
FS-IDX-006,2022-08-22,22.3378
FS-IDX-006,2022-08-23,22.6124
FS-IDX-006,2022-08-24,22.7325
FS-IDX-006,2022-08-25,22.6465
FS-IDX-006,2022-08-26,22.6990
FS-IDX-006,2022-08-29,22.7231
FS-IDX-006,2022-08-30,22.6329
FS-IDX-006,2022-08-31,22.6640
FS-IDX-006,2022-09-01,22.5352
FS-IDX-006,2022-09-02,22.6163
FS-IDX-006,2022-09-05,22.5889
FS-IDX-006,2022-09-06,22.7368
FS-IDX-006,2022-09-07,22.7868
FS-IDX-006,2022-09-08,22.9119
FS-IDX-006,2022-09-09,22.8291
FS-IDX-006,2022-09-12,22.9158
FS-IDX-006,2022-09-13,23.0473
FS-IDX-006,2022-09-14,22.9956
FS-IDX-006,2022-09-15,23.0350
FS-IDX-006,2022-09-16,23.0818
FS-IDX-006,2022-09-19,23.0881
FS-IDX-006,2022-09-20,23.1732
FS-IDX-006,2022-09-21,23.1810
FS-IDX-006,2022-09-22,23.2419
FS-IDX-006,2022-09-23,23.6474
FS-IDX-006,2022-09-26,23.6431
FS-IDX-006,2022-09-27,23.9187
FS-IDX-006,2022-09-28,23.9330
FS-IDX-006,2022-09-29,24.0193
FS-IDX-006,2022-09-30,23.9295
FS-IDX-006,2022-10-03,23.6408
FS-IDX-006,2022-10-04,23.6949
FS-IDX-006,2022-10-05,23.7235
FS-IDX-006,2022-10-06,23.7879
FS-IDX-006,2022-10-07,23.5825
FS-IDX-006,2022-10-10,23.4797
FS-IDX-006,2022-10-11,23.5419
FS-IDX-006,2022-10-12,23.6630
FS-IDX-006,2022-10-13,23.7307
FS-IDX-006,2022-10-14,23.5904
FS-IDX-006,2022-10-17,23.5995
FS-IDX-006,2022-10-18,23.5891
FS-IDX-006,2022-10-19,23.7705
FS-IDX-006,2022-10-20,23.7498
FS-IDX-006,2022-10-21,23.7956
FS-IDX-006,2022-10-24,23.7065
FS-IDX-006,2022-10-25,23.8726
FS-IDX-006,2022-10-26,23.7398
FS-IDX-006,2022-10-27,23.7673
FS-IDX-006,2022-10-28,23.4308
FS-IDX-006,2022-10-31,23.4909
FS-IDX-006,2022-11-01,23.2920
FS-IDX-006,2022-11-02,23.0776
FS-IDX-006,2022-11-03,23.2332
FS-IDX-006,2022-11-04,23.0919
FS-IDX-006,2022-11-07,22.8873
FS-IDX-006,2022-11-08,23.0723
FS-IDX-006,2022-11-09,23.4291
FS-IDX-006,2022-11-10,23.4212
FS-IDX-006,2022-11-11,23.2742
FS-IDX-006,2022-11-14,23.0441
FS-IDX-006,2022-11-15,23.3322
FS-IDX-006,2022-11-16,23.0258
FS-IDX-006,2022-11-17,22.9111
FS-IDX-006,2022-11-18,22.8273
FS-IDX-006,2022-11-21,22.8179
FS-IDX-006,2022-11-22,22.8774
FS-IDX-006,2022-11-23,23.1501
FS-IDX-006,2022-11-24,22.9769
FS-IDX-006,2022-11-25,23.0087
FS-IDX-006,2022-11-28,22.7018
FS-IDX-006,2022-11-29,22.7380
FS-IDX-006,2022-11-30,22.7667
FS-IDX-006,2022-12-01,22.7787
FS-IDX-006,2022-12-02,22.9908
FS-IDX-006,2022-12-05,23.0432
FS-IDX-006,2022-12-06,23.3346
FS-IDX-006,2022-12-07,23.0633
FS-IDX-006,2022-12-08,23.0042
FS-IDX-006,2022-12-09,22.9860
FS-IDX-006,2022-12-12,23.5451
FS-IDX-006,2022-12-13,23.5124
FS-IDX-006,2022-12-14,23.3896
FS-IDX-006,2022-12-15,23.7707
FS-IDX-006,2022-12-16,23.9708
FS-IDX-006,2022-12-19,23.9765
FS-IDX-006,2022-12-20,24.0093
FS-IDX-006,2022-12-21,24.0822
FS-IDX-006,2022-12-22,24.4490
FS-IDX-006,2022-12-23,24.5372
FS-IDX-006,2022-12-26,24.3029
FS-IDX-006,2022-12-27,24.4202
FS-IDX-006,2022-12-28,23.9243
FS-IDX-006,2022-12-29,23.9428
FS-IDX-006,2022-12-30,23.6839
FS-IDX-006,2023-01-02,23.4505
FS-IDX-006,2023-01-03,23.3953
FS-IDX-006,2023-01-04,22.9867
FS-IDX-006,2023-01-05,23.0658
FS-IDX-006,2023-01-06,23.2103
FS-IDX-006,2023-01-09,23.1504
FS-IDX-006,2023-01-10,22.9936
FS-IDX-006,2023-01-11,22.8781
FS-IDX-006,2023-01-12,22.9364
FS-IDX-006,2023-01-13,22.9494
FS-IDX-006,2023-01-16,22.8931
FS-IDX-006,2023-01-17,22.8820
FS-IDX-006,2023-01-18,23.2296
FS-IDX-006,2023-01-19,23.3485
FS-IDX-006,2023-01-20,23.3782
FS-IDX-006,2023-01-23,23.6408
FS-IDX-006,2023-01-24,23.6687
FS-IDX-006,2023-01-25,23.8401
FS-IDX-006,2023-01-26,24.0568
FS-IDX-006,2023-01-27,24.2514
FS-IDX-006,2023-01-30,24.2130
FS-IDX-006,2023-01-31,23.9776
FS-IDX-006,2023-02-01,23.8107
FS-IDX-006,2023-02-02,23.8363
FS-IDX-006,2023-02-03,24.2019
FS-IDX-006,2023-02-06,24.2746
FS-IDX-006,2023-02-07,24.3247
FS-IDX-006,2023-02-08,24.3490
FS-IDX-006,2023-02-09,24.5739
FS-IDX-006,2023-02-10,24.6947
FS-IDX-006,2023-02-13,25.1491
FS-IDX-006,2023-02-14,25.2383
FS-IDX-006,2023-02-15,25.3373
FS-IDX-006,2023-02-16,25.2405
FS-IDX-006,2023-02-17,25.5752
FS-IDX-006,2023-02-20,25.4610
FS-IDX-006,2023-02-21,25.4281
FS-IDX-006,2023-02-22,25.4535
FS-IDX-006,2023-02-23,25.2034
FS-IDX-006,2023-02-24,25.2036
FS-IDX-006,2023-02-27,25.6224
FS-IDX-006,2023-02-28,25.4155
FS-IDX-006,2023-03-01,25.3916
FS-IDX-006,2023-03-02,25.4159
FS-IDX-006,2023-03-03,25.4662
FS-IDX-006,2023-03-06,25.3376
FS-IDX-006,2023-03-07,25.4774
FS-IDX-006,2023-03-08,25.6078
FS-IDX-006,2023-03-09,25.7331
FS-IDX-006,2023-03-10,25.7465
FS-IDX-006,2023-03-13,25.5836
FS-IDX-006,2023-03-14,25.5752
FS-IDX-006,2023-03-15,25.7737
FS-IDX-006,2023-03-16,25.7419
FS-IDX-006,2023-03-17,25.8527
FS-IDX-006,2023-03-20,25.8177
FS-IDX-006,2023-03-21,26.0129
FS-IDX-006,2023-03-22,25.7502
FS-IDX-006,2023-03-23,25.7633
FS-IDX-006,2023-03-24,25.6649
FS-IDX-006,2023-03-27,25.9692
FS-IDX-006,2023-03-28,25.9666
FS-IDX-006,2023-03-29,25.8948
FS-IDX-006,2023-03-30,25.3428
FS-IDX-006,2023-03-31,25.3375
FS-IDX-006,2023-04-03,25.1047
FS-IDX-006,2023-04-04,25.0833
FS-IDX-006,2023-04-05,25.3418
FS-IDX-006,2023-04-06,25.7044
FS-IDX-006,2023-04-07,25.3076
FS-IDX-006,2023-04-10,25.3830
FS-IDX-006,2023-04-11,25.5052
FS-IDX-006,2023-04-12,25.3671
FS-IDX-006,2023-04-13,25.3600
FS-IDX-006,2023-04-14,24.9077
FS-IDX-006,2023-04-17,24.7363
FS-IDX-006,2023-04-18,24.8650
FS-IDX-006,2023-04-19,25.5780
FS-IDX-006,2023-04-20,25.3768
FS-IDX-006,2023-04-21,25.4216
FS-IDX-006,2023-04-24,25.2373
FS-IDX-006,2023-04-25,25.2746
FS-IDX-006,2023-04-26,25.7040
FS-IDX-006,2023-04-27,25.3575
FS-IDX-006,2023-04-28,26.0623
FS-IDX-006,2023-05-01,25.9098
FS-IDX-006,2023-05-02,25.9020
FS-IDX-006,2023-05-03,25.7956
FS-IDX-006,2023-05-04,25.5499
FS-IDX-006,2023-05-05,25.1928
FS-IDX-006,2023-05-08,25.3063
FS-IDX-006,2023-05-09,25.4604
FS-IDX-006,2023-05-10,25.7146
FS-IDX-006,2023-05-11,25.9278
FS-IDX-006,2023-05-12,25.8205
FS-IDX-006,2023-05-15,25.2455
FS-IDX-006,2023-05-16,25.5721
FS-IDX-006,2023-05-17,25.3037
FS-IDX-006,2023-05-18,25.4850
FS-IDX-006,2023-05-19,25.4264
FS-IDX-006,2023-05-22,25.5139
FS-IDX-006,2023-05-23,25.4030
FS-IDX-006,2023-05-24,25.6207
FS-IDX-006,2023-05-25,25.8007
FS-IDX-006,2023-05-26,25.9943
FS-IDX-006,2023-05-29,26.3864
FS-IDX-006,2023-05-30,26.9020
FS-IDX-006,2023-05-31,26.8315
FS-IDX-006,2023-06-01,26.7208
FS-IDX-006,2023-06-02,26.4734
FS-IDX-006,2023-06-05,26.8358
FS-IDX-006,2023-06-06,26.5912
FS-IDX-006,2023-06-07,26.5666
FS-IDX-006,2023-06-08,26.7793
FS-IDX-006,2023-06-09,26.8655
FS-IDX-006,2023-06-12,27.1697
FS-IDX-006,2023-06-13,27.0267
FS-IDX-006,2023-06-14,26.8770
FS-IDX-006,2023-06-15,26.7292
FS-IDX-006,2023-06-16,26.1223
FS-IDX-006,2023-06-19,26.2018
FS-IDX-006,2023-06-20,26.2996
FS-IDX-006,2023-06-21,26.5078
FS-IDX-006,2023-06-22,26.4665
FS-IDX-006,2023-06-23,26.8518
FS-IDX-006,2023-06-26,26.9570
FS-IDX-006,2023-06-27,26.9908
FS-IDX-006,2023-06-28,27.1090
FS-IDX-006,2023-06-29,27.6030
FS-IDX-006,2023-06-30,27.6164
FS-IDX-006,2023-07-03,28.0316
FS-IDX-006,2023-07-04,28.0979
FS-IDX-006,2023-07-05,28.0767
FS-IDX-006,2023-07-06,28.3582
FS-IDX-006,2023-07-07,28.5982
FS-IDX-006,2023-07-10,28.7743
FS-IDX-006,2023-07-11,28.9862
FS-IDX-006,2023-07-12,29.0350
FS-IDX-006,2023-07-13,29.0942
FS-IDX-006,2023-07-14,29.2188
FS-IDX-006,2023-07-17,29.4838
FS-IDX-006,2023-07-18,29.5106
FS-IDX-006,2023-07-19,29.6003
FS-IDX-006,2023-07-20,29.2102
FS-IDX-006,2023-07-21,29.0638
FS-IDX-006,2023-07-24,29.3574
FS-IDX-006,2023-07-25,29.7554
FS-IDX-006,2023-07-26,29.7419
FS-IDX-006,2023-07-27,30.1960
FS-IDX-006,2023-07-28,30.2005
FS-IDX-006,2023-07-31,30.3272
FS-IDX-006,2023-08-01,30.5699
FS-IDX-006,2023-08-02,30.6263
FS-IDX-006,2023-08-03,30.5557
FS-IDX-006,2023-08-04,30.5317
FS-IDX-006,2023-08-07,30.3279
FS-IDX-006,2023-08-08,30.1515
FS-IDX-006,2023-08-09,30.5563
FS-IDX-006,2023-08-10,30.5899
FS-IDX-006,2023-08-11,30.2550
FS-IDX-006,2023-08-14,30.2054
FS-IDX-006,2023-08-15,30.2926
FS-IDX-006,2023-08-16,30.7084
FS-IDX-006,2023-08-17,31.0280
FS-IDX-006,2023-08-18,31.1724
FS-IDX-006,2023-08-21,31.3511
FS-IDX-006,2023-08-22,31.2736
FS-IDX-006,2023-08-23,31.3954
FS-IDX-006,2023-08-24,31.4236
FS-IDX-006,2023-08-25,31.4684
FS-IDX-006,2023-08-28,31.5660
FS-IDX-006,2023-08-29,31.8621
FS-IDX-006,2023-08-30,31.7441
FS-IDX-006,2023-08-31,31.6706
FS-IDX-006,2023-09-01,31.7827
FS-IDX-006,2023-09-04,31.8141
FS-IDX-006,2023-09-05,31.7719
FS-IDX-006,2023-09-06,32.0830
FS-IDX-006,2023-09-07,31.8549
FS-IDX-006,2023-09-08,31.6627
FS-IDX-006,2023-09-11,31.4215
FS-IDX-006,2023-09-12,31.7365
FS-IDX-006,2023-09-13,31.4446
FS-IDX-006,2023-09-14,31.6777
FS-IDX-006,2023-09-15,31.0378
FS-IDX-006,2023-09-18,30.5910
FS-IDX-006,2023-09-19,30.0680
FS-IDX-006,2023-09-20,30.1756
FS-IDX-006,2023-09-21,29.7864
FS-IDX-006,2023-09-22,29.6155
FS-IDX-006,2023-09-25,29.7433
FS-IDX-006,2023-09-26,29.6421
FS-IDX-006,2023-09-27,29.6379
FS-IDX-006,2023-09-28,29.6867
FS-IDX-006,2023-09-29,29.8180
FS-IDX-006,2023-10-02,29.7169
FS-IDX-006,2023-10-03,29.7098
FS-IDX-006,2023-10-04,29.4229
FS-IDX-006,2023-10-05,29.6601
FS-IDX-006,2023-10-06,29.6434
FS-IDX-006,2023-10-09,29.4593
FS-IDX-006,2023-10-10,29.3993
FS-IDX-006,2023-10-11,29.4811
FS-IDX-006,2023-10-12,29.4262
FS-IDX-006,2023-10-13,29.3578
FS-IDX-006,2023-10-16,29.3900
FS-IDX-006,2023-10-17,29.2740
FS-IDX-006,2023-10-18,29.1134
FS-IDX-006,2023-10-19,29.1843
FS-IDX-006,2023-10-20,29.0309
FS-IDX-006,2023-10-23,29.0246
FS-IDX-006,2023-10-24,29.2369
FS-IDX-006,2023-10-25,29.5866
FS-IDX-006,2023-10-26,29.6934
FS-IDX-006,2023-10-27,29.7580
FS-IDX-006,2023-10-30,29.9475
FS-IDX-006,2023-10-31,29.9250
FS-IDX-006,2023-11-01,29.8703
FS-IDX-006,2023-11-02,29.9672
FS-IDX-006,2023-11-03,30.1234
FS-IDX-006,2023-11-06,30.0387
FS-IDX-006,2023-11-07,29.7330
FS-IDX-006,2023-11-08,29.8402
FS-IDX-006,2023-11-09,30.1336
FS-IDX-006,2023-11-10,30.0337
FS-IDX-006,2023-11-13,30.1137
FS-IDX-006,2023-11-14,30.3343
FS-IDX-006,2023-11-15,30.1451
FS-IDX-006,2023-11-16,30.0169
FS-IDX-006,2023-11-17,29.7974
FS-IDX-006,2023-11-20,29.7985
FS-IDX-006,2023-11-21,29.6588
FS-IDX-006,2023-11-22,29.3340
FS-IDX-006,2023-11-23,29.3757
FS-IDX-006,2023-11-24,28.8348
FS-IDX-006,2023-11-27,28.6946
FS-IDX-006,2023-11-28,28.7763
FS-IDX-006,2023-11-29,28.7765
FS-IDX-006,2023-11-30,28.7970
FS-IDX-006,2023-12-01,29.0171
FS-IDX-006,2023-12-04,29.1253
FS-IDX-006,2023-12-05,29.2059
FS-IDX-006,2023-12-06,29.3610
FS-IDX-006,2023-12-07,29.3514
FS-IDX-006,2023-12-08,29.2724
FS-IDX-006,2023-12-11,29.1813
FS-IDX-006,2023-12-12,29.2645
FS-IDX-006,2023-12-13,29.0164
FS-IDX-006,2023-12-14,29.2194
FS-IDX-006,2023-12-15,29.3487
FS-IDX-006,2023-12-18,29.3601
FS-IDX-006,2023-12-19,29.3824
FS-IDX-006,2023-12-20,29.7951
FS-IDX-006,2023-12-21,29.7930
FS-IDX-006,2023-12-22,29.7637
FS-IDX-006,2023-12-25,29.6908
FS-IDX-006,2023-12-26,29.6717
FS-IDX-006,2023-12-27,29.8484
FS-IDX-006,2023-12-28,29.5906
FS-IDX-006,2023-12-29,29.2564
FS-IDX-006,2024-01-01,29.7603
FS-IDX-006,2024-01-02,30.1082
FS-IDX-006,2024-01-03,30.1364
FS-IDX-006,2024-01-04,30.4045
FS-IDX-006,2024-01-05,30.5529
FS-IDX-006,2024-01-08,29.7182
FS-IDX-006,2024-01-09,29.8696
FS-IDX-006,2024-01-10,29.9776
FS-IDX-006,2024-01-11,29.8907
FS-IDX-006,2024-01-12,29.7448
FS-IDX-006,2024-01-15,29.6959
FS-IDX-006,2024-01-16,29.8154
FS-IDX-006,2024-01-17,29.6473
FS-IDX-006,2024-01-18,29.5224
FS-IDX-006,2024-01-19,29.9283
FS-IDX-006,2024-01-22,30.0529
FS-IDX-006,2024-01-23,29.8722
FS-IDX-006,2024-01-24,29.5710
FS-IDX-006,2024-01-25,29.6939
FS-IDX-006,2024-01-26,29.6721
FS-IDX-006,2024-01-29,29.5846
FS-IDX-006,2024-01-30,30.2221
FS-IDX-006,2024-01-31,30.5420
FS-IDX-006,2024-02-01,30.7409
FS-IDX-006,2024-02-02,30.2547
FS-IDX-006,2024-02-05,30.5735
FS-IDX-006,2024-02-06,30.3094
FS-IDX-006,2024-02-07,30.5101
FS-IDX-006,2024-02-08,30.5129
FS-IDX-006,2024-02-09,30.2640
FS-IDX-006,2024-02-12,30.3151
FS-IDX-006,2024-02-13,30.4085
FS-IDX-006,2024-02-14,30.5354
FS-IDX-006,2024-02-15,30.4923
FS-IDX-006,2024-02-16,30.7110
FS-IDX-006,2024-02-19,30.9479
FS-IDX-006,2024-02-20,30.7787
FS-IDX-006,2024-02-21,30.7237
FS-IDX-006,2024-02-22,30.7642
FS-IDX-006,2024-02-23,31.3670
FS-IDX-006,2024-02-26,31.5614
FS-IDX-006,2024-02-27,31.6040
FS-IDX-006,2024-02-28,31.8607
FS-IDX-006,2024-02-29,31.9488
FS-IDX-006,2024-03-01,32.1340
FS-IDX-006,2024-03-04,31.9415
FS-IDX-006,2024-03-05,31.9286
FS-IDX-006,2024-03-06,31.9495
FS-IDX-006,2024-03-07,32.2522
FS-IDX-006,2024-03-08,32.0651
FS-IDX-006,2024-03-11,32.4132
FS-IDX-006,2024-03-12,32.2033
FS-IDX-006,2024-03-13,32.2001
FS-IDX-006,2024-03-14,32.1954
FS-IDX-006,2024-03-15,32.1036
FS-IDX-006,2024-03-18,31.6509
FS-IDX-006,2024-03-19,31.6788
FS-IDX-006,2024-03-20,31.9366
FS-IDX-006,2024-03-21,31.2825
FS-IDX-006,2024-03-22,31.0222
FS-IDX-006,2024-03-25,31.3208
FS-IDX-006,2024-03-26,31.4865
FS-IDX-006,2024-03-27,31.3678
FS-IDX-006,2024-03-28,31.8047
FS-IDX-006,2024-03-29,32.1081
FS-IDX-006,2024-04-01,32.0012
FS-IDX-006,2024-04-02,31.9802
FS-IDX-006,2024-04-03,31.6374
FS-IDX-006,2024-04-04,31.5312
FS-IDX-006,2024-04-05,31.2471
FS-IDX-006,2024-04-08,31.2096
FS-IDX-006,2024-04-09,31.2857
FS-IDX-006,2024-04-10,31.6649
FS-IDX-006,2024-04-11,31.9922
FS-IDX-006,2024-04-12,31.9394
FS-IDX-006,2024-04-15,32.1889
FS-IDX-006,2024-04-16,32.2732
FS-IDX-006,2024-04-17,31.9977
FS-IDX-006,2024-04-18,32.3163
FS-IDX-006,2024-04-19,32.3175
FS-IDX-006,2024-04-22,32.2364
FS-IDX-006,2024-04-23,31.8908
FS-IDX-006,2024-04-24,31.7854
FS-IDX-006,2024-04-25,31.7672
FS-IDX-006,2024-04-26,31.9577
FS-IDX-006,2024-04-29,31.9454
FS-IDX-006,2024-04-30,31.8592
FS-IDX-006,2024-05-01,31.6317
FS-IDX-006,2024-05-02,31.8464
FS-IDX-006,2024-05-03,31.8541
FS-IDX-006,2024-05-06,31.9601
FS-IDX-006,2024-05-07,31.8284
FS-IDX-006,2024-05-08,31.6844
FS-IDX-006,2024-05-09,31.8930
FS-IDX-006,2024-05-10,31.8055
FS-IDX-006,2024-05-13,31.7338
FS-IDX-006,2024-05-14,31.8088
FS-IDX-006,2024-05-15,31.6119
FS-IDX-006,2024-05-16,31.4503
FS-IDX-006,2024-05-17,31.4169
FS-IDX-006,2024-05-20,31.6491
FS-IDX-006,2024-05-21,31.7248
FS-IDX-006,2024-05-22,31.3114
FS-IDX-006,2024-05-23,31.4985
FS-IDX-006,2024-05-24,31.6897
FS-IDX-006,2024-05-27,31.8959
FS-IDX-006,2024-05-28,32.1090
FS-IDX-006,2024-05-29,31.9090
FS-IDX-006,2024-05-30,31.6053
FS-IDX-006,2024-05-31,31.4272
FS-IDX-006,2024-06-03,31.9805
FS-IDX-006,2024-06-04,30.2205
FS-IDX-006,2024-06-05,31.8890
FS-IDX-006,2024-06-06,31.3713
FS-IDX-006,2024-06-07,32.6461
FS-IDX-006,2024-06-10,32.6201
FS-IDX-006,2024-06-11,32.9749
FS-IDX-006,2024-06-12,32.6427
FS-IDX-006,2024-06-13,33.4527
FS-IDX-006,2024-06-14,33.0910
FS-IDX-006,2024-06-17,33.2832
FS-IDX-006,2024-06-18,33.1971
FS-IDX-006,2024-06-19,33.6115
FS-IDX-006,2024-06-20,34.3342
FS-IDX-006,2024-06-21,33.7140
FS-IDX-006,2024-06-24,32.9876
FS-IDX-006,2024-06-25,32.9953
FS-IDX-006,2024-06-26,32.4843
FS-IDX-006,2024-06-27,32.2067
FS-IDX-006,2024-06-28,33.4057
FS-IDX-006,2024-07-01,33.3493
FS-IDX-006,2024-07-02,33.4429
FS-IDX-006,2024-07-03,33.4532
FS-IDX-006,2024-07-04,33.3863
FS-IDX-006,2024-07-05,33.5145
FS-IDX-006,2024-07-08,33.1290
FS-IDX-006,2024-07-09,33.5444
FS-IDX-006,2024-07-10,33.5873
FS-IDX-006,2024-07-11,34.2525
FS-IDX-006,2024-07-12,34.4798
FS-IDX-006,2024-07-15,34.4059
FS-IDX-006,2024-07-16,34.4041
FS-IDX-006,2024-07-17,34.4912
FS-IDX-006,2024-07-18,34.7321
FS-IDX-006,2024-07-19,34.6956
FS-IDX-006,2024-07-22,34.7554
FS-IDX-006,2024-07-23,34.7120
FS-IDX-006,2024-07-24,35.1358
FS-IDX-006,2024-07-25,35.3644
FS-IDX-006,2024-07-26,35.6099
FS-IDX-006,2024-07-29,36.1873
FS-IDX-006,2024-07-30,35.6665
FS-IDX-006,2024-07-31,35.5541
FS-IDX-006,2024-08-01,35.6538
FS-IDX-006,2024-08-02,35.5557
FS-IDX-006,2024-08-05,35.4345
FS-IDX-006,2024-08-06,35.5822
FS-IDX-006,2024-08-07,35.3533
FS-IDX-006,2024-08-08,35.1853
FS-IDX-006,2024-08-09,35.3943
FS-IDX-006,2024-08-12,35.8635
FS-IDX-006,2024-08-13,35.9860
FS-IDX-006,2024-08-14,36.3540
FS-IDX-006,2024-08-15,36.3875
FS-IDX-006,2024-08-16,36.4419
FS-IDX-006,2024-08-19,36.5241
FS-IDX-006,2024-08-20,36.3789
FS-IDX-006,2024-08-21,36.6822
FS-IDX-006,2024-08-22,36.3158
FS-IDX-006,2024-08-23,36.5187
FS-IDX-006,2024-08-26,36.5285
FS-IDX-006,2024-08-27,36.5975
FS-IDX-006,2024-08-28,36.7973
FS-IDX-006,2024-08-29,36.8898
FS-IDX-006,2024-08-30,36.7022
FS-IDX-006,2024-09-02,36.5148
FS-IDX-006,2024-09-03,36.5559
FS-IDX-006,2024-09-04,36.5153
FS-IDX-006,2024-09-05,36.6629
FS-IDX-006,2024-09-06,35.7849
FS-IDX-006,2024-09-09,35.7838
FS-IDX-006,2024-09-10,35.6506
FS-IDX-006,2024-09-11,35.7112
FS-IDX-006,2024-09-12,35.6287
FS-IDX-006,2024-09-13,35.4943
FS-IDX-006,2024-09-16,35.8345
FS-IDX-006,2024-09-17,35.5233
FS-IDX-006,2024-09-18,35.5358
FS-IDX-006,2024-09-19,35.0520
FS-IDX-006,2024-09-20,35.2033
FS-IDX-006,2024-09-23,34.9972
FS-IDX-006,2024-09-24,34.8062
FS-IDX-006,2024-09-25,34.5005
FS-IDX-006,2024-09-26,34.1433
FS-IDX-006,2024-09-27,34.1546
FS-IDX-006,2024-09-30,33.9798
FS-IDX-006,2024-10-01,34.1308
FS-IDX-006,2024-10-02,34.2487
FS-IDX-006,2024-10-03,34.2922
FS-IDX-006,2024-10-04,34.0604
FS-IDX-006,2024-10-07,33.9865
FS-IDX-006,2024-10-08,34.1512
FS-IDX-006,2024-10-09,34.0097
FS-IDX-006,2024-10-10,34.1827
FS-IDX-006,2024-10-11,34.2564
FS-IDX-006,2024-10-14,34.2994
FS-IDX-006,2024-10-15,33.7301
FS-IDX-006,2024-10-16,34.2882
FS-IDX-006,2024-10-17,34.4607
FS-IDX-006,2024-10-18,34.7129
FS-IDX-006,2024-10-21,34.4020
FS-IDX-006,2024-10-22,34.2679
FS-IDX-006,2024-10-23,34.3325
FS-IDX-006,2024-10-24,34.0063
FS-IDX-006,2024-10-25,33.9473
FS-IDX-006,2024-10-28,34.4150
FS-IDX-006,2024-10-29,34.6286
FS-IDX-006,2024-10-30,34.6572
FS-IDX-006,2024-10-31,34.5089
FS-IDX-006,2024-11-01,34.4945
FS-IDX-006,2024-11-04,34.6810
FS-IDX-006,2024-11-05,34.3317
FS-IDX-006,2024-11-06,34.2625
FS-IDX-006,2024-11-07,34.3335
FS-IDX-006,2024-11-08,34.7411
FS-IDX-006,2024-11-11,35.0757
FS-IDX-006,2024-11-12,35.2006
FS-IDX-006,2024-11-13,35.3703
FS-IDX-006,2024-11-14,35.2720
FS-IDX-006,2024-11-15,35.1603
FS-IDX-006,2024-11-18,35.4214
FS-IDX-006,2024-11-19,35.5163
FS-IDX-006,2024-11-20,35.3059
FS-IDX-006,2024-11-21,35.4732
FS-IDX-006,2024-11-22,35.4634
FS-IDX-006,2024-11-25,35.4402
FS-IDX-006,2024-11-26,35.5106
FS-IDX-006,2024-11-27,35.3432
FS-IDX-006,2024-11-28,35.7613
FS-IDX-006,2024-11-29,35.7688
FS-IDX-006,2024-12-02,36.0812
FS-IDX-006,2024-12-03,35.9544
FS-IDX-006,2024-12-04,35.8870
FS-IDX-006,2024-12-05,36.1508
FS-IDX-006,2024-12-06,36.3341
FS-IDX-006,2024-12-09,36.4884
FS-IDX-006,2024-12-10,36.3223
FS-IDX-006,2024-12-11,36.5408
FS-IDX-006,2024-12-12,36.9580
FS-IDX-006,2024-12-13,36.5053
FS-IDX-006,2024-12-16,36.3548
FS-IDX-006,2024-12-17,35.7860
FS-IDX-006,2024-12-18,35.6770
FS-IDX-006,2024-12-19,35.4969
FS-IDX-006,2024-12-20,35.4270
FS-IDX-006,2024-12-23,35.1529
FS-IDX-006,2024-12-24,35.1811
FS-IDX-006,2024-12-25,35.0433
FS-IDX-006,2024-12-26,35.0863
FS-IDX-006,2024-12-27,35.4878
FS-IDX-006,2024-12-30,35.5316
FS-IDX-006,2024-12-31,35.6303
FS-IDX-006,2025-01-01,36.0305
FS-IDX-006,2025-01-02,36.2493
FS-IDX-006,2025-01-03,35.9564
FS-IDX-006,2025-01-06,36.2703
FS-IDX-006,2025-01-07,36.4028
FS-IDX-006,2025-01-08,36.3804
FS-IDX-006,2025-01-09,36.5226
FS-IDX-006,2025-01-10,36.6548
FS-IDX-006,2025-01-13,36.7980
FS-IDX-006,2025-01-14,36.7716
FS-IDX-006,2025-01-15,37.2018
FS-IDX-006,2025-01-16,37.3629
FS-IDX-006,2025-01-17,37.2601
FS-IDX-006,2025-01-20,37.6051
FS-IDX-006,2025-01-21,37.8084
FS-IDX-006,2025-01-22,37.9001
FS-IDX-006,2025-01-23,38.5053
FS-IDX-006,2025-01-24,38.3243
FS-IDX-006,2025-01-27,38.1570
FS-IDX-006,2025-01-28,38.3201
FS-IDX-006,2025-01-29,38.4182
FS-IDX-006,2025-01-30,38.3531
FS-IDX-006,2025-01-31,38.6311
FS-IDX-006,2025-02-03,38.7254
FS-IDX-006,2025-02-04,38.5302
FS-IDX-006,2025-02-05,38.2859
FS-IDX-006,2025-02-06,37.6911
FS-IDX-006,2025-02-07,40.0847
FS-IDX-006,2025-02-10,40.3077
FS-IDX-006,2025-02-11,40.5509
FS-IDX-006,2025-02-12,40.9304
FS-IDX-006,2025-02-13,40.8349
FS-IDX-006,2025-02-14,41.5098
FS-IDX-006,2025-02-17,41.5327
FS-IDX-006,2025-02-18,41.8038
FS-IDX-006,2025-02-19,42.0871
FS-IDX-006,2025-02-20,42.1639
FS-IDX-006,2025-02-21,42.2265
FS-IDX-006,2025-02-24,42.5777
FS-IDX-006,2025-02-25,42.6392
FS-IDX-006,2025-02-26,42.4469
FS-IDX-006,2025-02-27,42.3857
FS-IDX-006,2025-02-28,42.2938
FS-IDX-006,2025-03-03,42.8002
FS-IDX-006,2025-03-04,43.0107
FS-IDX-006,2025-03-05,42.7774
FS-IDX-006,2025-03-06,42.6413
FS-IDX-006,2025-03-07,42.4620
FS-IDX-006,2025-03-10,42.4677
FS-IDX-006,2025-03-11,42.4596
FS-IDX-006,2025-03-12,42.8500
FS-IDX-006,2025-03-13,42.5183
FS-IDX-006,2025-03-14,42.8236
FS-IDX-006,2025-03-17,42.8345
FS-IDX-006,2025-03-18,42.5769
FS-IDX-006,2025-03-19,42.8529
FS-IDX-006,2025-03-20,43.4903
FS-IDX-006,2025-03-21,43.2696
FS-IDX-006,2025-03-24,42.3736
FS-IDX-006,2025-03-25,42.3449
FS-IDX-006,2025-03-26,42.4783
FS-IDX-006,2025-03-27,42.5843
FS-IDX-006,2025-03-28,42.2942
FS-IDX-006,2025-03-31,42.2117
FS-IDX-006,2025-04-01,42.0839
FS-IDX-006,2025-04-02,42.2034
FS-IDX-006,2025-04-03,43.9631
FS-IDX-006,2025-04-04,43.5966
FS-IDX-006,2025-04-07,43.3626
FS-IDX-006,2025-04-08,43.3751
FS-IDX-006,2025-04-09,43.4115
FS-IDX-006,2025-04-10,43.1470
FS-IDX-006,2025-04-11,43.1395
FS-IDX-006,2025-04-14,42.9001
FS-IDX-006,2025-04-15,42.3367
FS-IDX-006,2025-04-16,42.4039
FS-IDX-006,2025-04-17,42.5723
FS-IDX-006,2025-04-18,42.9198
FS-IDX-006,2025-04-21,42.7758
FS-IDX-006,2025-04-22,42.7529
FS-IDX-006,2025-04-23,42.7295
FS-IDX-006,2025-04-24,42.5415
FS-IDX-006,2025-04-25,42.3224
FS-IDX-006,2025-04-28,42.4720
FS-IDX-006,2025-04-29,42.3742
FS-IDX-006,2025-04-30,42.6072
FS-IDX-006,2025-05-01,42.2268
FS-IDX-006,2025-05-02,42.0294
FS-IDX-006,2025-05-05,42.3267
FS-IDX-006,2025-05-06,41.9818
FS-IDX-006,2025-05-07,41.9398
FS-IDX-006,2025-05-08,42.2180
FS-IDX-006,2025-05-09,42.5238
FS-IDX-006,2025-05-12,42.1332
FS-IDX-006,2025-05-13,41.5198
FS-IDX-006,2025-05-14,41.5419
FS-IDX-006,2025-05-15,41.5261
FS-IDX-006,2025-05-16,41.4834
FS-IDX-006,2025-05-19,40.9726
FS-IDX-006,2025-05-20,41.2935
FS-IDX-006,2025-05-21,41.8811
FS-IDX-006,2025-05-22,41.6785
FS-IDX-006,2025-05-23,41.7127
FS-IDX-006,2025-05-26,41.5594
FS-IDX-006,2025-05-27,41.6638
FS-IDX-006,2025-05-28,41.9133
FS-IDX-006,2025-05-29,42.4083
FS-IDX-006,2025-05-30,43.2374
FS-IDX-006,2025-06-02,43.6083
FS-IDX-006,2025-06-03,43.3577
FS-IDX-006,2025-06-04,43.4903
FS-IDX-006,2025-06-05,42.9887
FS-IDX-006,2025-06-06,43.0322
FS-IDX-006,2025-06-09,42.9987
FS-IDX-006,2025-06-10,43.1080
FS-IDX-006,2025-06-11,43.1468
FS-IDX-006,2025-06-12,43.0775
FS-IDX-006,2025-06-13,42.9421
FS-IDX-006,2025-06-16,42.9702
FS-IDX-006,2025-06-17,42.8883
FS-IDX-006,2025-06-18,42.8790
FS-IDX-006,2025-06-19,42.9383
FS-IDX-006,2025-06-20,43.4044
FS-IDX-006,2025-06-23,43.3513
FS-IDX-006,2025-06-24,43.0144
FS-IDX-006,2025-06-25,43.0883
FS-IDX-006,2025-06-26,43.0463
FS-IDX-006,2025-06-27,42.9645
FS-IDX-006,2025-06-30,43.1942
FS-IDX-006,2025-07-01,43.4731
FS-IDX-006,2025-07-02,43.7801
FS-IDX-006,2025-07-03,44.0593
FS-IDX-006,2025-07-04,44.1822
FS-IDX-006,2025-07-07,44.1623
FS-IDX-006,2025-07-08,43.9194
FS-IDX-006,2025-07-09,44.6421
FS-IDX-006,2025-07-10,44.8561
FS-IDX-006,2025-07-11,45.0602
FS-IDX-006,2025-07-14,44.5201
FS-IDX-006,2025-07-15,44.7417
FS-IDX-006,2025-07-16,44.8464
FS-IDX-006,2025-07-17,44.3504
FS-IDX-006,2025-07-18,44.2828
FS-IDX-006,2025-07-21,43.7577
FS-IDX-006,2025-07-22,43.6721
FS-IDX-006,2025-07-23,43.9246
FS-IDX-006,2025-07-24,43.6731
FS-IDX-006,2025-07-25,43.7036
FS-IDX-006,2025-07-28,43.6438
FS-IDX-006,2025-07-29,43.8695
FS-IDX-006,2025-07-30,43.6358
FS-IDX-006,2025-07-31,43.7843
FS-IDX-006,2025-08-01,43.9019
FS-IDX-006,2025-08-04,43.6013
FS-IDX-006,2025-08-05,43.5430
FS-IDX-006,2025-08-06,43.6830
FS-IDX-006,2025-08-07,43.6876
FS-IDX-006,2025-08-08,43.5840
FS-IDX-006,2025-08-11,43.1981
FS-IDX-006,2025-08-12,43.0663
FS-IDX-006,2025-08-13,43.1639
FS-IDX-006,2025-08-14,43.5438
FS-IDX-006,2025-08-15,43.3379
FS-IDX-006,2025-08-18,43.3049
FS-IDX-006,2025-08-19,43.9249
FS-IDX-006,2025-08-20,44.0187
FS-IDX-006,2025-08-21,43.7307
FS-IDX-006,2025-08-22,43.5147
FS-IDX-006,2025-08-25,43.2924
FS-IDX-006,2025-08-26,43.7965
FS-IDX-006,2025-08-27,43.7917
FS-IDX-006,2025-08-28,44.5713
FS-IDX-006,2025-08-29,44.5798
FS-IDX-006,2025-09-01,44.0578
FS-IDX-006,2025-09-02,44.2194
FS-IDX-006,2025-09-03,44.3156
FS-IDX-006,2025-09-04,45.0614
FS-IDX-006,2025-09-05,45.1246
FS-IDX-006,2025-09-08,45.3784
FS-IDX-006,2025-09-09,44.9709
FS-IDX-006,2025-09-10,44.9207
FS-IDX-006,2025-09-11,44.8451
FS-IDX-006,2025-09-12,44.9135
FS-IDX-006,2025-09-15,45.2833
FS-IDX-006,2025-09-16,44.7664
FS-IDX-006,2025-09-17,44.7178
FS-IDX-006,2025-09-18,44.9111
FS-IDX-006,2025-09-19,45.0872
FS-IDX-006,2025-09-22,42.3252
FS-IDX-006,2025-09-23,42.5925
FS-IDX-006,2025-09-24,42.6699
FS-IDX-006,2025-09-25,42.3181
FS-IDX-006,2025-09-26,42.2683
FS-IDX-006,2025-09-29,42.5677
FS-IDX-006,2025-09-30,43.2989
FS-IDX-006,2025-10-01,43.3985
FS-IDX-006,2025-10-02,43.7896
FS-IDX-006,2025-10-03,43.4169
FS-IDX-006,2025-10-06,43.6810
FS-IDX-006,2025-10-07,43.6992
FS-IDX-006,2025-10-08,43.6535
FS-IDX-006,2025-10-09,43.4013
FS-IDX-006,2025-10-10,43.4794
FS-IDX-006,2025-10-13,43.3752
FS-IDX-006,2025-10-14,43.4486
FS-IDX-006,2025-10-15,43.7166
FS-IDX-006,2025-10-16,43.9527
FS-IDX-006,2025-10-17,44.3263
FS-IDX-006,2025-10-20,43.9366
FS-IDX-006,2025-10-21,43.3399
FS-IDX-006,2025-10-22,42.7500
FS-IDX-006,2025-10-23,42.3026
FS-IDX-006,2025-10-24,42.3654
FS-IDX-006,2025-10-27,42.4602
FS-IDX-006,2025-10-28,42.4935
FS-IDX-006,2025-10-29,42.8629
FS-IDX-006,2025-10-30,42.8356
FS-IDX-006,2025-10-31,42.3666
FS-IDX-006,2025-11-03,42.1784
FS-IDX-006,2025-11-04,42.2509
FS-IDX-006,2025-11-05,42.5020
FS-IDX-006,2025-11-06,43.0487
FS-IDX-006,2025-11-07,43.1864
FS-IDX-006,2025-11-10,43.0671
FS-IDX-006,2025-11-11,43.2101
FS-IDX-006,2025-11-12,43.4749
FS-IDX-006,2025-11-13,43.4975
FS-IDX-006,2025-11-14,43.6617
FS-IDX-006,2025-11-17,44.0521
FS-IDX-006,2025-11-18,44.4873
FS-IDX-006,2025-11-19,44.5987
FS-IDX-006,2025-11-20,43.9832
FS-IDX-006,2025-11-21,43.6620
FS-IDX-006,2025-11-24,43.1130
FS-IDX-006,2025-11-25,43.2026
FS-IDX-006,2025-11-26,43.6612
FS-IDX-006,2025-11-27,43.4588
FS-IDX-006,2025-11-28,43.7071
FS-IDX-006,2025-12-01,44.6756
FS-IDX-006,2025-12-02,44.6361
FS-IDX-006,2025-12-03,44.2154
FS-IDX-006,2025-12-04,43.9309
FS-IDX-006,2025-12-05,43.9505
FS-IDX-006,2025-12-08,43.9848
FS-IDX-006,2025-12-09,44.0456
FS-IDX-006,2025-12-10,44.1231
FS-IDX-006,2025-12-11,44.1165
FS-IDX-006,2025-12-12,44.3915
FS-IDX-006,2025-12-15,44.2240
FS-IDX-006,2025-12-16,44.2150
FS-IDX-006,2025-12-17,43.9975
FS-IDX-006,2025-12-18,44.0659
FS-IDX-006,2025-12-19,43.9002
FS-IDX-006,2025-12-22,43.7764
FS-IDX-006,2025-12-23,44.3129
FS-IDX-006,2025-12-24,44.2677
FS-IDX-006,2025-12-25,44.3076
FS-IDX-006,2025-12-26,44.6415
FS-IDX-006,2025-12-29,44.7239
FS-IDX-006,2025-12-30,44.4441
FS-IDX-006,2025-12-31,44.4140
FS-IDX-006,2026-01-01,44.5683
FS-IDX-006,2026-01-02,44.8098
FS-IDX-006,2026-01-05,44.6863
FS-IDX-006,2026-01-06,44.1722
FS-IDX-006,2026-01-07,43.8514
FS-IDX-006,2026-01-08,43.5235
FS-IDX-006,2026-01-09,43.5368
FS-IDX-006,2026-01-12,43.5768
FS-IDX-006,2026-01-13,43.3315
FS-IDX-006,2026-01-14,45.0426
FS-IDX-006,2026-01-15,43.7841
FS-IDX-006,2026-01-16,43.6778
FS-IDX-006,2026-01-19,43.5168
FS-IDX-006,2026-01-20,44.3830
FS-IDX-006,2026-01-21,44.8690
FS-IDX-006,2026-01-22,45.7229
FS-IDX-006,2026-01-23,45.9778
FS-IDX-006,2026-01-26,46.7294
FS-IDX-006,2026-01-27,46.6598
FS-IDX-006,2026-01-28,46.6765
FS-IDX-006,2026-01-29,46.4908
FS-IDX-006,2026-01-30,46.0588
FS-IDX-006,2026-02-02,46.5192
FS-IDX-006,2026-02-03,46.9960
FS-IDX-006,2026-02-04,46.4571
FS-IDX-006,2026-02-05,47.2799
FS-IDX-006,2026-02-06,47.8485
FS-IDX-006,2026-02-09,47.9225
FS-IDX-006,2026-02-10,48.6912
FS-IDX-006,2026-02-11,48.7291
FS-IDX-006,2026-02-12,48.5467
FS-IDX-006,2026-02-13,48.2153
FS-IDX-006,2026-02-16,48.2370
FS-IDX-006,2026-02-17,47.8580
FS-IDX-006,2026-02-18,47.7933
FS-IDX-006,2026-02-19,47.8635
FS-IDX-006,2026-02-20,46.7803
FS-IDX-006,2026-02-23,46.3260
FS-IDX-006,2026-02-24,47.1628
FS-IDX-006,2026-02-25,47.4716
FS-IDX-006,2026-02-26,47.4088
FS-IDX-006,2026-02-27,47.3050
FS-IDX-006,2026-03-02,48.1470
FS-IDX-006,2026-03-03,47.6877
FS-IDX-006,2026-03-04,48.5101
FS-IDX-006,2026-03-05,48.2408
FS-IDX-006,2026-03-06,48.2439
FS-IDX-006,2026-03-09,47.8488
FS-IDX-006,2026-03-10,47.1529
FS-IDX-006,2026-03-11,46.9018
FS-IDX-006,2026-03-12,47.2815
FS-IDX-006,2026-03-13,47.7230
FS-IDX-006,2026-03-16,48.2141
FS-IDX-006,2026-03-17,46.5073
FS-IDX-006,2026-03-18,44.4636
FS-IDX-006,2026-03-19,44.5511
FS-IDX-006,2026-03-20,44.2268
FS-IDX-006,2026-03-23,43.4769
FS-IDX-006,2026-03-24,43.2895
FS-IDX-006,2026-03-25,43.5971
FS-IDX-006,2026-03-26,43.1299
FS-IDX-006,2026-03-27,44.0473
FS-IDX-006,2026-03-30,43.2004
FS-IDX-006,2026-03-31,43.5102
FS-IDX-006,2026-04-01,43.2946
FS-IDX-006,2026-04-02,43.3823
FS-IDX-006,2026-04-03,43.4096
FS-IDX-006,2026-04-06,42.9537
FS-IDX-006,2026-04-07,42.9066
FS-IDX-006,2026-04-08,42.6455
FS-IDX-006,2026-04-09,42.4220
FS-IDX-006,2026-04-10,42.2620
FS-IDX-006,2026-04-13,42.1281
FS-IDX-006,2026-04-14,42.4342
FS-IDX-006,2026-04-15,42.1641
FS-IDX-006,2026-04-16,42.4423
FS-IDX-006,2026-04-17,42.6992
FS-IDX-006,2026-04-20,42.7085
FS-IDX-006,2026-04-21,42.7393
FS-IDX-006,2026-04-22,43.0605
FS-IDX-006,2026-04-23,43.7858
FS-IDX-006,2026-04-24,43.9890
FS-IDX-006,2026-04-27,43.4804
FS-IDX-006,2026-04-28,43.3919
FS-IDX-006,2026-04-29,43.7680
FS-IDX-006,2026-04-30,44.5951
FS-IDX-006,2026-05-01,44.7789
FS-IDX-006,2026-05-04,44.9133
FS-IDX-006,2026-05-05,44.1026
FS-IDX-006,2026-05-06,43.6984
FS-IDX-006,2026-05-07,42.6464
FS-IDX-006,2026-05-08,43.3789
FS-IDX-006,2026-05-11,43.1816
FS-IDX-006,2026-05-12,42.7762
FS-IDX-006,2026-05-13,42.5137
FS-IDX-006,2026-05-14,42.1109
FS-IDX-006,2026-05-15,41.5184
FS-IDX-006,2026-05-18,41.0965
FS-IDX-006,2026-05-19,40.1865
FS-IDX-006,2026-05-20,40.0437
FS-IDX-006,2026-05-21,39.6565
FS-IDX-006,2026-05-22,39.9314
FS-IDX-006,2026-05-25,39.9721
FS-IDX-006,2026-05-26,39.1466
FS-IDX-006,2026-05-27,39.2903
FS-IDX-006,2026-05-28,39.1338
FS-IDX-006,2026-05-29,39.3217
FS-IDX-006,2026-06-01,39.5996
FS-IDX-006,2026-06-02,39.4231
FS-IDX-006,2026-06-03,39.3772
FS-IDX-006,2026-06-04,39.6386
FS-IDX-006,2026-06-05,39.8596
FS-IDX-006,2026-06-08,41.0763
FS-IDX-006,2026-06-09,40.9097
FS-IDX-006,2026-06-10,40.2644
FS-IDX-006,2026-06-11,40.3918
FS-IDX-006,2026-06-12,40.4322
FS-IDX-006,2026-06-15,40.2120
FS-IDX-006,2026-06-16,39.6663
FS-IDX-006,2026-06-17,39.5281
FS-IDX-006,2026-06-18,39.3729
FS-IDX-006,2026-06-19,39.1597
FS-IDX-006,2026-06-22,39.0356
FS-IDX-006,2026-06-23,39.1652
FS-IDX-006,2026-06-24,39.2750
FS-IDX-006,2026-06-25,39.5741
FS-IDX-006,2026-06-26,39.8584
FS-IDX-006,2026-06-29,40.0788
FS-IDX-006,2026-06-30,40.1195
FS-IDX-006,2026-07-01,40.4047
FS-IDX-006,2026-07-02,40.5376
FS-IDX-006,2026-07-03,40.1538
FS-IDX-006,2026-07-06,40.1411
FS-IDX-006,2026-07-07,39.9626
FS-IDX-006,2026-07-08,40.3126
FS-IDX-006,2026-07-09,40.3411
FS-IDX-006,2026-07-10,40.6260
FS-IDX-006,2026-07-13,40.6149
FS-IDX-006,2026-07-14,39.8974
FS-IDX-006,2026-07-15,40.1010
FS-IDX-006,2026-07-16,40.1227
FS-IDX-006,2026-07-17,40.5803
FS-IDX-006,2026-07-20,41.2193
FS-IDX-006,2026-07-21,41.7220
FS-IDX-006,2026-07-22,41.6737
FS-IDX-006,2026-07-23,41.1472
FS-IDX-006,2026-07-24,41.3044
FS-IDX-006,2026-07-27,41.3841
FS-IDX-006,2026-07-28,41.1312
FS-IDX-006,2026-07-29,40.6627
FS-IDX-006,2026-07-30,40.9687
FS-IDX-006,2026-07-31,41.1635
FS-IDX-006,2026-08-03,41.2238
FS-IDX-006,2026-08-04,41.0747
FS-IDX-006,2026-08-05,41.1947
FS-IDX-006,2026-08-06,41.4663
FS-IDX-006,2026-08-07,40.4422
FS-IDX-006,2026-08-10,40.5573
FS-IDX-006,2026-08-11,40.3342
FS-IDX-006,2026-08-12,39.1947
FS-IDX-006,2026-08-13,39.2449
FS-IDX-006,2026-08-14,38.8811
FS-IDX-006,2026-08-17,38.5012
FS-IDX-006,2026-08-18,38.1846
FS-IDX-006,2026-08-19,37.5806
FS-IDX-006,2026-08-20,37.7028
FS-IDX-006,2026-08-21,37.2435
FS-IDX-006,2026-08-24,37.3800
FS-IDX-006,2026-08-25,37.6716
FS-IDX-006,2026-08-26,37.5136
FS-IDX-006,2026-08-27,37.6159
FS-IDX-006,2026-08-28,37.8330
FS-IDX-006,2026-08-31,38.0773
FS-IDX-006,2026-09-01,37.8848
FS-IDX-006,2026-09-02,37.7491
FS-IDX-006,2026-09-03,37.5102
FS-IDX-006,2026-09-04,37.4646
FS-IDX-006,2026-09-07,37.5491
FS-IDX-006,2026-09-08,37.2703
FS-IDX-006,2026-09-09,37.4200
FS-IDX-006,2026-09-10,37.3443
FS-IDX-006,2026-09-11,37.4997
FS-IDX-006,2026-09-14,37.3486
FS-IDX-006,2026-09-15,37.0961
FS-IDX-006,2026-09-16,36.8278
FS-IDX-006,2026-09-17,36.8607
FS-IDX-006,2026-09-18,36.6702
FS-IDX-006,2026-09-21,36.8684
FS-IDX-006,2026-09-22,36.8424
FS-IDX-006,2026-09-23,36.9806
FS-IDX-006,2026-09-24,36.6543
FS-IDX-006,2026-09-25,35.4398
FS-IDX-006,2026-09-28,35.2674
FS-IDX-006,2026-09-29,34.8341
FS-IDX-006,2026-09-30,34.4551
FS-DB-007,2021-01-04,31.1042
FS-DB-007,2021-01-05,31.1719
FS-DB-007,2021-01-06,31.1358
FS-DB-007,2021-01-07,31.0992
FS-DB-007,2021-01-08,31.0939
FS-DB-007,2021-01-11,31.1043
FS-DB-007,2021-01-12,31.0835
FS-DB-007,2021-01-13,31.0766
FS-DB-007,2021-01-14,31.1512
FS-DB-007,2021-01-15,31.1521
FS-DB-007,2021-01-18,31.1803
FS-DB-007,2021-01-19,31.3016
FS-DB-007,2021-01-20,31.2091
FS-DB-007,2021-01-21,31.2348
FS-DB-007,2021-01-22,31.1859
FS-DB-007,2021-01-25,31.1577
FS-DB-007,2021-01-26,31.3039
FS-DB-007,2021-01-27,31.2711
FS-DB-007,2021-01-28,31.2340
FS-DB-007,2021-01-29,31.3157
FS-DB-007,2021-02-01,31.3587
FS-DB-007,2021-02-02,31.4342
FS-DB-007,2021-02-03,31.5119
FS-DB-007,2021-02-04,31.6603
FS-DB-007,2021-02-05,31.6611
FS-DB-007,2021-02-08,31.6825
FS-DB-007,2021-02-09,31.6854
FS-DB-007,2021-02-10,31.7214
FS-DB-007,2021-02-11,31.7705
FS-DB-007,2021-02-12,31.9272
FS-DB-007,2021-02-15,32.0173
FS-DB-007,2021-02-16,32.0236
FS-DB-007,2021-02-17,31.8658
FS-DB-007,2021-02-18,31.7610
FS-DB-007,2021-02-19,31.7395
FS-DB-007,2021-02-22,31.8203
FS-DB-007,2021-02-23,31.9466
FS-DB-007,2021-02-24,32.0116
FS-DB-007,2021-02-25,31.9673
FS-DB-007,2021-02-26,32.0369
FS-DB-007,2021-03-01,32.0185
FS-DB-007,2021-03-02,32.0260
FS-DB-007,2021-03-03,31.9702
FS-DB-007,2021-03-04,32.0147
FS-DB-007,2021-03-05,32.0750
FS-DB-007,2021-03-08,32.0624
FS-DB-007,2021-03-09,32.0882
FS-DB-007,2021-03-10,32.1497
FS-DB-007,2021-03-11,32.0991
FS-DB-007,2021-03-12,31.9720
FS-DB-007,2021-03-15,32.0542
FS-DB-007,2021-03-16,32.1059
FS-DB-007,2021-03-17,32.1180
FS-DB-007,2021-03-18,32.1674
FS-DB-007,2021-03-19,32.0900
FS-DB-007,2021-03-22,32.1296
FS-DB-007,2021-03-23,32.2023
FS-DB-007,2021-03-24,32.1352
FS-DB-007,2021-03-25,32.2102
FS-DB-007,2021-03-26,32.2831
FS-DB-007,2021-03-29,32.3484
FS-DB-007,2021-03-30,32.4229
FS-DB-007,2021-03-31,32.5681
FS-DB-007,2021-04-01,32.5701
FS-DB-007,2021-04-02,32.5140
FS-DB-007,2021-04-05,32.6142
FS-DB-007,2021-04-06,32.5848
FS-DB-007,2021-04-07,32.6798
FS-DB-007,2021-04-08,32.6906
FS-DB-007,2021-04-09,32.7263
FS-DB-007,2021-04-12,32.7180
FS-DB-007,2021-04-13,32.6566
FS-DB-007,2021-04-14,32.6704
FS-DB-007,2021-04-15,32.6561
FS-DB-007,2021-04-16,32.7615
FS-DB-007,2021-04-19,32.6649
FS-DB-007,2021-04-20,32.7244
FS-DB-007,2021-04-21,32.6414
FS-DB-007,2021-04-22,32.6885
FS-DB-007,2021-04-23,32.6487
FS-DB-007,2021-04-26,32.7400
FS-DB-007,2021-04-27,32.9187
FS-DB-007,2021-04-28,32.7845
FS-DB-007,2021-04-29,32.7686
FS-DB-007,2021-04-30,32.8339
FS-DB-007,2021-05-03,32.9658
FS-DB-007,2021-05-04,33.0608
FS-DB-007,2021-05-05,32.9378
FS-DB-007,2021-05-06,32.9460
FS-DB-007,2021-05-07,32.9509
FS-DB-007,2021-05-10,32.8382
FS-DB-007,2021-05-11,32.7752
FS-DB-007,2021-05-12,32.8209
FS-DB-007,2021-05-13,32.9204
FS-DB-007,2021-05-14,33.0191
FS-DB-007,2021-05-17,33.0866
FS-DB-007,2021-05-18,33.1783
FS-DB-007,2021-05-19,33.3042
FS-DB-007,2021-05-20,33.2653
FS-DB-007,2021-05-21,33.3009
FS-DB-007,2021-05-24,33.3976
FS-DB-007,2021-05-25,33.3494
FS-DB-007,2021-05-26,33.3784
FS-DB-007,2021-05-27,33.3430
FS-DB-007,2021-05-28,33.2850
FS-DB-007,2021-05-31,33.1498
FS-DB-007,2021-06-01,33.1785
FS-DB-007,2021-06-02,33.2561
FS-DB-007,2021-06-03,33.2328
FS-DB-007,2021-06-04,33.1872
FS-DB-007,2021-06-07,33.2651
FS-DB-007,2021-06-08,33.2717
FS-DB-007,2021-06-09,33.0991
FS-DB-007,2021-06-10,33.1515
FS-DB-007,2021-06-11,33.2172
FS-DB-007,2021-06-14,33.2990
FS-DB-007,2021-06-15,33.2962
FS-DB-007,2021-06-16,33.3123
FS-DB-007,2021-06-17,33.3756
FS-DB-007,2021-06-18,33.3667
FS-DB-007,2021-06-21,33.3812
FS-DB-007,2021-06-22,33.3994
FS-DB-007,2021-06-23,33.5367
FS-DB-007,2021-06-24,33.6592
FS-DB-007,2021-06-25,33.6513
FS-DB-007,2021-06-28,33.6605
FS-DB-007,2021-06-29,33.6216
FS-DB-007,2021-06-30,33.5797
FS-DB-007,2021-07-01,33.6260
FS-DB-007,2021-07-02,33.6302
FS-DB-007,2021-07-05,33.5342
FS-DB-007,2021-07-06,33.5581
FS-DB-007,2021-07-07,33.5016
FS-DB-007,2021-07-08,33.5455
FS-DB-007,2021-07-09,33.5626
FS-DB-007,2021-07-12,33.5924
FS-DB-007,2021-07-13,33.6142
FS-DB-007,2021-07-14,33.5544
FS-DB-007,2021-07-15,33.5403
FS-DB-007,2021-07-16,33.5960
FS-DB-007,2021-07-19,33.5748
FS-DB-007,2021-07-20,33.6366
FS-DB-007,2021-07-21,33.6105
FS-DB-007,2021-07-22,33.6429
FS-DB-007,2021-07-23,33.5731
FS-DB-007,2021-07-26,33.5205
FS-DB-007,2021-07-27,33.4862
FS-DB-007,2021-07-28,33.5014
FS-DB-007,2021-07-29,33.5170
FS-DB-007,2021-07-30,33.4104
FS-DB-007,2021-08-02,33.4268
FS-DB-007,2021-08-03,33.4646
FS-DB-007,2021-08-04,33.4782
FS-DB-007,2021-08-05,33.4261
FS-DB-007,2021-08-06,33.4680
FS-DB-007,2021-08-09,33.4717
FS-DB-007,2021-08-10,33.5565
FS-DB-007,2021-08-11,33.5905
FS-DB-007,2021-08-12,33.5883
FS-DB-007,2021-08-13,33.6214
FS-DB-007,2021-08-16,33.7131
FS-DB-007,2021-08-17,33.6857
FS-DB-007,2021-08-18,33.7604
FS-DB-007,2021-08-19,33.7339
FS-DB-007,2021-08-20,33.7592
FS-DB-007,2021-08-23,33.7597
FS-DB-007,2021-08-24,33.8385
FS-DB-007,2021-08-25,33.8615
FS-DB-007,2021-08-26,33.7686
FS-DB-007,2021-08-27,33.7647
FS-DB-007,2021-08-30,33.8692
FS-DB-007,2021-08-31,33.9189
FS-DB-007,2021-09-01,34.0022
FS-DB-007,2021-09-02,34.0291
FS-DB-007,2021-09-03,34.0403
FS-DB-007,2021-09-06,33.9308
FS-DB-007,2021-09-07,34.0827
FS-DB-007,2021-09-08,34.0386
FS-DB-007,2021-09-09,33.9868
FS-DB-007,2021-09-10,34.1127
FS-DB-007,2021-09-13,34.2126
FS-DB-007,2021-09-14,34.2316
FS-DB-007,2021-09-15,34.2514
FS-DB-007,2021-09-16,34.2080
FS-DB-007,2021-09-17,34.1097
FS-DB-007,2021-09-20,34.0566
FS-DB-007,2021-09-21,34.0247
FS-DB-007,2021-09-22,34.0405
FS-DB-007,2021-09-23,34.0409
FS-DB-007,2021-09-24,34.1267
FS-DB-007,2021-09-27,34.0913
FS-DB-007,2021-09-28,34.0990
FS-DB-007,2021-09-29,34.0251
FS-DB-007,2021-09-30,34.1201
FS-DB-007,2021-10-01,34.0211
FS-DB-007,2021-10-04,34.2102
FS-DB-007,2021-10-05,34.3377
FS-DB-007,2021-10-06,34.3339
FS-DB-007,2021-10-07,34.3336
FS-DB-007,2021-10-08,34.2926
FS-DB-007,2021-10-11,34.2185
FS-DB-007,2021-10-12,34.4033
FS-DB-007,2021-10-13,34.3113
FS-DB-007,2021-10-14,34.3766
FS-DB-007,2021-10-15,34.4084
FS-DB-007,2021-10-18,34.4310
FS-DB-007,2021-10-19,34.5346
FS-DB-007,2021-10-20,34.3970
FS-DB-007,2021-10-21,34.5258
FS-DB-007,2021-10-22,34.4897
FS-DB-007,2021-10-25,34.4740
FS-DB-007,2021-10-26,34.4001
FS-DB-007,2021-10-27,34.2573
FS-DB-007,2021-10-28,34.3018
FS-DB-007,2021-10-29,34.2667
FS-DB-007,2021-11-01,34.2151
FS-DB-007,2021-11-02,34.1420
FS-DB-007,2021-11-03,34.1814
FS-DB-007,2021-11-04,34.1256
FS-DB-007,2021-11-05,34.2561
FS-DB-007,2021-11-08,34.2453
FS-DB-007,2021-11-09,34.2983
FS-DB-007,2021-11-10,34.4476
FS-DB-007,2021-11-11,34.4501
FS-DB-007,2021-11-12,34.4508
FS-DB-007,2021-11-15,34.4270
FS-DB-007,2021-11-16,34.3985
FS-DB-007,2021-11-17,34.4255
FS-DB-007,2021-11-18,34.4523
FS-DB-007,2021-11-19,34.3333
FS-DB-007,2021-11-22,34.4790
FS-DB-007,2021-11-23,34.6999
FS-DB-007,2021-11-24,34.6485
FS-DB-007,2021-11-25,34.6136
FS-DB-007,2021-11-26,34.6400
FS-DB-007,2021-11-29,34.7509
FS-DB-007,2021-11-30,34.5455
FS-DB-007,2021-12-01,34.5293
FS-DB-007,2021-12-02,34.6134
FS-DB-007,2021-12-03,34.6490
FS-DB-007,2021-12-06,34.5955
FS-DB-007,2021-12-07,34.7087
FS-DB-007,2021-12-08,34.6372
FS-DB-007,2021-12-09,34.6117
FS-DB-007,2021-12-10,34.6298
FS-DB-007,2021-12-13,34.6274
FS-DB-007,2021-12-14,34.7150
FS-DB-007,2021-12-15,34.7523
FS-DB-007,2021-12-16,34.8326
FS-DB-007,2021-12-17,34.9010
FS-DB-007,2021-12-20,34.8823
FS-DB-007,2021-12-21,34.9531
FS-DB-007,2021-12-22,34.9362
FS-DB-007,2021-12-23,35.0581
FS-DB-007,2021-12-24,35.0481
FS-DB-007,2021-12-27,35.1271
FS-DB-007,2021-12-28,35.1474
FS-DB-007,2021-12-29,35.1448
FS-DB-007,2021-12-30,35.1333
FS-DB-007,2021-12-31,35.1878
FS-DB-007,2022-01-03,35.1431
FS-DB-007,2022-01-04,35.2571
FS-DB-007,2022-01-05,35.3678
FS-DB-007,2022-01-06,35.3226
FS-DB-007,2022-01-07,35.4634
FS-DB-007,2022-01-10,35.3522
FS-DB-007,2022-01-11,35.3045
FS-DB-007,2022-01-12,35.3262
FS-DB-007,2022-01-13,35.2552
FS-DB-007,2022-01-14,35.2545
FS-DB-007,2022-01-17,35.2336
FS-DB-007,2022-01-18,35.2034
FS-DB-007,2022-01-19,35.2325
FS-DB-007,2022-01-20,35.1283
FS-DB-007,2022-01-21,34.9589
FS-DB-007,2022-01-24,34.8957
FS-DB-007,2022-01-25,35.0648
FS-DB-007,2022-01-26,35.0818
FS-DB-007,2022-01-27,35.0269
FS-DB-007,2022-01-28,35.1038
FS-DB-007,2022-01-31,35.1005
FS-DB-007,2022-02-01,35.0722
FS-DB-007,2022-02-02,35.0429
FS-DB-007,2022-02-03,34.9081
FS-DB-007,2022-02-04,34.8845
FS-DB-007,2022-02-07,34.9043
FS-DB-007,2022-02-08,34.9116
FS-DB-007,2022-02-09,35.0588
FS-DB-007,2022-02-10,35.0529
FS-DB-007,2022-02-11,35.1022
FS-DB-007,2022-02-14,35.0581
FS-DB-007,2022-02-15,35.0346
FS-DB-007,2022-02-16,35.0682
FS-DB-007,2022-02-17,35.1190
FS-DB-007,2022-02-18,35.1505
FS-DB-007,2022-02-21,35.2186
FS-DB-007,2022-02-22,35.2721
FS-DB-007,2022-02-23,35.3950
FS-DB-007,2022-02-24,35.3270
FS-DB-007,2022-02-25,35.3515
FS-DB-007,2022-02-28,35.3274
FS-DB-007,2022-03-01,35.3139
FS-DB-007,2022-03-02,35.4143
FS-DB-007,2022-03-03,35.3960
FS-DB-007,2022-03-04,35.4560
FS-DB-007,2022-03-07,35.5304
FS-DB-007,2022-03-08,35.6153
FS-DB-007,2022-03-09,35.5568
FS-DB-007,2022-03-10,35.5924
FS-DB-007,2022-03-11,35.5754
FS-DB-007,2022-03-14,35.7286
FS-DB-007,2022-03-15,35.7224
FS-DB-007,2022-03-16,35.8016
FS-DB-007,2022-03-17,35.7803
FS-DB-007,2022-03-18,35.7395
FS-DB-007,2022-03-21,35.6990
FS-DB-007,2022-03-22,35.7400
FS-DB-007,2022-03-23,35.7988
FS-DB-007,2022-03-24,35.8298
FS-DB-007,2022-03-25,35.8502
FS-DB-007,2022-03-28,35.8680
FS-DB-007,2022-03-29,35.9426
FS-DB-007,2022-03-30,35.9559
FS-DB-007,2022-03-31,36.0800
FS-DB-007,2022-04-01,36.0870
FS-DB-007,2022-04-04,35.8929
FS-DB-007,2022-04-05,35.8737
FS-DB-007,2022-04-06,35.8051
FS-DB-007,2022-04-07,35.8372
FS-DB-007,2022-04-08,35.8816
FS-DB-007,2022-04-11,35.9547
FS-DB-007,2022-04-12,35.8606
FS-DB-007,2022-04-13,35.9779
FS-DB-007,2022-04-14,36.0414
FS-DB-007,2022-04-15,35.8897
FS-DB-007,2022-04-18,35.9030
FS-DB-007,2022-04-19,35.8355
FS-DB-007,2022-04-20,35.7945
FS-DB-007,2022-04-21,35.7258
FS-DB-007,2022-04-22,35.6862
FS-DB-007,2022-04-25,35.7354
FS-DB-007,2022-04-26,35.7238
FS-DB-007,2022-04-27,35.7037
FS-DB-007,2022-04-28,35.5818
FS-DB-007,2022-04-29,35.4380
FS-DB-007,2022-05-02,35.4226
FS-DB-007,2022-05-03,35.3141
FS-DB-007,2022-05-04,35.2506
FS-DB-007,2022-05-05,35.3742
FS-DB-007,2022-05-06,35.4091
FS-DB-007,2022-05-09,35.4125
FS-DB-007,2022-05-10,35.3069
FS-DB-007,2022-05-11,35.3915
FS-DB-007,2022-05-12,35.4590
FS-DB-007,2022-05-13,35.5502
FS-DB-007,2022-05-16,35.5502
FS-DB-007,2022-05-17,35.4412
FS-DB-007,2022-05-18,35.4751
FS-DB-007,2022-05-19,35.4420
FS-DB-007,2022-05-20,35.4297
FS-DB-007,2022-05-23,35.3338
FS-DB-007,2022-05-24,35.4339
FS-DB-007,2022-05-25,35.4077
FS-DB-007,2022-05-26,35.3196
FS-DB-007,2022-05-27,35.3082
FS-DB-007,2022-05-30,35.2167
FS-DB-007,2022-05-31,35.0965
FS-DB-007,2022-06-01,35.0740
FS-DB-007,2022-06-02,35.0093
FS-DB-007,2022-06-03,35.0490
FS-DB-007,2022-06-06,35.0090
FS-DB-007,2022-06-07,35.0497
FS-DB-007,2022-06-08,35.0738
FS-DB-007,2022-06-09,35.0490
FS-DB-007,2022-06-10,35.0410
FS-DB-007,2022-06-13,35.0207
FS-DB-007,2022-06-14,35.0465
FS-DB-007,2022-06-15,35.0029
FS-DB-007,2022-06-16,34.8453
FS-DB-007,2022-06-17,34.7056
FS-DB-007,2022-06-20,34.6290
FS-DB-007,2022-06-21,34.5988
FS-DB-007,2022-06-22,34.6005
FS-DB-007,2022-06-23,34.6491
FS-DB-007,2022-06-24,34.6009
FS-DB-007,2022-06-27,34.5840
FS-DB-007,2022-06-28,34.7753
FS-DB-007,2022-06-29,34.7315
FS-DB-007,2022-06-30,34.7590
FS-DB-007,2022-07-01,34.7771
FS-DB-007,2022-07-04,34.7528
FS-DB-007,2022-07-05,34.6488
FS-DB-007,2022-07-06,34.6793
FS-DB-007,2022-07-07,34.7486
FS-DB-007,2022-07-08,34.5870
FS-DB-007,2022-07-11,34.6668
FS-DB-007,2022-07-12,34.6670
FS-DB-007,2022-07-13,34.6647
FS-DB-007,2022-07-14,34.6171
FS-DB-007,2022-07-15,34.5696
FS-DB-007,2022-07-18,34.6045
FS-DB-007,2022-07-19,34.6291
FS-DB-007,2022-07-20,34.5816
FS-DB-007,2022-07-21,34.6458
FS-DB-007,2022-07-22,34.5129
FS-DB-007,2022-07-25,34.4910
FS-DB-007,2022-07-26,34.4924
FS-DB-007,2022-07-27,34.5622
FS-DB-007,2022-07-28,34.6747
FS-DB-007,2022-07-29,34.7229
FS-DB-007,2022-08-01,34.6708
FS-DB-007,2022-08-02,34.6720
FS-DB-007,2022-08-03,34.5266
FS-DB-007,2022-08-04,34.4843
FS-DB-007,2022-08-05,34.4737
FS-DB-007,2022-08-08,34.4392
FS-DB-007,2022-08-09,34.5657
FS-DB-007,2022-08-10,34.6228
FS-DB-007,2022-08-11,34.5574
FS-DB-007,2022-08-12,34.6352
FS-DB-007,2022-08-15,34.5518
FS-DB-007,2022-08-16,34.4783
FS-DB-007,2022-08-17,34.4690
FS-DB-007,2022-08-18,34.5214
FS-DB-007,2022-08-19,34.5886
FS-DB-007,2022-08-22,34.4295
FS-DB-007,2022-08-23,34.4708
FS-DB-007,2022-08-24,34.4925
FS-DB-007,2022-08-25,34.5429
FS-DB-007,2022-08-26,34.4474
FS-DB-007,2022-08-29,34.3661
FS-DB-007,2022-08-30,34.4744
FS-DB-007,2022-08-31,34.4122
FS-DB-007,2022-09-01,34.4119
FS-DB-007,2022-09-02,34.4759
FS-DB-007,2022-09-05,34.4242
FS-DB-007,2022-09-06,34.4442
FS-DB-007,2022-09-07,34.4510
FS-DB-007,2022-09-08,34.4970
FS-DB-007,2022-09-09,34.5025
FS-DB-007,2022-09-12,34.5687
FS-DB-007,2022-09-13,34.5357
FS-DB-007,2022-09-14,34.4808
FS-DB-007,2022-09-15,34.4825
FS-DB-007,2022-09-16,34.5043
FS-DB-007,2022-09-19,34.4571
FS-DB-007,2022-09-20,34.4907
FS-DB-007,2022-09-21,34.4965
FS-DB-007,2022-09-22,34.5810
FS-DB-007,2022-09-23,34.6434
FS-DB-007,2022-09-26,34.4544
FS-DB-007,2022-09-27,34.2982
FS-DB-007,2022-09-28,34.2865
FS-DB-007,2022-09-29,34.2334
FS-DB-007,2022-09-30,34.2041
FS-DB-007,2022-10-03,34.1963
FS-DB-007,2022-10-04,34.2774
FS-DB-007,2022-10-05,34.3354
FS-DB-007,2022-10-06,34.2134
FS-DB-007,2022-10-07,34.2087
FS-DB-007,2022-10-10,34.2321
FS-DB-007,2022-10-11,34.1355
FS-DB-007,2022-10-12,34.2202
FS-DB-007,2022-10-13,34.3280
FS-DB-007,2022-10-14,34.2427
FS-DB-007,2022-10-17,34.2565
FS-DB-007,2022-10-18,34.1871
FS-DB-007,2022-10-19,34.2216
FS-DB-007,2022-10-20,34.1988
FS-DB-007,2022-10-21,34.2566
FS-DB-007,2022-10-24,34.2722
FS-DB-007,2022-10-25,34.3018
FS-DB-007,2022-10-26,34.3532
FS-DB-007,2022-10-27,34.3813
FS-DB-007,2022-10-28,34.3042
FS-DB-007,2022-10-31,34.2779
FS-DB-007,2022-11-01,34.2860
FS-DB-007,2022-11-02,34.1722
FS-DB-007,2022-11-03,34.2008
FS-DB-007,2022-11-04,34.1998
FS-DB-007,2022-11-07,34.2809
FS-DB-007,2022-11-08,34.3182
FS-DB-007,2022-11-09,34.3968
FS-DB-007,2022-11-10,34.3950
FS-DB-007,2022-11-11,34.3587
FS-DB-007,2022-11-14,34.2278
FS-DB-007,2022-11-15,34.3542
FS-DB-007,2022-11-16,34.3107
FS-DB-007,2022-11-17,34.4583
FS-DB-007,2022-11-18,34.4915
FS-DB-007,2022-11-21,34.4664
FS-DB-007,2022-11-22,34.5872
FS-DB-007,2022-11-23,34.5738
FS-DB-007,2022-11-24,34.6000
FS-DB-007,2022-11-25,34.6666
FS-DB-007,2022-11-28,34.6412
FS-DB-007,2022-11-29,34.6061
FS-DB-007,2022-11-30,34.6741
FS-DB-007,2022-12-01,34.6578
FS-DB-007,2022-12-02,34.7368
FS-DB-007,2022-12-05,34.8012
FS-DB-007,2022-12-06,34.7244
FS-DB-007,2022-12-07,34.7819
FS-DB-007,2022-12-08,34.7279
FS-DB-007,2022-12-09,34.7231
FS-DB-007,2022-12-12,34.8076
FS-DB-007,2022-12-13,34.6360
FS-DB-007,2022-12-14,34.6268
FS-DB-007,2022-12-15,34.6947
FS-DB-007,2022-12-16,34.7399
FS-DB-007,2022-12-19,34.6841
FS-DB-007,2022-12-20,34.7059
FS-DB-007,2022-12-21,34.6903
FS-DB-007,2022-12-22,34.5804
FS-DB-007,2022-12-23,34.6329
FS-DB-007,2022-12-26,34.4579
FS-DB-007,2022-12-27,34.5110
FS-DB-007,2022-12-28,34.5104
FS-DB-007,2022-12-29,34.5431
FS-DB-007,2022-12-30,34.6955
FS-DB-007,2023-01-02,34.7204
FS-DB-007,2023-01-03,34.8578
FS-DB-007,2023-01-04,34.8682
FS-DB-007,2023-01-05,34.8899
FS-DB-007,2023-01-06,34.7342
FS-DB-007,2023-01-09,34.8000
FS-DB-007,2023-01-10,34.7090
FS-DB-007,2023-01-11,34.7525
FS-DB-007,2023-01-12,34.6922
FS-DB-007,2023-01-13,34.6592
FS-DB-007,2023-01-16,34.6878
FS-DB-007,2023-01-17,34.7302
FS-DB-007,2023-01-18,34.6582
FS-DB-007,2023-01-19,34.6651
FS-DB-007,2023-01-20,34.7456
FS-DB-007,2023-01-23,34.8197
FS-DB-007,2023-01-24,34.8357
FS-DB-007,2023-01-25,34.7722
FS-DB-007,2023-01-26,34.8092
FS-DB-007,2023-01-27,34.7854
FS-DB-007,2023-01-30,34.5884
FS-DB-007,2023-01-31,34.5770
FS-DB-007,2023-02-01,34.5867
FS-DB-007,2023-02-02,34.6657
FS-DB-007,2023-02-03,34.5821
FS-DB-007,2023-02-06,34.6171
FS-DB-007,2023-02-07,34.7360
FS-DB-007,2023-02-08,34.6902
FS-DB-007,2023-02-09,34.7337
FS-DB-007,2023-02-10,34.7228
FS-DB-007,2023-02-13,34.7404
FS-DB-007,2023-02-14,34.8488
FS-DB-007,2023-02-15,34.9032
FS-DB-007,2023-02-16,34.9827
FS-DB-007,2023-02-17,35.0167
FS-DB-007,2023-02-20,35.1519
FS-DB-007,2023-02-21,35.3989
FS-DB-007,2023-02-22,35.4692
FS-DB-007,2023-02-23,35.5123
FS-DB-007,2023-02-24,35.5453
FS-DB-007,2023-02-27,35.5793
FS-DB-007,2023-02-28,35.6557
FS-DB-007,2023-03-01,35.6340
FS-DB-007,2023-03-02,35.6123
FS-DB-007,2023-03-03,35.7318
FS-DB-007,2023-03-06,35.7100
FS-DB-007,2023-03-07,35.7458
FS-DB-007,2023-03-08,35.9039
FS-DB-007,2023-03-09,35.9094
FS-DB-007,2023-03-10,35.9002
FS-DB-007,2023-03-13,35.8861
FS-DB-007,2023-03-14,35.8876
FS-DB-007,2023-03-15,35.8894
FS-DB-007,2023-03-16,35.7939
FS-DB-007,2023-03-17,35.8228
FS-DB-007,2023-03-20,35.7641
FS-DB-007,2023-03-21,35.8181
FS-DB-007,2023-03-22,35.8766
FS-DB-007,2023-03-23,35.9254
FS-DB-007,2023-03-24,36.0893
FS-DB-007,2023-03-27,35.9573
FS-DB-007,2023-03-28,36.0273
FS-DB-007,2023-03-29,35.8744
FS-DB-007,2023-03-30,35.7096
FS-DB-007,2023-03-31,35.7738
FS-DB-007,2023-04-03,35.8183
FS-DB-007,2023-04-04,35.9668
FS-DB-007,2023-04-05,36.0399
FS-DB-007,2023-04-06,36.0066
FS-DB-007,2023-04-07,36.0522
FS-DB-007,2023-04-10,36.0932
FS-DB-007,2023-04-11,36.2453
FS-DB-007,2023-04-12,36.3015
FS-DB-007,2023-04-13,36.3482
FS-DB-007,2023-04-14,36.3815
FS-DB-007,2023-04-17,36.3842
FS-DB-007,2023-04-18,36.3667
FS-DB-007,2023-04-19,36.3607
FS-DB-007,2023-04-20,36.3762
FS-DB-007,2023-04-21,36.3550
FS-DB-007,2023-04-24,36.3548
FS-DB-007,2023-04-25,36.3514
FS-DB-007,2023-04-26,36.3234
FS-DB-007,2023-04-27,36.4374
FS-DB-007,2023-04-28,36.4360
FS-DB-007,2023-05-01,36.5113
FS-DB-007,2023-05-02,36.6096
FS-DB-007,2023-05-03,36.4753
FS-DB-007,2023-05-04,36.3848
FS-DB-007,2023-05-05,36.4761
FS-DB-007,2023-05-08,36.4774
FS-DB-007,2023-05-09,36.5639
FS-DB-007,2023-05-10,36.6954
FS-DB-007,2023-05-11,36.7428
FS-DB-007,2023-05-12,36.6952
FS-DB-007,2023-05-15,36.8040
FS-DB-007,2023-05-16,36.8921
FS-DB-007,2023-05-17,36.9674
FS-DB-007,2023-05-18,36.9240
FS-DB-007,2023-05-19,37.0744
FS-DB-007,2023-05-22,37.0634
FS-DB-007,2023-05-23,37.1543
FS-DB-007,2023-05-24,37.0784
FS-DB-007,2023-05-25,37.0808
FS-DB-007,2023-05-26,36.9945
FS-DB-007,2023-05-29,36.9650
FS-DB-007,2023-05-30,37.0421
FS-DB-007,2023-05-31,37.1062
FS-DB-007,2023-06-01,37.1326
FS-DB-007,2023-06-02,37.1572
FS-DB-007,2023-06-05,37.1186
FS-DB-007,2023-06-06,37.0593
FS-DB-007,2023-06-07,37.0465
FS-DB-007,2023-06-08,37.0230
FS-DB-007,2023-06-09,37.0088
FS-DB-007,2023-06-12,36.9913
FS-DB-007,2023-06-13,37.0640
FS-DB-007,2023-06-14,37.2620
FS-DB-007,2023-06-15,37.3781
FS-DB-007,2023-06-16,37.2990
FS-DB-007,2023-06-19,37.2114
FS-DB-007,2023-06-20,37.2122
FS-DB-007,2023-06-21,37.2688
FS-DB-007,2023-06-22,37.2129
FS-DB-007,2023-06-23,37.1288
FS-DB-007,2023-06-26,37.3042
FS-DB-007,2023-06-27,37.2175
FS-DB-007,2023-06-28,37.2390
FS-DB-007,2023-06-29,37.2199
FS-DB-007,2023-06-30,37.1863
FS-DB-007,2023-07-03,37.2149
FS-DB-007,2023-07-04,37.2947
FS-DB-007,2023-07-05,37.3096
FS-DB-007,2023-07-06,37.3664
FS-DB-007,2023-07-07,37.3341
FS-DB-007,2023-07-10,37.3479
FS-DB-007,2023-07-11,37.3973
FS-DB-007,2023-07-12,37.3688
FS-DB-007,2023-07-13,37.3950
FS-DB-007,2023-07-14,37.5217
FS-DB-007,2023-07-17,37.5865
FS-DB-007,2023-07-18,37.5340
FS-DB-007,2023-07-19,37.4885
FS-DB-007,2023-07-20,37.3483
FS-DB-007,2023-07-21,37.3863
FS-DB-007,2023-07-24,37.3374
FS-DB-007,2023-07-25,37.2351
FS-DB-007,2023-07-26,37.2548
FS-DB-007,2023-07-27,37.3745
FS-DB-007,2023-07-28,37.3687
FS-DB-007,2023-07-31,37.4385
FS-DB-007,2023-08-01,37.4424
FS-DB-007,2023-08-02,37.6337
FS-DB-007,2023-08-03,37.6932
FS-DB-007,2023-08-04,37.6543
FS-DB-007,2023-08-07,37.5485
FS-DB-007,2023-08-08,37.4540
FS-DB-007,2023-08-09,37.4588
FS-DB-007,2023-08-10,37.5655
FS-DB-007,2023-08-11,37.4719
FS-DB-007,2023-08-14,37.4401
FS-DB-007,2023-08-15,37.4197
FS-DB-007,2023-08-16,37.3847
FS-DB-007,2023-08-17,37.2676
FS-DB-007,2023-08-18,37.3732
FS-DB-007,2023-08-21,37.3403
FS-DB-007,2023-08-22,37.3618
FS-DB-007,2023-08-23,37.4668
FS-DB-007,2023-08-24,37.3618
FS-DB-007,2023-08-25,37.3785
FS-DB-007,2023-08-28,37.3759
FS-DB-007,2023-08-29,37.3427
FS-DB-007,2023-08-30,37.2113
FS-DB-007,2023-08-31,37.1594
FS-DB-007,2023-09-01,37.1843
FS-DB-007,2023-09-04,37.1817
FS-DB-007,2023-09-05,37.0611
FS-DB-007,2023-09-06,37.0402
FS-DB-007,2023-09-07,36.9763
FS-DB-007,2023-09-08,37.0709
FS-DB-007,2023-09-11,37.2302
FS-DB-007,2023-09-12,37.2885
FS-DB-007,2023-09-13,37.1910
FS-DB-007,2023-09-14,37.1109
FS-DB-007,2023-09-15,37.1872
FS-DB-007,2023-09-18,37.1671
FS-DB-007,2023-09-19,37.2401
FS-DB-007,2023-09-20,37.2147
FS-DB-007,2023-09-21,37.1798
FS-DB-007,2023-09-22,37.1370
FS-DB-007,2023-09-25,37.1222
FS-DB-007,2023-09-26,37.0561
FS-DB-007,2023-09-27,37.0242
FS-DB-007,2023-09-28,36.9569
FS-DB-007,2023-09-29,37.0116
FS-DB-007,2023-10-02,37.0377
FS-DB-007,2023-10-03,37.0025
FS-DB-007,2023-10-04,36.9891
FS-DB-007,2023-10-05,37.0065
FS-DB-007,2023-10-06,36.9733
FS-DB-007,2023-10-09,37.0166
FS-DB-007,2023-10-10,37.0377
FS-DB-007,2023-10-11,37.0255
FS-DB-007,2023-10-12,37.1071
FS-DB-007,2023-10-13,37.1525
FS-DB-007,2023-10-16,37.1052
FS-DB-007,2023-10-17,37.0760
FS-DB-007,2023-10-18,37.0465
FS-DB-007,2023-10-19,37.2233
FS-DB-007,2023-10-20,37.1989
FS-DB-007,2023-10-23,37.1564
FS-DB-007,2023-10-24,37.0445
FS-DB-007,2023-10-25,37.0282
FS-DB-007,2023-10-26,36.9237
FS-DB-007,2023-10-27,36.8097
FS-DB-007,2023-10-30,36.8954
FS-DB-007,2023-10-31,36.8946
FS-DB-007,2023-11-01,36.9048
FS-DB-007,2023-11-02,36.8888
FS-DB-007,2023-11-03,36.8791
FS-DB-007,2023-11-06,36.8268
FS-DB-007,2023-11-07,36.7954
FS-DB-007,2023-11-08,36.7910
FS-DB-007,2023-11-09,36.7005
FS-DB-007,2023-11-10,36.6686
FS-DB-007,2023-11-13,36.6155
FS-DB-007,2023-11-14,36.4603
FS-DB-007,2023-11-15,36.3551
FS-DB-007,2023-11-16,36.5391
FS-DB-007,2023-11-17,36.4795
FS-DB-007,2023-11-20,36.4537
FS-DB-007,2023-11-21,36.4365
FS-DB-007,2023-11-22,36.5765
FS-DB-007,2023-11-23,36.6527
FS-DB-007,2023-11-24,36.7852
FS-DB-007,2023-11-27,36.8934
FS-DB-007,2023-11-28,36.8640
FS-DB-007,2023-11-29,36.7934
FS-DB-007,2023-11-30,36.7506
FS-DB-007,2023-12-01,36.8088
FS-DB-007,2023-12-04,36.8808
FS-DB-007,2023-12-05,36.7474
FS-DB-007,2023-12-06,36.7006
FS-DB-007,2023-12-07,36.8300
FS-DB-007,2023-12-08,36.7917
FS-DB-007,2023-12-11,36.7036
FS-DB-007,2023-12-12,36.6494
FS-DB-007,2023-12-13,36.6050
FS-DB-007,2023-12-14,36.6405
FS-DB-007,2023-12-15,36.5074
FS-DB-007,2023-12-18,36.3839
FS-DB-007,2023-12-19,36.3610
FS-DB-007,2023-12-20,36.2522
FS-DB-007,2023-12-21,36.2897
FS-DB-007,2023-12-22,36.2929
FS-DB-007,2023-12-25,36.3405
FS-DB-007,2023-12-26,36.4094
FS-DB-007,2023-12-27,36.4998
FS-DB-007,2023-12-28,36.5263
FS-DB-007,2023-12-29,36.5402
FS-DB-007,2024-01-01,36.5206
FS-DB-007,2024-01-02,36.5391
FS-DB-007,2024-01-03,36.4821
FS-DB-007,2024-01-04,36.4930
FS-DB-007,2024-01-05,36.5733
FS-DB-007,2024-01-08,36.7340
FS-DB-007,2024-01-09,36.7993
FS-DB-007,2024-01-10,36.7724
FS-DB-007,2024-01-11,36.8267
FS-DB-007,2024-01-12,36.8507
FS-DB-007,2024-01-15,36.8908
FS-DB-007,2024-01-16,36.9983
FS-DB-007,2024-01-17,37.2356
FS-DB-007,2024-01-18,37.2156
FS-DB-007,2024-01-19,37.2185
FS-DB-007,2024-01-22,37.1880
FS-DB-007,2024-01-23,37.1064
FS-DB-007,2024-01-24,37.2161
FS-DB-007,2024-01-25,37.3356
FS-DB-007,2024-01-26,37.5172
FS-DB-007,2024-01-29,37.7507
FS-DB-007,2024-01-30,37.6812
FS-DB-007,2024-01-31,37.6526
FS-DB-007,2024-02-01,37.5798
FS-DB-007,2024-02-02,37.5694
FS-DB-007,2024-02-05,37.7692
FS-DB-007,2024-02-06,37.9521
FS-DB-007,2024-02-07,38.0361
FS-DB-007,2024-02-08,38.0556
FS-DB-007,2024-02-09,38.0789
FS-DB-007,2024-02-12,38.0999
FS-DB-007,2024-02-13,38.1377
FS-DB-007,2024-02-14,38.1146
FS-DB-007,2024-02-15,38.2128
FS-DB-007,2024-02-16,38.3121
FS-DB-007,2024-02-19,38.2718
FS-DB-007,2024-02-20,38.1610
FS-DB-007,2024-02-21,38.2849
FS-DB-007,2024-02-22,38.2422
FS-DB-007,2024-02-23,38.1871
FS-DB-007,2024-02-26,38.3355
FS-DB-007,2024-02-27,38.4327
FS-DB-007,2024-02-28,38.4470
FS-DB-007,2024-02-29,38.4818
FS-DB-007,2024-03-01,38.4455
FS-DB-007,2024-03-04,38.5576
FS-DB-007,2024-03-05,38.7041
FS-DB-007,2024-03-06,38.8306
FS-DB-007,2024-03-07,38.8570
FS-DB-007,2024-03-08,38.9428
FS-DB-007,2024-03-11,38.9318
FS-DB-007,2024-03-12,38.9379
FS-DB-007,2024-03-13,39.0379
FS-DB-007,2024-03-14,38.9730
FS-DB-007,2024-03-15,39.0987
FS-DB-007,2024-03-18,39.0750
FS-DB-007,2024-03-19,39.0772
FS-DB-007,2024-03-20,39.0964
FS-DB-007,2024-03-21,39.0977
FS-DB-007,2024-03-22,39.1861
FS-DB-007,2024-03-25,39.1994
FS-DB-007,2024-03-26,39.2798
FS-DB-007,2024-03-27,39.2976
FS-DB-007,2024-03-28,39.3706
FS-DB-007,2024-03-29,39.3465
FS-DB-007,2024-04-01,39.4036
FS-DB-007,2024-04-02,39.3071
FS-DB-007,2024-04-03,39.5233
FS-DB-007,2024-04-04,39.6258
FS-DB-007,2024-04-05,39.6019
FS-DB-007,2024-04-08,39.6843
FS-DB-007,2024-04-09,39.6957
FS-DB-007,2024-04-10,39.6648
FS-DB-007,2024-04-11,39.6455
FS-DB-007,2024-04-12,39.6477
FS-DB-007,2024-04-15,39.6905
FS-DB-007,2024-04-16,39.8458
FS-DB-007,2024-04-17,39.7606
FS-DB-007,2024-04-18,39.7181
FS-DB-007,2024-04-19,39.7307
FS-DB-007,2024-04-22,39.7792
FS-DB-007,2024-04-23,39.7523
FS-DB-007,2024-04-24,39.7283
FS-DB-007,2024-04-25,39.9122
FS-DB-007,2024-04-26,39.9347
FS-DB-007,2024-04-29,39.9826
FS-DB-007,2024-04-30,40.0863
FS-DB-007,2024-05-01,40.1629
FS-DB-007,2024-05-02,40.0883
FS-DB-007,2024-05-03,40.1478
FS-DB-007,2024-05-06,40.3322
FS-DB-007,2024-05-07,40.4216
FS-DB-007,2024-05-08,40.6632
FS-DB-007,2024-05-09,40.6348
FS-DB-007,2024-05-10,40.8466
FS-DB-007,2024-05-13,40.7913
FS-DB-007,2024-05-14,40.9065
FS-DB-007,2024-05-15,40.9801
FS-DB-007,2024-05-16,40.8785
FS-DB-007,2024-05-17,40.9544
FS-DB-007,2024-05-20,40.9844
FS-DB-007,2024-05-21,41.1224
FS-DB-007,2024-05-22,41.0864
FS-DB-007,2024-05-23,41.1633
FS-DB-007,2024-05-24,41.1195
FS-DB-007,2024-05-27,41.1425
FS-DB-007,2024-05-28,41.2547
FS-DB-007,2024-05-29,41.3108
FS-DB-007,2024-05-30,41.3332
FS-DB-007,2024-05-31,41.3269
FS-DB-007,2024-06-03,41.4853
FS-DB-007,2024-06-04,41.3345
FS-DB-007,2024-06-05,41.3504
FS-DB-007,2024-06-06,41.3948
FS-DB-007,2024-06-07,41.4898
FS-DB-007,2024-06-10,41.5250
FS-DB-007,2024-06-11,41.5980
FS-DB-007,2024-06-12,41.6164
FS-DB-007,2024-06-13,41.5045
FS-DB-007,2024-06-14,41.7426
FS-DB-007,2024-06-17,41.7214
FS-DB-007,2024-06-18,41.6792
FS-DB-007,2024-06-19,41.7510
FS-DB-007,2024-06-20,41.9388
FS-DB-007,2024-06-21,41.8831
FS-DB-007,2024-06-24,42.0139
FS-DB-007,2024-06-25,41.9651
FS-DB-007,2024-06-26,42.0115
FS-DB-007,2024-06-27,41.9505
FS-DB-007,2024-06-28,41.9360
FS-DB-007,2024-07-01,41.8538
FS-DB-007,2024-07-02,41.9125
FS-DB-007,2024-07-03,42.0358
FS-DB-007,2024-07-04,41.8950
FS-DB-007,2024-07-05,41.8252
FS-DB-007,2024-07-08,42.0531
FS-DB-007,2024-07-09,42.0540
FS-DB-007,2024-07-10,42.1237
FS-DB-007,2024-07-11,42.1708
FS-DB-007,2024-07-12,42.0371
FS-DB-007,2024-07-15,42.0808
FS-DB-007,2024-07-16,42.0519
FS-DB-007,2024-07-17,41.9525
FS-DB-007,2024-07-18,42.0796
FS-DB-007,2024-07-19,42.1762
FS-DB-007,2024-07-22,42.2665
FS-DB-007,2024-07-23,42.3112
FS-DB-007,2024-07-24,42.3884
FS-DB-007,2024-07-25,42.3657
FS-DB-007,2024-07-26,42.4069
FS-DB-007,2024-07-29,42.4353
FS-DB-007,2024-07-30,42.5533
FS-DB-007,2024-07-31,42.5448
FS-DB-007,2024-08-01,42.6273
FS-DB-007,2024-08-02,42.6089
FS-DB-007,2024-08-05,42.7604
FS-DB-007,2024-08-06,42.7012
FS-DB-007,2024-08-07,42.6994
FS-DB-007,2024-08-08,42.6797
FS-DB-007,2024-08-09,42.7565
FS-DB-007,2024-08-12,42.7234
FS-DB-007,2024-08-13,42.6382
FS-DB-007,2024-08-14,42.6856
FS-DB-007,2024-08-15,42.5295
FS-DB-007,2024-08-16,42.4357
FS-DB-007,2024-08-19,42.4491
FS-DB-007,2024-08-20,42.6285
FS-DB-007,2024-08-21,42.5480
FS-DB-007,2024-08-22,42.4824
FS-DB-007,2024-08-23,42.5225
FS-DB-007,2024-08-26,42.5216
FS-DB-007,2024-08-27,42.6593
FS-DB-007,2024-08-28,42.6571
FS-DB-007,2024-08-29,42.6413
FS-DB-007,2024-08-30,42.7205
FS-DB-007,2024-09-02,42.6222
FS-DB-007,2024-09-03,42.6578
FS-DB-007,2024-09-04,42.7735
FS-DB-007,2024-09-05,42.8822
FS-DB-007,2024-09-06,43.0530
FS-DB-007,2024-09-09,43.0831
FS-DB-007,2024-09-10,43.1952
FS-DB-007,2024-09-11,43.1690
FS-DB-007,2024-09-12,43.2635
FS-DB-007,2024-09-13,43.3247
FS-DB-007,2024-09-16,43.3786
FS-DB-007,2024-09-17,43.3155
FS-DB-007,2024-09-18,43.3356
FS-DB-007,2024-09-19,43.3457
FS-DB-007,2024-09-20,43.3919
FS-DB-007,2024-09-23,43.5286
FS-DB-007,2024-09-24,43.5548
FS-DB-007,2024-09-25,43.5207
FS-DB-007,2024-09-26,43.5531
FS-DB-007,2024-09-27,43.4074
FS-DB-007,2024-09-30,43.3615
FS-DB-007,2024-10-01,43.4214
FS-DB-007,2024-10-02,43.2698
FS-DB-007,2024-10-03,43.2934
FS-DB-007,2024-10-04,43.1918
FS-DB-007,2024-10-07,43.3693
FS-DB-007,2024-10-08,43.4952
FS-DB-007,2024-10-09,43.5492
FS-DB-007,2024-10-10,43.4414
FS-DB-007,2024-10-11,43.3398
FS-DB-007,2024-10-14,43.3601
FS-DB-007,2024-10-15,43.3139
FS-DB-007,2024-10-16,43.3114
FS-DB-007,2024-10-17,43.2567
FS-DB-007,2024-10-18,43.2811
FS-DB-007,2024-10-21,43.4053
FS-DB-007,2024-10-22,43.2740
FS-DB-007,2024-10-23,43.3534
FS-DB-007,2024-10-24,43.4763
FS-DB-007,2024-10-25,43.4636
FS-DB-007,2024-10-28,43.4363
FS-DB-007,2024-10-29,43.4346
FS-DB-007,2024-10-30,43.3202
FS-DB-007,2024-10-31,43.3325
FS-DB-007,2024-11-01,43.2353
FS-DB-007,2024-11-04,43.2505
FS-DB-007,2024-11-05,43.3132
FS-DB-007,2024-11-06,43.2959
FS-DB-007,2024-11-07,43.2966
FS-DB-007,2024-11-08,43.3308
FS-DB-007,2024-11-11,43.3577
FS-DB-007,2024-11-12,43.2387
FS-DB-007,2024-11-13,43.2448
FS-DB-007,2024-11-14,43.2345
FS-DB-007,2024-11-15,43.3013
FS-DB-007,2024-11-18,43.3865
FS-DB-007,2024-11-19,43.4274
FS-DB-007,2024-11-20,43.3809
FS-DB-007,2024-11-21,43.3420
FS-DB-007,2024-11-22,43.4557
FS-DB-007,2024-11-25,43.4460
FS-DB-007,2024-11-26,43.4610
FS-DB-007,2024-11-27,43.5219
FS-DB-007,2024-11-28,43.4898
FS-DB-007,2024-11-29,43.5007
FS-DB-007,2024-12-02,43.6525
FS-DB-007,2024-12-03,43.6253
FS-DB-007,2024-12-04,43.5355
FS-DB-007,2024-12-05,43.5719
FS-DB-007,2024-12-06,43.5465
FS-DB-007,2024-12-09,43.4552
FS-DB-007,2024-12-10,43.5118
FS-DB-007,2024-12-11,43.4662
FS-DB-007,2024-12-12,43.4731
FS-DB-007,2024-12-13,43.4598
FS-DB-007,2024-12-16,43.5089
FS-DB-007,2024-12-17,43.4683
FS-DB-007,2024-12-18,43.3708
FS-DB-007,2024-12-19,43.3465
FS-DB-007,2024-12-20,43.3154
FS-DB-007,2024-12-23,43.1699
FS-DB-007,2024-12-24,43.0852
FS-DB-007,2024-12-25,43.0424
FS-DB-007,2024-12-26,42.9239
FS-DB-007,2024-12-27,42.7200
FS-DB-007,2024-12-30,42.8977
FS-DB-007,2024-12-31,43.1270
FS-DB-007,2025-01-01,43.2177
FS-DB-007,2025-01-02,43.1636
FS-DB-007,2025-01-03,43.1199
FS-DB-007,2025-01-06,42.9834
FS-DB-007,2025-01-07,42.9639
FS-DB-007,2025-01-08,43.0946
FS-DB-007,2025-01-09,43.1647
FS-DB-007,2025-01-10,43.1239
FS-DB-007,2025-01-13,43.0988
FS-DB-007,2025-01-14,43.1299
FS-DB-007,2025-01-15,43.1062
FS-DB-007,2025-01-16,43.2264
FS-DB-007,2025-01-17,43.3003
FS-DB-007,2025-01-20,43.4406
FS-DB-007,2025-01-21,43.6150
FS-DB-007,2025-01-22,43.4961
FS-DB-007,2025-01-23,43.6073
FS-DB-007,2025-01-24,43.6345
FS-DB-007,2025-01-27,43.7369
FS-DB-007,2025-01-28,43.6917
FS-DB-007,2025-01-29,43.8443
FS-DB-007,2025-01-30,43.8241
FS-DB-007,2025-01-31,43.9264
FS-DB-007,2025-02-03,43.7792
FS-DB-007,2025-02-04,43.7313
FS-DB-007,2025-02-05,43.6711
FS-DB-007,2025-02-06,43.5855
FS-DB-007,2025-02-07,43.6719
FS-DB-007,2025-02-10,43.6524
FS-DB-007,2025-02-11,43.7539
FS-DB-007,2025-02-12,43.7607
FS-DB-007,2025-02-13,43.8398
FS-DB-007,2025-02-14,43.7903
FS-DB-007,2025-02-17,43.8454
FS-DB-007,2025-02-18,43.8577
FS-DB-007,2025-02-19,43.9669
FS-DB-007,2025-02-20,44.0084
FS-DB-007,2025-02-21,44.0948
FS-DB-007,2025-02-24,44.2506
FS-DB-007,2025-02-25,44.2479
FS-DB-007,2025-02-26,44.2030
FS-DB-007,2025-02-27,44.1025
FS-DB-007,2025-02-28,44.1467
FS-DB-007,2025-03-03,44.1428
FS-DB-007,2025-03-04,44.1650
FS-DB-007,2025-03-05,44.3910
FS-DB-007,2025-03-06,44.5677
FS-DB-007,2025-03-07,44.4264
FS-DB-007,2025-03-10,44.4715
FS-DB-007,2025-03-11,44.5755
FS-DB-007,2025-03-12,44.6481
FS-DB-007,2025-03-13,44.5890
FS-DB-007,2025-03-14,44.4915
FS-DB-007,2025-03-17,44.4603
FS-DB-007,2025-03-18,44.3581
FS-DB-007,2025-03-19,44.2692
FS-DB-007,2025-03-20,44.4168
FS-DB-007,2025-03-21,44.5278
FS-DB-007,2025-03-24,44.4452
FS-DB-007,2025-03-25,44.3900
FS-DB-007,2025-03-26,44.2590
FS-DB-007,2025-03-27,44.1677
FS-DB-007,2025-03-28,44.1709
FS-DB-007,2025-03-31,44.2246
FS-DB-007,2025-04-01,44.2893
FS-DB-007,2025-04-02,44.2944
FS-DB-007,2025-04-03,44.4199
FS-DB-007,2025-04-04,44.4682
FS-DB-007,2025-04-07,44.5979
FS-DB-007,2025-04-08,44.5643
FS-DB-007,2025-04-09,44.6016
FS-DB-007,2025-04-10,44.6284
FS-DB-007,2025-04-11,44.7125
FS-DB-007,2025-04-14,44.7646
FS-DB-007,2025-04-15,44.7339
FS-DB-007,2025-04-16,44.6547
FS-DB-007,2025-04-17,44.4698
FS-DB-007,2025-04-18,44.3616
FS-DB-007,2025-04-21,44.2570
FS-DB-007,2025-04-22,44.3108
FS-DB-007,2025-04-23,44.3335
FS-DB-007,2025-04-24,44.2609
FS-DB-007,2025-04-25,44.1544
FS-DB-007,2025-04-28,44.2045
FS-DB-007,2025-04-29,44.3414
FS-DB-007,2025-04-30,44.1338
FS-DB-007,2025-05-01,44.2144
FS-DB-007,2025-05-02,44.1400
FS-DB-007,2025-05-05,44.0269
FS-DB-007,2025-05-06,43.9499
FS-DB-007,2025-05-07,43.8313
FS-DB-007,2025-05-08,43.7318
FS-DB-007,2025-05-09,43.6498
FS-DB-007,2025-05-12,43.6774
FS-DB-007,2025-05-13,43.7563
FS-DB-007,2025-05-14,43.7706
FS-DB-007,2025-05-15,43.9003
FS-DB-007,2025-05-16,43.8523
FS-DB-007,2025-05-19,43.8605
FS-DB-007,2025-05-20,43.9175
FS-DB-007,2025-05-21,43.9309
FS-DB-007,2025-05-22,43.9433
FS-DB-007,2025-05-23,43.8784
FS-DB-007,2025-05-26,43.8877
FS-DB-007,2025-05-27,43.7955
FS-DB-007,2025-05-28,43.7176
FS-DB-007,2025-05-29,43.8522
FS-DB-007,2025-05-30,43.9545
FS-DB-007,2025-06-02,43.9897
FS-DB-007,2025-06-03,44.0353
FS-DB-007,2025-06-04,44.1480
FS-DB-007,2025-06-05,44.1939
FS-DB-007,2025-06-06,44.3425
FS-DB-007,2025-06-09,44.4225
FS-DB-007,2025-06-10,44.4778
FS-DB-007,2025-06-11,44.5517
FS-DB-007,2025-06-12,44.5678
FS-DB-007,2025-06-13,44.6801
FS-DB-007,2025-06-16,44.6380
FS-DB-007,2025-06-17,44.6329
FS-DB-007,2025-06-18,44.8175
FS-DB-007,2025-06-19,44.6935
FS-DB-007,2025-06-20,44.7711
FS-DB-007,2025-06-23,44.7498
FS-DB-007,2025-06-24,44.7298
FS-DB-007,2025-06-25,44.7870
FS-DB-007,2025-06-26,44.9722
FS-DB-007,2025-06-27,44.9129
FS-DB-007,2025-06-30,44.7815
FS-DB-007,2025-07-01,44.9437
FS-DB-007,2025-07-02,44.8748
FS-DB-007,2025-07-03,44.9545
FS-DB-007,2025-07-04,44.9347
FS-DB-007,2025-07-07,44.7854
FS-DB-007,2025-07-08,44.7104
FS-DB-007,2025-07-09,44.7270
FS-DB-007,2025-07-10,44.6049
FS-DB-007,2025-07-11,44.7055
FS-DB-007,2025-07-14,44.6226
FS-DB-007,2025-07-15,44.7568
FS-DB-007,2025-07-16,44.6549
FS-DB-007,2025-07-17,44.6280
FS-DB-007,2025-07-18,44.5288
FS-DB-007,2025-07-21,44.5477
FS-DB-007,2025-07-22,44.4867
FS-DB-007,2025-07-23,44.6132
FS-DB-007,2025-07-24,44.6294
FS-DB-007,2025-07-25,44.5469
FS-DB-007,2025-07-28,44.6341
FS-DB-007,2025-07-29,44.6262
FS-DB-007,2025-07-30,44.5259
FS-DB-007,2025-07-31,44.6314
FS-DB-007,2025-08-01,44.6294
FS-DB-007,2025-08-04,44.7870
FS-DB-007,2025-08-05,44.7659
FS-DB-007,2025-08-06,44.7379
FS-DB-007,2025-08-07,44.7222
FS-DB-007,2025-08-08,44.6008
FS-DB-007,2025-08-11,44.6545
FS-DB-007,2025-08-12,44.7196
FS-DB-007,2025-08-13,44.7399
FS-DB-007,2025-08-14,44.6316
FS-DB-007,2025-08-15,44.7511
FS-DB-007,2025-08-18,44.8998
FS-DB-007,2025-08-19,44.8618
FS-DB-007,2025-08-20,44.7017
FS-DB-007,2025-08-21,44.7919
FS-DB-007,2025-08-22,44.5119
FS-DB-007,2025-08-25,44.3913
FS-DB-007,2025-08-26,44.3412
FS-DB-007,2025-08-27,44.3184
FS-DB-007,2025-08-28,44.3679
FS-DB-007,2025-08-29,44.4821
FS-DB-007,2025-09-01,44.4395
FS-DB-007,2025-09-02,44.4042
FS-DB-007,2025-09-03,44.3243
FS-DB-007,2025-09-04,44.3134
FS-DB-007,2025-09-05,44.2883
FS-DB-007,2025-09-08,44.3373
FS-DB-007,2025-09-09,44.3807
FS-DB-007,2025-09-10,44.4772
FS-DB-007,2025-09-11,44.5334
FS-DB-007,2025-09-12,44.3886
FS-DB-007,2025-09-15,44.3043
FS-DB-007,2025-09-16,44.4324
FS-DB-007,2025-09-17,44.3900
FS-DB-007,2025-09-18,44.3082
FS-DB-007,2025-09-19,44.2624
FS-DB-007,2025-09-22,44.3964
FS-DB-007,2025-09-23,44.3992
FS-DB-007,2025-09-24,44.4867
FS-DB-007,2025-09-25,44.6247
FS-DB-007,2025-09-26,44.6808
FS-DB-007,2025-09-29,44.6595
FS-DB-007,2025-09-30,44.5475
FS-DB-007,2025-10-01,44.6068
FS-DB-007,2025-10-02,44.6545
FS-DB-007,2025-10-03,44.7521
FS-DB-007,2025-10-06,44.7751
FS-DB-007,2025-10-07,44.6781
FS-DB-007,2025-10-08,44.5704
FS-DB-007,2025-10-09,44.5013
FS-DB-007,2025-10-10,44.3717
FS-DB-007,2025-10-13,44.5104
FS-DB-007,2025-10-14,44.4654
FS-DB-007,2025-10-15,44.3735
FS-DB-007,2025-10-16,44.4220
FS-DB-007,2025-10-17,44.4860
FS-DB-007,2025-10-20,44.5222
FS-DB-007,2025-10-21,44.5294
FS-DB-007,2025-10-22,44.6496
FS-DB-007,2025-10-23,44.5988
FS-DB-007,2025-10-24,44.6081
FS-DB-007,2025-10-27,44.6680
FS-DB-007,2025-10-28,44.6013
FS-DB-007,2025-10-29,44.4135
FS-DB-007,2025-10-30,44.4755
FS-DB-007,2025-10-31,44.4962
FS-DB-007,2025-11-03,44.4246
FS-DB-007,2025-11-04,44.3277
FS-DB-007,2025-11-05,44.3275
FS-DB-007,2025-11-06,44.3900
FS-DB-007,2025-11-07,44.3892
FS-DB-007,2025-11-10,44.3158
FS-DB-007,2025-11-11,44.3793
FS-DB-007,2025-11-12,44.4134
FS-DB-007,2025-11-13,44.4713
FS-DB-007,2025-11-14,44.3250
FS-DB-007,2025-11-17,44.3029
FS-DB-007,2025-11-18,44.2050
FS-DB-007,2025-11-19,44.4371
FS-DB-007,2025-11-20,44.5446
FS-DB-007,2025-11-21,44.5585
FS-DB-007,2025-11-24,44.6292
FS-DB-007,2025-11-25,44.6739
FS-DB-007,2025-11-26,44.7178
FS-DB-007,2025-11-27,44.7796
FS-DB-007,2025-11-28,44.7575
FS-DB-007,2025-12-01,44.7846
FS-DB-007,2025-12-02,44.8276
FS-DB-007,2025-12-03,44.6984
FS-DB-007,2025-12-04,44.7265
FS-DB-007,2025-12-05,44.8027
FS-DB-007,2025-12-08,44.8448
FS-DB-007,2025-12-09,44.8552
FS-DB-007,2025-12-10,44.7228
FS-DB-007,2025-12-11,44.6994
FS-DB-007,2025-12-12,44.6372
FS-DB-007,2025-12-15,44.7336
FS-DB-007,2025-12-16,44.7769
FS-DB-007,2025-12-17,44.8498
FS-DB-007,2025-12-18,44.8394
FS-DB-007,2025-12-19,44.9376
FS-DB-007,2025-12-22,44.9663
FS-DB-007,2025-12-23,45.0632
FS-DB-007,2025-12-24,45.0071
FS-DB-007,2025-12-25,44.9047
FS-DB-007,2025-12-26,44.8516
FS-DB-007,2025-12-29,44.8800
FS-DB-007,2025-12-30,44.8469
FS-DB-007,2025-12-31,44.7838
FS-DB-007,2026-01-01,44.9385
FS-DB-007,2026-01-02,44.8688
FS-DB-007,2026-01-05,44.8284
FS-DB-007,2026-01-06,44.6620
FS-DB-007,2026-01-07,44.5837
FS-DB-007,2026-01-08,44.4796
FS-DB-007,2026-01-09,44.4701
FS-DB-007,2026-01-12,44.5149
FS-DB-007,2026-01-13,44.5331
FS-DB-007,2026-01-14,44.5764
FS-DB-007,2026-01-15,44.6888
FS-DB-007,2026-01-16,44.6238
FS-DB-007,2026-01-19,44.6872
FS-DB-007,2026-01-20,44.6671
FS-DB-007,2026-01-21,44.7642
FS-DB-007,2026-01-22,44.8334
FS-DB-007,2026-01-23,44.8749
FS-DB-007,2026-01-26,44.9087
FS-DB-007,2026-01-27,44.9366
FS-DB-007,2026-01-28,44.9382
FS-DB-007,2026-01-29,44.7687
FS-DB-007,2026-01-30,44.7099
FS-DB-007,2026-02-02,44.7407
FS-DB-007,2026-02-03,44.6729
FS-DB-007,2026-02-04,44.7255
FS-DB-007,2026-02-05,44.8742
FS-DB-007,2026-02-06,44.9650
FS-DB-007,2026-02-09,45.1427
FS-DB-007,2026-02-10,45.0240
FS-DB-007,2026-02-11,44.9995
FS-DB-007,2026-02-12,44.9545
FS-DB-007,2026-02-13,45.1100
FS-DB-007,2026-02-16,45.1076
FS-DB-007,2026-02-17,45.1091
FS-DB-007,2026-02-18,45.2022
FS-DB-007,2026-02-19,45.1015
FS-DB-007,2026-02-20,45.1767
FS-DB-007,2026-02-23,45.3682
FS-DB-007,2026-02-24,45.4852
FS-DB-007,2026-02-25,45.3980
FS-DB-007,2026-02-26,45.3743
FS-DB-007,2026-02-27,45.4824
FS-DB-007,2026-03-02,45.5122
FS-DB-007,2026-03-03,45.4312
FS-DB-007,2026-03-04,45.4792
FS-DB-007,2026-03-05,45.5962
FS-DB-007,2026-03-06,45.6608
FS-DB-007,2026-03-09,45.6024
FS-DB-007,2026-03-10,45.6338
FS-DB-007,2026-03-11,45.6796
FS-DB-007,2026-03-12,45.7988
FS-DB-007,2026-03-13,45.7592
FS-DB-007,2026-03-16,45.7590
FS-DB-007,2026-03-17,45.7080
FS-DB-007,2026-03-18,45.5772
FS-DB-007,2026-03-19,45.5093
FS-DB-007,2026-03-20,45.6706
FS-DB-007,2026-03-23,45.8080
FS-DB-007,2026-03-24,45.9589
FS-DB-007,2026-03-25,45.8141
FS-DB-007,2026-03-26,45.9611
FS-DB-007,2026-03-27,45.9480
FS-DB-007,2026-03-30,45.8988
FS-DB-007,2026-03-31,45.5602
FS-DB-007,2026-04-01,45.6223
FS-DB-007,2026-04-02,45.7190
FS-DB-007,2026-04-03,45.8763
FS-DB-007,2026-04-06,45.7156
FS-DB-007,2026-04-07,45.7840
FS-DB-007,2026-04-08,45.5947
FS-DB-007,2026-04-09,45.6087
FS-DB-007,2026-04-10,45.6231
FS-DB-007,2026-04-13,45.5400
FS-DB-007,2026-04-14,45.6466
FS-DB-007,2026-04-15,45.6261
FS-DB-007,2026-04-16,45.7732
FS-DB-007,2026-04-17,45.8320
FS-DB-007,2026-04-20,45.9741
FS-DB-007,2026-04-21,46.0399
FS-DB-007,2026-04-22,46.0059
FS-DB-007,2026-04-23,46.0109
FS-DB-007,2026-04-24,46.0012
FS-DB-007,2026-04-27,45.9797
FS-DB-007,2026-04-28,46.0340
FS-DB-007,2026-04-29,46.1273
FS-DB-007,2026-04-30,46.0880
FS-DB-007,2026-05-01,46.0996
FS-DB-007,2026-05-04,46.1845
FS-DB-007,2026-05-05,46.1451
FS-DB-007,2026-05-06,46.0159
FS-DB-007,2026-05-07,46.1173
FS-DB-007,2026-05-08,46.1194
FS-DB-007,2026-05-11,46.2896
FS-DB-007,2026-05-12,46.4088
FS-DB-007,2026-05-13,46.3658
FS-DB-007,2026-05-14,46.4257
FS-DB-007,2026-05-15,46.4544
FS-DB-007,2026-05-18,46.5655
FS-DB-007,2026-05-19,46.5014
FS-DB-007,2026-05-20,46.5177
FS-DB-007,2026-05-21,46.4207
FS-DB-007,2026-05-22,46.5786
FS-DB-007,2026-05-25,46.5219
FS-DB-007,2026-05-26,46.6483
FS-DB-007,2026-05-27,46.8787
FS-DB-007,2026-05-28,46.8439
FS-DB-007,2026-05-29,46.9229
FS-DB-007,2026-06-01,46.9771
FS-DB-007,2026-06-02,47.1111
FS-DB-007,2026-06-03,47.2251
FS-DB-007,2026-06-04,47.1986
FS-DB-007,2026-06-05,47.2073
FS-DB-007,2026-06-08,47.1661
FS-DB-007,2026-06-09,47.2250
FS-DB-007,2026-06-10,47.1582
FS-DB-007,2026-06-11,47.1378
FS-DB-007,2026-06-12,46.9636
FS-DB-007,2026-06-15,47.1475
FS-DB-007,2026-06-16,47.0940
FS-DB-007,2026-06-17,47.1133
FS-DB-007,2026-06-18,47.1381
FS-DB-007,2026-06-19,46.9836
FS-DB-007,2026-06-22,47.0091
FS-DB-007,2026-06-23,46.8355
FS-DB-007,2026-06-24,46.7868
FS-DB-007,2026-06-25,46.7034
FS-DB-007,2026-06-26,46.5883
FS-DB-007,2026-06-29,46.6945
FS-DB-007,2026-06-30,46.7003
FS-DB-007,2026-07-01,46.6755
FS-DB-007,2026-07-02,46.7445
FS-DB-007,2026-07-03,46.8421
FS-DB-007,2026-07-06,46.9806
FS-DB-007,2026-07-07,46.9552
FS-DB-007,2026-07-08,47.1834
FS-DB-007,2026-07-09,47.0756
FS-DB-007,2026-07-10,47.1259
FS-DB-007,2026-07-13,47.1953
FS-DB-007,2026-07-14,47.0141
FS-DB-007,2026-07-15,47.0504
FS-DB-007,2026-07-16,47.1055
FS-DB-007,2026-07-17,47.1597
FS-DB-007,2026-07-20,47.0867
FS-DB-007,2026-07-21,46.9649
FS-DB-007,2026-07-22,46.9901
FS-DB-007,2026-07-23,47.0764
FS-DB-007,2026-07-24,47.1268
FS-DB-007,2026-07-27,47.1485
FS-DB-007,2026-07-28,47.1376
FS-DB-007,2026-07-29,47.0655
FS-DB-007,2026-07-30,47.1771
FS-DB-007,2026-07-31,47.3221
FS-DB-007,2026-08-03,47.1850
FS-DB-007,2026-08-04,47.2990
FS-DB-007,2026-08-05,47.3312
FS-DB-007,2026-08-06,47.2486
FS-DB-007,2026-08-07,47.2954
FS-DB-007,2026-08-10,47.3320
FS-DB-007,2026-08-11,47.2788
FS-DB-007,2026-08-12,47.3076
FS-DB-007,2026-08-13,47.3909
FS-DB-007,2026-08-14,47.3611
FS-DB-007,2026-08-17,47.3236
FS-DB-007,2026-08-18,47.3359
FS-DB-007,2026-08-19,47.4904
FS-DB-007,2026-08-20,47.6245
FS-DB-007,2026-08-21,47.7186
FS-DB-007,2026-08-24,47.8235
FS-DB-007,2026-08-25,47.7016
FS-DB-007,2026-08-26,47.6648
FS-DB-007,2026-08-27,47.5750
FS-DB-007,2026-08-28,47.3798
FS-DB-007,2026-08-31,47.3463
FS-DB-007,2026-09-01,47.4873
FS-DB-007,2026-09-02,47.4214
FS-DB-007,2026-09-03,47.6501
FS-DB-007,2026-09-04,47.7034
FS-DB-007,2026-09-07,47.7712
FS-DB-007,2026-09-08,47.7058
FS-DB-007,2026-09-09,47.7995
FS-DB-007,2026-09-10,47.7543
FS-DB-007,2026-09-11,47.7953
FS-DB-007,2026-09-14,47.8686
FS-DB-007,2026-09-15,47.7415
FS-DB-007,2026-09-16,47.6198
FS-DB-007,2026-09-17,47.7715
FS-DB-007,2026-09-18,47.7873
FS-DB-007,2026-09-21,47.8985
FS-DB-007,2026-09-22,47.9662
FS-DB-007,2026-09-23,48.2049
FS-DB-007,2026-09-24,48.1323
FS-DB-007,2026-09-25,48.1293
FS-DB-007,2026-09-28,48.1898
FS-DB-007,2026-09-29,48.1670
FS-DB-007,2026-09-30,48.2551
FS-LIQ-008,2021-01-04,3105.7618
FS-LIQ-008,2021-01-05,3105.8678
FS-LIQ-008,2021-01-06,3107.0801
FS-LIQ-008,2021-01-07,3108.2983
FS-LIQ-008,2021-01-08,3108.7951
FS-LIQ-008,2021-01-11,3109.7993
FS-LIQ-008,2021-01-12,3111.0056
FS-LIQ-008,2021-01-13,3111.7923
FS-LIQ-008,2021-01-14,3112.4293
FS-LIQ-008,2021-01-15,3112.4333
FS-LIQ-008,2021-01-18,3112.8525
FS-LIQ-008,2021-01-19,3113.8267
FS-LIQ-008,2021-01-20,3114.7694
FS-LIQ-008,2021-01-21,3115.4560
FS-LIQ-008,2021-01-22,3116.1835
FS-LIQ-008,2021-01-25,3116.4244
FS-LIQ-008,2021-01-26,3117.5816
FS-LIQ-008,2021-01-27,3118.1559
FS-LIQ-008,2021-01-28,3118.1463
FS-LIQ-008,2021-01-29,3118.3641
FS-LIQ-008,2021-02-01,3119.0209
FS-LIQ-008,2021-02-02,3120.1395
FS-LIQ-008,2021-02-03,3119.9489
FS-LIQ-008,2021-02-04,3120.4623
FS-LIQ-008,2021-02-05,3121.2919
FS-LIQ-008,2021-02-08,3121.8110
FS-LIQ-008,2021-02-09,3122.1673
FS-LIQ-008,2021-02-10,3123.1386
FS-LIQ-008,2021-02-11,3123.8994
FS-LIQ-008,2021-02-12,3125.0722
FS-LIQ-008,2021-02-15,3126.5088
FS-LIQ-008,2021-02-16,3127.5206
FS-LIQ-008,2021-02-17,3127.9190
FS-LIQ-008,2021-02-18,3128.6837
FS-LIQ-008,2021-02-19,3129.2852
FS-LIQ-008,2021-02-22,3130.4562
FS-LIQ-008,2021-02-23,3131.1044
FS-LIQ-008,2021-02-24,3132.3054
FS-LIQ-008,2021-02-25,3133.5955
FS-LIQ-008,2021-02-26,3134.5587
FS-LIQ-008,2021-03-01,3134.5909
FS-LIQ-008,2021-03-02,3135.2114
FS-LIQ-008,2021-03-03,3135.3594
FS-LIQ-008,2021-03-04,3136.4033
FS-LIQ-008,2021-03-05,3136.8702
FS-LIQ-008,2021-03-08,3137.9019
FS-LIQ-008,2021-03-09,3138.8237
FS-LIQ-008,2021-03-10,3139.8222
FS-LIQ-008,2021-03-11,3141.0230
FS-LIQ-008,2021-03-12,3141.5072
FS-LIQ-008,2021-03-15,3142.2083
FS-LIQ-008,2021-03-16,3142.7601
FS-LIQ-008,2021-03-17,3143.6280
FS-LIQ-008,2021-03-18,3144.0234
FS-LIQ-008,2021-03-19,3144.5615
FS-LIQ-008,2021-03-22,3146.0700
FS-LIQ-008,2021-03-23,3146.8576
FS-LIQ-008,2021-03-24,3147.6031
FS-LIQ-008,2021-03-25,3148.3063
FS-LIQ-008,2021-03-26,3148.8842
FS-LIQ-008,2021-03-29,3149.5625
FS-LIQ-008,2021-03-30,3150.0905
FS-LIQ-008,2021-03-31,3150.5053
FS-LIQ-008,2021-04-01,3151.7575
FS-LIQ-008,2021-04-02,3152.8522
FS-LIQ-008,2021-04-05,3153.5030
FS-LIQ-008,2021-04-06,3154.4159
FS-LIQ-008,2021-04-07,3155.7298
FS-LIQ-008,2021-04-08,3156.7671
FS-LIQ-008,2021-04-09,3157.6548
FS-LIQ-008,2021-04-12,3158.6862
FS-LIQ-008,2021-04-13,3159.4895
FS-LIQ-008,2021-04-14,3160.4281
FS-LIQ-008,2021-04-15,3160.6010
FS-LIQ-008,2021-04-16,3161.7324
FS-LIQ-008,2021-04-19,3162.3804
FS-LIQ-008,2021-04-20,3162.5719
FS-LIQ-008,2021-04-21,3163.1706
FS-LIQ-008,2021-04-22,3163.5881
FS-LIQ-008,2021-04-23,3163.9211
FS-LIQ-008,2021-04-26,3165.1001
FS-LIQ-008,2021-04-27,3165.5303
FS-LIQ-008,2021-04-28,3166.2568
FS-LIQ-008,2021-04-29,3166.7390
FS-LIQ-008,2021-04-30,3167.4304
FS-LIQ-008,2021-05-03,3168.6103
FS-LIQ-008,2021-05-04,3168.8462
FS-LIQ-008,2021-05-05,3169.5301
FS-LIQ-008,2021-05-06,3170.4239
FS-LIQ-008,2021-05-07,3170.9839
FS-LIQ-008,2021-05-10,3171.8583
FS-LIQ-008,2021-05-11,3172.6644
FS-LIQ-008,2021-05-12,3173.4767
FS-LIQ-008,2021-05-13,3174.0480
FS-LIQ-008,2021-05-14,3175.5591
FS-LIQ-008,2021-05-17,3175.9267
FS-LIQ-008,2021-05-18,3176.5914
FS-LIQ-008,2021-05-19,3176.9324
FS-LIQ-008,2021-05-20,3177.0791
FS-LIQ-008,2021-05-21,3177.7278
FS-LIQ-008,2021-05-24,3178.2924
FS-LIQ-008,2021-05-25,3179.3462
FS-LIQ-008,2021-05-26,3180.1899
FS-LIQ-008,2021-05-27,3180.8309
FS-LIQ-008,2021-05-28,3182.1724
FS-LIQ-008,2021-05-31,3183.0777
FS-LIQ-008,2021-06-01,3184.0015
FS-LIQ-008,2021-06-02,3184.8106
FS-LIQ-008,2021-06-03,3184.8245
FS-LIQ-008,2021-06-04,3185.3077
FS-LIQ-008,2021-06-07,3186.3326
FS-LIQ-008,2021-06-08,3187.0441
FS-LIQ-008,2021-06-09,3187.5851
FS-LIQ-008,2021-06-10,3188.5012
FS-LIQ-008,2021-06-11,3189.3499
FS-LIQ-008,2021-06-14,3189.9496
FS-LIQ-008,2021-06-15,3190.6052
FS-LIQ-008,2021-06-16,3192.1016
FS-LIQ-008,2021-06-17,3193.0468
FS-LIQ-008,2021-06-18,3193.8626
FS-LIQ-008,2021-06-21,3194.8141
FS-LIQ-008,2021-06-22,3195.6120
FS-LIQ-008,2021-06-23,3196.5599
FS-LIQ-008,2021-06-24,3197.4266
FS-LIQ-008,2021-06-25,3198.2832
FS-LIQ-008,2021-06-28,3199.0677
FS-LIQ-008,2021-06-29,3199.0888
FS-LIQ-008,2021-06-30,3199.6085
FS-LIQ-008,2021-07-01,3200.7143
FS-LIQ-008,2021-07-02,3201.3741
FS-LIQ-008,2021-07-05,3202.5714
FS-LIQ-008,2021-07-06,3203.3585
FS-LIQ-008,2021-07-07,3204.0457
FS-LIQ-008,2021-07-08,3204.6136
FS-LIQ-008,2021-07-09,3205.3634
FS-LIQ-008,2021-07-12,3206.0474
FS-LIQ-008,2021-07-13,3206.8689
FS-LIQ-008,2021-07-14,3207.3528
FS-LIQ-008,2021-07-15,3208.4869
FS-LIQ-008,2021-07-16,3209.3807
FS-LIQ-008,2021-07-19,3210.0865
FS-LIQ-008,2021-07-20,3211.5199
FS-LIQ-008,2021-07-21,3211.7047
FS-LIQ-008,2021-07-22,3212.0714
FS-LIQ-008,2021-07-23,3212.6092
FS-LIQ-008,2021-07-26,3213.0652
FS-LIQ-008,2021-07-27,3214.0928
FS-LIQ-008,2021-07-28,3215.5384
FS-LIQ-008,2021-07-29,3216.3703
FS-LIQ-008,2021-07-30,3217.0235
FS-LIQ-008,2021-08-02,3218.0586
FS-LIQ-008,2021-08-03,3218.8948
FS-LIQ-008,2021-08-04,3219.7514
FS-LIQ-008,2021-08-05,3220.6901
FS-LIQ-008,2021-08-06,3220.9994
FS-LIQ-008,2021-08-09,3221.5111
FS-LIQ-008,2021-08-10,3221.9412
FS-LIQ-008,2021-08-11,3222.0911
FS-LIQ-008,2021-08-12,3222.3189
FS-LIQ-008,2021-08-13,3222.8092
FS-LIQ-008,2021-08-16,3223.7995
FS-LIQ-008,2021-08-17,3224.8367
FS-LIQ-008,2021-08-18,3225.7587
FS-LIQ-008,2021-08-19,3226.4798
FS-LIQ-008,2021-08-20,3227.5029
FS-LIQ-008,2021-08-23,3228.2238
FS-LIQ-008,2021-08-24,3229.4046
FS-LIQ-008,2021-08-25,3230.2023
FS-LIQ-008,2021-08-26,3230.4739
FS-LIQ-008,2021-08-27,3231.0937
FS-LIQ-008,2021-08-30,3231.5349
FS-LIQ-008,2021-08-31,3232.1963
FS-LIQ-008,2021-09-01,3233.2208
FS-LIQ-008,2021-09-02,3234.4739
FS-LIQ-008,2021-09-03,3235.4180
FS-LIQ-008,2021-09-06,3236.1299
FS-LIQ-008,2021-09-07,3236.9676
FS-LIQ-008,2021-09-08,3237.7671
FS-LIQ-008,2021-09-09,3238.4504
FS-LIQ-008,2021-09-10,3238.7429
FS-LIQ-008,2021-09-13,3238.8863
FS-LIQ-008,2021-09-14,3239.6838
FS-LIQ-008,2021-09-15,3240.3867
FS-LIQ-008,2021-09-16,3240.7555
FS-LIQ-008,2021-09-17,3242.3062
FS-LIQ-008,2021-09-20,3243.2970
FS-LIQ-008,2021-09-21,3243.8120
FS-LIQ-008,2021-09-22,3244.5939
FS-LIQ-008,2021-09-23,3246.1920
FS-LIQ-008,2021-09-24,3246.9077
FS-LIQ-008,2021-09-27,3248.1397
FS-LIQ-008,2021-09-28,3248.9119
FS-LIQ-008,2021-09-29,3249.3269
FS-LIQ-008,2021-09-30,3250.5363
FS-LIQ-008,2021-10-01,3250.9206
FS-LIQ-008,2021-10-04,3251.3520
FS-LIQ-008,2021-10-05,3252.9938
FS-LIQ-008,2021-10-06,3253.5971
FS-LIQ-008,2021-10-07,3254.1875
FS-LIQ-008,2021-10-08,3255.4756
FS-LIQ-008,2021-10-11,3256.5443
FS-LIQ-008,2021-10-12,3257.6236
FS-LIQ-008,2021-10-13,3258.5711
FS-LIQ-008,2021-10-14,3259.2379
FS-LIQ-008,2021-10-15,3260.0400
FS-LIQ-008,2021-10-18,3261.1960
FS-LIQ-008,2021-10-19,3262.8859
FS-LIQ-008,2021-10-20,3263.5421
FS-LIQ-008,2021-10-21,3264.7304
FS-LIQ-008,2021-10-22,3265.4722
FS-LIQ-008,2021-10-25,3267.0679
FS-LIQ-008,2021-10-26,3268.6058
FS-LIQ-008,2021-10-27,3269.0311
FS-LIQ-008,2021-10-28,3269.9090
FS-LIQ-008,2021-10-29,3270.6138
FS-LIQ-008,2021-11-01,3271.4091
FS-LIQ-008,2021-11-02,3271.9626
FS-LIQ-008,2021-11-03,3272.4350
FS-LIQ-008,2021-11-04,3273.0438
FS-LIQ-008,2021-11-05,3273.7328
FS-LIQ-008,2021-11-08,3274.3856
FS-LIQ-008,2021-11-09,3274.8061
FS-LIQ-008,2021-11-10,3275.3278
FS-LIQ-008,2021-11-11,3275.9307
FS-LIQ-008,2021-11-12,3276.6677
FS-LIQ-008,2021-11-15,3277.4229
FS-LIQ-008,2021-11-16,3278.6969
FS-LIQ-008,2021-11-17,3279.5497
FS-LIQ-008,2021-11-18,3279.9142
FS-LIQ-008,2021-11-19,3281.1700
FS-LIQ-008,2021-11-22,3282.1196
FS-LIQ-008,2021-11-23,3282.8801
FS-LIQ-008,2021-11-24,3284.0136
FS-LIQ-008,2021-11-25,3285.3190
FS-LIQ-008,2021-11-26,3286.0132
FS-LIQ-008,2021-11-29,3286.9477
FS-LIQ-008,2021-11-30,3287.6072
FS-LIQ-008,2021-12-01,3289.0219
FS-LIQ-008,2021-12-02,3289.8368
FS-LIQ-008,2021-12-03,3291.1742
FS-LIQ-008,2021-12-06,3292.1064
FS-LIQ-008,2021-12-07,3292.7440
FS-LIQ-008,2021-12-08,3293.6486
FS-LIQ-008,2021-12-09,3294.0926
FS-LIQ-008,2021-12-10,3294.7272
FS-LIQ-008,2021-12-13,3296.0078
FS-LIQ-008,2021-12-14,3297.1142
FS-LIQ-008,2021-12-15,3297.5433
FS-LIQ-008,2021-12-16,3298.4104
FS-LIQ-008,2021-12-17,3299.2341
FS-LIQ-008,2021-12-20,3299.9834
FS-LIQ-008,2021-12-21,3300.4916
FS-LIQ-008,2021-12-22,3301.4178
FS-LIQ-008,2021-12-23,3302.4505
FS-LIQ-008,2021-12-24,3303.7630
FS-LIQ-008,2021-12-27,3304.9030
FS-LIQ-008,2021-12-28,3305.9416
FS-LIQ-008,2021-12-29,3307.0771
FS-LIQ-008,2021-12-30,3307.5373
FS-LIQ-008,2021-12-31,3308.5901
FS-LIQ-008,2022-01-03,3309.7317
FS-LIQ-008,2022-01-04,3310.2469
FS-LIQ-008,2022-01-05,3311.4941
FS-LIQ-008,2022-01-06,3312.0710
FS-LIQ-008,2022-01-07,3313.3590
FS-LIQ-008,2022-01-10,3313.5755
FS-LIQ-008,2022-01-11,3314.8992
FS-LIQ-008,2022-01-12,3315.9144
FS-LIQ-008,2022-01-13,3316.1185
FS-LIQ-008,2022-01-14,3316.6338
FS-LIQ-008,2022-01-17,3316.9143
FS-LIQ-008,2022-01-18,3317.9977
FS-LIQ-008,2022-01-19,3319.0541
FS-LIQ-008,2022-01-20,3320.0629
FS-LIQ-008,2022-01-21,3321.0839
FS-LIQ-008,2022-01-24,3322.2064
FS-LIQ-008,2022-01-25,3323.8498
FS-LIQ-008,2022-01-26,3325.0456
FS-LIQ-008,2022-01-27,3325.6047
FS-LIQ-008,2022-01-28,3326.2131
FS-LIQ-008,2022-01-31,3327.7198
FS-LIQ-008,2022-02-01,3328.6973
FS-LIQ-008,2022-02-02,3329.5731
FS-LIQ-008,2022-02-03,3330.2662
FS-LIQ-008,2022-02-04,3331.0208
FS-LIQ-008,2022-02-07,3332.2912
FS-LIQ-008,2022-02-08,3332.9999
FS-LIQ-008,2022-02-09,3333.6624
FS-LIQ-008,2022-02-10,3333.8237
FS-LIQ-008,2022-02-11,3334.2865
FS-LIQ-008,2022-02-14,3335.5647
FS-LIQ-008,2022-02-15,3336.0973
FS-LIQ-008,2022-02-16,3337.4468
FS-LIQ-008,2022-02-17,3338.6516
FS-LIQ-008,2022-02-18,3339.7577
FS-LIQ-008,2022-02-21,3341.2127
FS-LIQ-008,2022-02-22,3341.8948
FS-LIQ-008,2022-02-23,3342.8030
FS-LIQ-008,2022-02-24,3344.2882
FS-LIQ-008,2022-02-25,3345.0778
FS-LIQ-008,2022-02-28,3345.6442
FS-LIQ-008,2022-03-01,3346.4497
FS-LIQ-008,2022-03-02,3346.7628
FS-LIQ-008,2022-03-03,3347.4387
FS-LIQ-008,2022-03-04,3348.5455
FS-LIQ-008,2022-03-07,3349.2342
FS-LIQ-008,2022-03-08,3349.9928
FS-LIQ-008,2022-03-09,3350.7725
FS-LIQ-008,2022-03-10,3351.2119
FS-LIQ-008,2022-03-11,3352.0883
FS-LIQ-008,2022-03-14,3352.9850
FS-LIQ-008,2022-03-15,3353.9536
FS-LIQ-008,2022-03-16,3355.4920
FS-LIQ-008,2022-03-17,3356.4027
FS-LIQ-008,2022-03-18,3357.2529
FS-LIQ-008,2022-03-21,3358.4016
FS-LIQ-008,2022-03-22,3359.1777
FS-LIQ-008,2022-03-23,3360.7207
FS-LIQ-008,2022-03-24,3361.7129
FS-LIQ-008,2022-03-25,3362.7397
FS-LIQ-008,2022-03-28,3363.6703
FS-LIQ-008,2022-03-29,3364.8869
FS-LIQ-008,2022-03-30,3365.4433
FS-LIQ-008,2022-03-31,3366.4635
FS-LIQ-008,2022-04-01,3366.8746
FS-LIQ-008,2022-04-04,3367.8294
FS-LIQ-008,2022-04-05,3368.5490
FS-LIQ-008,2022-04-06,3369.2542
FS-LIQ-008,2022-04-07,3370.8976
FS-LIQ-008,2022-04-08,3371.6769
FS-LIQ-008,2022-04-11,3372.7115
FS-LIQ-008,2022-04-12,3373.6975
FS-LIQ-008,2022-04-13,3375.2199
FS-LIQ-008,2022-04-14,3375.5741
FS-LIQ-008,2022-04-15,3376.5634
FS-LIQ-008,2022-04-18,3377.7973
FS-LIQ-008,2022-04-19,3378.5931
FS-LIQ-008,2022-04-20,3379.3916
FS-LIQ-008,2022-04-21,3381.4274
FS-LIQ-008,2022-04-22,3382.5962
FS-LIQ-008,2022-04-25,3383.1913
FS-LIQ-008,2022-04-26,3383.5140
FS-LIQ-008,2022-04-27,3384.3328
FS-LIQ-008,2022-04-28,3384.8322
FS-LIQ-008,2022-04-29,3385.6687
FS-LIQ-008,2022-05-02,3385.9272
FS-LIQ-008,2022-05-03,3386.4329
FS-LIQ-008,2022-05-04,3387.3779
FS-LIQ-008,2022-05-05,3387.7701
FS-LIQ-008,2022-05-06,3388.4733
FS-LIQ-008,2022-05-09,3390.2276
FS-LIQ-008,2022-05-10,3391.2644
FS-LIQ-008,2022-05-11,3392.5133
FS-LIQ-008,2022-05-12,3394.1036
FS-LIQ-008,2022-05-13,3394.3617
FS-LIQ-008,2022-05-16,3395.0361
FS-LIQ-008,2022-05-17,3396.7930
FS-LIQ-008,2022-05-18,3397.8909
FS-LIQ-008,2022-05-19,3399.4736
FS-LIQ-008,2022-05-20,3401.2089
FS-LIQ-008,2022-05-23,3402.4021
FS-LIQ-008,2022-05-24,3402.9026
FS-LIQ-008,2022-05-25,3403.6715
FS-LIQ-008,2022-05-26,3404.2921
FS-LIQ-008,2022-05-27,3405.2583
FS-LIQ-008,2022-05-30,3406.5324
FS-LIQ-008,2022-05-31,3407.1936
FS-LIQ-008,2022-06-01,3408.5731
FS-LIQ-008,2022-06-02,3409.3190
FS-LIQ-008,2022-06-03,3409.8190
FS-LIQ-008,2022-06-06,3410.3692
FS-LIQ-008,2022-06-07,3411.8285
FS-LIQ-008,2022-06-08,3412.5630
FS-LIQ-008,2022-06-09,3413.2017
FS-LIQ-008,2022-06-10,3413.9119
FS-LIQ-008,2022-06-13,3414.9402
FS-LIQ-008,2022-06-14,3415.8929
FS-LIQ-008,2022-06-15,3416.5598
FS-LIQ-008,2022-06-16,3417.9233
FS-LIQ-008,2022-06-17,3418.7341
FS-LIQ-008,2022-06-20,3419.3600
FS-LIQ-008,2022-06-21,3420.3990
FS-LIQ-008,2022-06-22,3420.6251
FS-LIQ-008,2022-06-23,3421.6850
FS-LIQ-008,2022-06-24,3422.3394
FS-LIQ-008,2022-06-27,3423.4986
FS-LIQ-008,2022-06-28,3423.9679
FS-LIQ-008,2022-06-29,3425.0347
FS-LIQ-008,2022-06-30,3426.0239
FS-LIQ-008,2022-07-01,3426.5859
FS-LIQ-008,2022-07-04,3427.4862
FS-LIQ-008,2022-07-05,3428.3908
FS-LIQ-008,2022-07-06,3429.4559
FS-LIQ-008,2022-07-07,3429.2952
FS-LIQ-008,2022-07-08,3430.0888
FS-LIQ-008,2022-07-11,3430.9214
FS-LIQ-008,2022-07-12,3432.0473
FS-LIQ-008,2022-07-13,3432.4926
FS-LIQ-008,2022-07-14,3433.7539
FS-LIQ-008,2022-07-15,3434.5316
FS-LIQ-008,2022-07-18,3435.4841
FS-LIQ-008,2022-07-19,3436.3299
FS-LIQ-008,2022-07-20,3436.5645
FS-LIQ-008,2022-07-21,3437.1276
FS-LIQ-008,2022-07-22,3438.0362
FS-LIQ-008,2022-07-25,3438.7435
FS-LIQ-008,2022-07-26,3439.0641
FS-LIQ-008,2022-07-27,3440.3756
FS-LIQ-008,2022-07-28,3440.9225
FS-LIQ-008,2022-07-29,3441.7779
FS-LIQ-008,2022-08-01,3442.3572
FS-LIQ-008,2022-08-02,3442.7545
FS-LIQ-008,2022-08-03,3443.1459
FS-LIQ-008,2022-08-04,3443.4411
FS-LIQ-008,2022-08-05,3443.5885
FS-LIQ-008,2022-08-08,3444.0395
FS-LIQ-008,2022-08-09,3444.8794
FS-LIQ-008,2022-08-10,3445.3204
FS-LIQ-008,2022-08-11,3445.2197
FS-LIQ-008,2022-08-12,3446.2030
FS-LIQ-008,2022-08-15,3446.3277
FS-LIQ-008,2022-08-16,3447.3605
FS-LIQ-008,2022-08-17,3447.7991
FS-LIQ-008,2022-08-18,3448.6244
FS-LIQ-008,2022-08-19,3448.9046
FS-LIQ-008,2022-08-22,3449.7735
FS-LIQ-008,2022-08-23,3450.7278
FS-LIQ-008,2022-08-24,3452.0678
FS-LIQ-008,2022-08-25,3453.3048
FS-LIQ-008,2022-08-26,3454.0503
FS-LIQ-008,2022-08-29,3455.1676
FS-LIQ-008,2022-08-30,3455.7201
FS-LIQ-008,2022-08-31,3456.9499
FS-LIQ-008,2022-09-01,3458.1774
FS-LIQ-008,2022-09-02,3459.1750
FS-LIQ-008,2022-09-05,3459.4471
FS-LIQ-008,2022-09-06,3460.6412
FS-LIQ-008,2022-09-07,3461.0620
FS-LIQ-008,2022-09-08,3461.3604
FS-LIQ-008,2022-09-09,3462.2262
FS-LIQ-008,2022-09-12,3463.0047
FS-LIQ-008,2022-09-13,3463.7315
FS-LIQ-008,2022-09-14,3464.1617
FS-LIQ-008,2022-09-15,3465.0948
FS-LIQ-008,2022-09-16,3465.4084
FS-LIQ-008,2022-09-19,3466.8761
FS-LIQ-008,2022-09-20,3466.9370
FS-LIQ-008,2022-09-21,3467.6275
FS-LIQ-008,2022-09-22,3468.7091
FS-LIQ-008,2022-09-23,3469.2796
FS-LIQ-008,2022-09-26,3469.6993
FS-LIQ-008,2022-09-27,3471.0807
FS-LIQ-008,2022-09-28,3472.6332
FS-LIQ-008,2022-09-29,3473.6289
FS-LIQ-008,2022-09-30,3474.7223
FS-LIQ-008,2022-10-03,3476.0594
FS-LIQ-008,2022-10-04,3476.8708
FS-LIQ-008,2022-10-05,3477.5987
FS-LIQ-008,2022-10-06,3478.3846
FS-LIQ-008,2022-10-07,3478.4619
FS-LIQ-008,2022-10-10,3479.1611
FS-LIQ-008,2022-10-11,3479.9460
FS-LIQ-008,2022-10-12,3480.5376
FS-LIQ-008,2022-10-13,3481.4704
FS-LIQ-008,2022-10-14,3481.9440
FS-LIQ-008,2022-10-17,3482.7774
FS-LIQ-008,2022-10-18,3483.6077
FS-LIQ-008,2022-10-19,3484.0169
FS-LIQ-008,2022-10-20,3484.7889
FS-LIQ-008,2022-10-21,3485.7739
FS-LIQ-008,2022-10-24,3486.3218
FS-LIQ-008,2022-10-25,3487.0027
FS-LIQ-008,2022-10-26,3487.8907
FS-LIQ-008,2022-10-27,3489.4985
FS-LIQ-008,2022-10-28,3490.2850
FS-LIQ-008,2022-10-31,3491.0816
FS-LIQ-008,2022-11-01,3492.0186
FS-LIQ-008,2022-11-02,3493.2997
FS-LIQ-008,2022-11-03,3494.3122
FS-LIQ-008,2022-11-04,3495.1989
FS-LIQ-008,2022-11-07,3495.5935
FS-LIQ-008,2022-11-08,3496.3159
FS-LIQ-008,2022-11-09,3497.0004
FS-LIQ-008,2022-11-10,3497.5962
FS-LIQ-008,2022-11-11,3498.4176
FS-LIQ-008,2022-11-14,3499.4062
FS-LIQ-008,2022-11-15,3500.0041
FS-LIQ-008,2022-11-16,3501.2525
FS-LIQ-008,2022-11-17,3502.7181
FS-LIQ-008,2022-11-18,3503.6812
FS-LIQ-008,2022-11-21,3504.7535
FS-LIQ-008,2022-11-22,3504.8704
FS-LIQ-008,2022-11-23,3505.3639
FS-LIQ-008,2022-11-24,3506.1112
FS-LIQ-008,2022-11-25,3507.1976
FS-LIQ-008,2022-11-28,3508.7793
FS-LIQ-008,2022-11-29,3509.0620
FS-LIQ-008,2022-11-30,3510.1446
FS-LIQ-008,2022-12-01,3510.0490
FS-LIQ-008,2022-12-02,3510.7210
FS-LIQ-008,2022-12-05,3511.6153
FS-LIQ-008,2022-12-06,3512.1102
FS-LIQ-008,2022-12-07,3512.7341
FS-LIQ-008,2022-12-08,3513.4349
FS-LIQ-008,2022-12-09,3513.9893
FS-LIQ-008,2022-12-12,3514.3066
FS-LIQ-008,2022-12-13,3515.0399
FS-LIQ-008,2022-12-14,3516.0456
FS-LIQ-008,2022-12-15,3517.6183
FS-LIQ-008,2022-12-16,3518.3581
FS-LIQ-008,2022-12-19,3519.3943
FS-LIQ-008,2022-12-20,3519.9438
FS-LIQ-008,2022-12-21,3520.4364
FS-LIQ-008,2022-12-22,3521.1172
FS-LIQ-008,2022-12-23,3522.0017
FS-LIQ-008,2022-12-26,3522.7442
FS-LIQ-008,2022-12-27,3523.1617
FS-LIQ-008,2022-12-28,3523.7908
FS-LIQ-008,2022-12-29,3525.3388
FS-LIQ-008,2022-12-30,3525.9968
FS-LIQ-008,2023-01-02,3527.4337
FS-LIQ-008,2023-01-03,3528.1844
FS-LIQ-008,2023-01-04,3529.0153
FS-LIQ-008,2023-01-05,3530.1304
FS-LIQ-008,2023-01-06,3531.1768
FS-LIQ-008,2023-01-09,3531.7796
FS-LIQ-008,2023-01-10,3532.3177
FS-LIQ-008,2023-01-11,3532.5806
FS-LIQ-008,2023-01-12,3533.4111
FS-LIQ-008,2023-01-13,3533.5673
FS-LIQ-008,2023-01-16,3534.2136
FS-LIQ-008,2023-01-17,3534.9664
FS-LIQ-008,2023-01-18,3536.0912
FS-LIQ-008,2023-01-19,3537.1069
FS-LIQ-008,2023-01-20,3538.1940
FS-LIQ-008,2023-01-23,3538.1082
FS-LIQ-008,2023-01-24,3538.8544
FS-LIQ-008,2023-01-25,3539.7901
FS-LIQ-008,2023-01-26,3540.3841
FS-LIQ-008,2023-01-27,3541.4873
FS-LIQ-008,2023-01-30,3542.1044
FS-LIQ-008,2023-01-31,3542.8229
FS-LIQ-008,2023-02-01,3543.8576
FS-LIQ-008,2023-02-02,3544.8113
FS-LIQ-008,2023-02-03,3545.5049
FS-LIQ-008,2023-02-06,3545.7712
FS-LIQ-008,2023-02-07,3546.4502
FS-LIQ-008,2023-02-08,3547.8572
FS-LIQ-008,2023-02-09,3548.5799
FS-LIQ-008,2023-02-10,3549.7358
FS-LIQ-008,2023-02-13,3550.9718
FS-LIQ-008,2023-02-14,3551.7197
FS-LIQ-008,2023-02-15,3553.0479
FS-LIQ-008,2023-02-16,3554.0981
FS-LIQ-008,2023-02-17,3554.4359
FS-LIQ-008,2023-02-20,3555.6352
FS-LIQ-008,2023-02-21,3556.8446
FS-LIQ-008,2023-02-22,3557.7169
FS-LIQ-008,2023-02-23,3558.7762
FS-LIQ-008,2023-02-24,3559.3701
FS-LIQ-008,2023-02-27,3560.2288
FS-LIQ-008,2023-02-28,3561.4159
FS-LIQ-008,2023-03-01,3563.1851
FS-LIQ-008,2023-03-02,3564.8199
FS-LIQ-008,2023-03-03,3565.4815
FS-LIQ-008,2023-03-06,3566.5233
FS-LIQ-008,2023-03-07,3567.7182
FS-LIQ-008,2023-03-08,3569.1885
FS-LIQ-008,2023-03-09,3569.0590
FS-LIQ-008,2023-03-10,3569.8809
FS-LIQ-008,2023-03-13,3570.9555
FS-LIQ-008,2023-03-14,3571.6313
FS-LIQ-008,2023-03-15,3572.9802
FS-LIQ-008,2023-03-16,3573.0868
FS-LIQ-008,2023-03-17,3573.8942
FS-LIQ-008,2023-03-20,3575.2279
FS-LIQ-008,2023-03-21,3574.9888
FS-LIQ-008,2023-03-22,3575.7888
FS-LIQ-008,2023-03-23,3576.3846
FS-LIQ-008,2023-03-24,3577.7673
FS-LIQ-008,2023-03-27,3578.3163
FS-LIQ-008,2023-03-28,3579.9344
FS-LIQ-008,2023-03-29,3580.5672
FS-LIQ-008,2023-03-30,3581.9353
FS-LIQ-008,2023-03-31,3582.9188
FS-LIQ-008,2023-04-03,3583.6977
FS-LIQ-008,2023-04-04,3583.7842
FS-LIQ-008,2023-04-05,3584.6365
FS-LIQ-008,2023-04-06,3585.6657
FS-LIQ-008,2023-04-07,3586.4534
FS-LIQ-008,2023-04-10,3587.2233
FS-LIQ-008,2023-04-11,3587.7949
FS-LIQ-008,2023-04-12,3588.9807
FS-LIQ-008,2023-04-13,3589.5852
FS-LIQ-008,2023-04-14,3590.4835
FS-LIQ-008,2023-04-17,3591.5748
FS-LIQ-008,2023-04-18,3591.8187
FS-LIQ-008,2023-04-19,3592.9908
FS-LIQ-008,2023-04-20,3593.7772
FS-LIQ-008,2023-04-21,3594.6329
FS-LIQ-008,2023-04-24,3595.5002
FS-LIQ-008,2023-04-25,3596.6647
FS-LIQ-008,2023-04-26,3597.5582
FS-LIQ-008,2023-04-27,3598.6961
FS-LIQ-008,2023-04-28,3599.7605
FS-LIQ-008,2023-05-01,3600.7720
FS-LIQ-008,2023-05-02,3601.0839
FS-LIQ-008,2023-05-03,3601.3358
FS-LIQ-008,2023-05-04,3602.0454
FS-LIQ-008,2023-05-05,3603.3615
FS-LIQ-008,2023-05-08,3604.1025
FS-LIQ-008,2023-05-09,3604.7948
FS-LIQ-008,2023-05-10,3605.1439
FS-LIQ-008,2023-05-11,3606.4503
FS-LIQ-008,2023-05-12,3606.6777
FS-LIQ-008,2023-05-15,3607.7039
FS-LIQ-008,2023-05-16,3609.0101
FS-LIQ-008,2023-05-17,3610.3917
FS-LIQ-008,2023-05-18,3611.3349
FS-LIQ-008,2023-05-19,3612.6201
FS-LIQ-008,2023-05-22,3613.8546
FS-LIQ-008,2023-05-23,3615.0598
FS-LIQ-008,2023-05-24,3615.6996
FS-LIQ-008,2023-05-25,3616.8850
FS-LIQ-008,2023-05-26,3617.7526
FS-LIQ-008,2023-05-29,3619.3304
FS-LIQ-008,2023-05-30,3620.4082
FS-LIQ-008,2023-05-31,3620.7405
FS-LIQ-008,2023-06-01,3621.8385
FS-LIQ-008,2023-06-02,3622.3589
FS-LIQ-008,2023-06-05,3623.6765
FS-LIQ-008,2023-06-06,3624.3606
FS-LIQ-008,2023-06-07,3625.1144
FS-LIQ-008,2023-06-08,3626.0638
FS-LIQ-008,2023-06-09,3627.1418
FS-LIQ-008,2023-06-12,3627.9433
FS-LIQ-008,2023-06-13,3628.6830
FS-LIQ-008,2023-06-14,3629.2662
FS-LIQ-008,2023-06-15,3630.3992
FS-LIQ-008,2023-06-16,3631.8112
FS-LIQ-008,2023-06-19,3633.1478
FS-LIQ-008,2023-06-20,3633.3666
FS-LIQ-008,2023-06-21,3634.1414
FS-LIQ-008,2023-06-22,3634.6923
FS-LIQ-008,2023-06-23,3635.6409
FS-LIQ-008,2023-06-26,3636.4878
FS-LIQ-008,2023-06-27,3637.0311
FS-LIQ-008,2023-06-28,3638.1959
FS-LIQ-008,2023-06-29,3639.4396
FS-LIQ-008,2023-06-30,3640.4326
FS-LIQ-008,2023-07-03,3641.4296
FS-LIQ-008,2023-07-04,3642.3829
FS-LIQ-008,2023-07-05,3643.2583
FS-LIQ-008,2023-07-06,3644.4943
FS-LIQ-008,2023-07-07,3645.7519
FS-LIQ-008,2023-07-10,3646.8222
FS-LIQ-008,2023-07-11,3647.6680
FS-LIQ-008,2023-07-12,3648.5481
FS-LIQ-008,2023-07-13,3648.7981
FS-LIQ-008,2023-07-14,3650.1138
FS-LIQ-008,2023-07-17,3651.1125
FS-LIQ-008,2023-07-18,3652.3582
FS-LIQ-008,2023-07-19,3654.0540
FS-LIQ-008,2023-07-20,3655.5000
FS-LIQ-008,2023-07-21,3657.2275
FS-LIQ-008,2023-07-24,3657.7950
FS-LIQ-008,2023-07-25,3659.1962
FS-LIQ-008,2023-07-26,3659.2874
FS-LIQ-008,2023-07-27,3660.0805
FS-LIQ-008,2023-07-28,3661.1313
FS-LIQ-008,2023-07-31,3662.2258
FS-LIQ-008,2023-08-01,3663.3587
FS-LIQ-008,2023-08-02,3664.2953
FS-LIQ-008,2023-08-03,3665.4792
FS-LIQ-008,2023-08-04,3665.5305
FS-LIQ-008,2023-08-07,3666.7352
FS-LIQ-008,2023-08-08,3667.3120
FS-LIQ-008,2023-08-09,3667.8952
FS-LIQ-008,2023-08-10,3668.6436
FS-LIQ-008,2023-08-11,3669.4025
FS-LIQ-008,2023-08-14,3670.0973
FS-LIQ-008,2023-08-15,3670.6333
FS-LIQ-008,2023-08-16,3672.0083
FS-LIQ-008,2023-08-17,3674.0009
FS-LIQ-008,2023-08-18,3674.9916
FS-LIQ-008,2023-08-21,3675.7698
FS-LIQ-008,2023-08-22,3677.4253
FS-LIQ-008,2023-08-23,3678.3719
FS-LIQ-008,2023-08-24,3679.7367
FS-LIQ-008,2023-08-25,3680.4805
FS-LIQ-008,2023-08-28,3681.3836
FS-LIQ-008,2023-08-29,3682.1191
FS-LIQ-008,2023-08-30,3682.5605
FS-LIQ-008,2023-08-31,3683.4692
FS-LIQ-008,2023-09-01,3684.3178
FS-LIQ-008,2023-09-04,3685.1314
FS-LIQ-008,2023-09-05,3685.3543
FS-LIQ-008,2023-09-06,3686.1116
FS-LIQ-008,2023-09-07,3686.3429
FS-LIQ-008,2023-09-08,3687.4982
FS-LIQ-008,2023-09-11,3688.0841
FS-LIQ-008,2023-09-12,3689.1970
FS-LIQ-008,2023-09-13,3690.4834
FS-LIQ-008,2023-09-14,3690.8573
FS-LIQ-008,2023-09-15,3692.3044
FS-LIQ-008,2023-09-18,3693.4458
FS-LIQ-008,2023-09-19,3694.5667
FS-LIQ-008,2023-09-20,3695.3062
FS-LIQ-008,2023-09-21,3696.8483
FS-LIQ-008,2023-09-22,3697.0981
FS-LIQ-008,2023-09-25,3698.3762
FS-LIQ-008,2023-09-26,3699.3467
FS-LIQ-008,2023-09-27,3700.1218
FS-LIQ-008,2023-09-28,3700.8970
FS-LIQ-008,2023-09-29,3701.5818
FS-LIQ-008,2023-10-02,3701.9959
FS-LIQ-008,2023-10-03,3702.8753
FS-LIQ-008,2023-10-04,3702.7365
FS-LIQ-008,2023-10-05,3704.0969
FS-LIQ-008,2023-10-06,3705.0390
FS-LIQ-008,2023-10-09,3706.2638
FS-LIQ-008,2023-10-10,3707.2871
FS-LIQ-008,2023-10-11,3708.1897
FS-LIQ-008,2023-10-12,3709.1942
FS-LIQ-008,2023-10-13,3709.8286
FS-LIQ-008,2023-10-16,3710.8982
FS-LIQ-008,2023-10-17,3712.1599
FS-LIQ-008,2023-10-18,3712.5060
FS-LIQ-008,2023-10-19,3712.7592
FS-LIQ-008,2023-10-20,3713.5628
FS-LIQ-008,2023-10-23,3714.7325
FS-LIQ-008,2023-10-24,3715.5478
FS-LIQ-008,2023-10-25,3716.7071
FS-LIQ-008,2023-10-26,3716.9334
FS-LIQ-008,2023-10-27,3718.0114
FS-LIQ-008,2023-10-30,3718.6971
FS-LIQ-008,2023-10-31,3719.4492
FS-LIQ-008,2023-11-01,3720.1248
FS-LIQ-008,2023-11-02,3721.2579
FS-LIQ-008,2023-11-03,3722.4855
FS-LIQ-008,2023-11-06,3723.3571
FS-LIQ-008,2023-11-07,3724.6231
FS-LIQ-008,2023-11-08,3724.8884
FS-LIQ-008,2023-11-09,3725.1246
FS-LIQ-008,2023-11-10,3725.8892
FS-LIQ-008,2023-11-13,3726.0565
FS-LIQ-008,2023-11-14,3726.7226
FS-LIQ-008,2023-11-15,3727.7858
FS-LIQ-008,2023-11-16,3728.8717
FS-LIQ-008,2023-11-17,3730.1425
FS-LIQ-008,2023-11-20,3730.6298
FS-LIQ-008,2023-11-21,3731.3316
FS-LIQ-008,2023-11-22,3731.9020
FS-LIQ-008,2023-11-23,3732.9611
FS-LIQ-008,2023-11-24,3734.7619
FS-LIQ-008,2023-11-27,3735.3979
FS-LIQ-008,2023-11-28,3736.4434
FS-LIQ-008,2023-11-29,3737.6088
FS-LIQ-008,2023-11-30,3737.9684
FS-LIQ-008,2023-12-01,3739.1880
FS-LIQ-008,2023-12-04,3740.1341
FS-LIQ-008,2023-12-05,3741.2957
FS-LIQ-008,2023-12-06,3742.4587
FS-LIQ-008,2023-12-07,3743.7015
FS-LIQ-008,2023-12-08,3744.7649
FS-LIQ-008,2023-12-11,3745.9168
FS-LIQ-008,2023-12-12,3746.6764
FS-LIQ-008,2023-12-13,3747.6895
FS-LIQ-008,2023-12-14,3748.5796
FS-LIQ-008,2023-12-15,3749.5762
FS-LIQ-008,2023-12-18,3750.4772
FS-LIQ-008,2023-12-19,3752.0749
FS-LIQ-008,2023-12-20,3753.0387
FS-LIQ-008,2023-12-21,3754.1542
FS-LIQ-008,2023-12-22,3755.2469
FS-LIQ-008,2023-12-25,3756.0755
FS-LIQ-008,2023-12-26,3757.2158
FS-LIQ-008,2023-12-27,3758.3708
FS-LIQ-008,2023-12-28,3758.7351
FS-LIQ-008,2023-12-29,3759.7842
FS-LIQ-008,2024-01-01,3760.7286
FS-LIQ-008,2024-01-02,3761.7381
FS-LIQ-008,2024-01-03,3763.0530
FS-LIQ-008,2024-01-04,3763.2425
FS-LIQ-008,2024-01-05,3764.2307
FS-LIQ-008,2024-01-08,3764.8474
FS-LIQ-008,2024-01-09,3765.3190
FS-LIQ-008,2024-01-10,3766.5477
FS-LIQ-008,2024-01-11,3767.6325
FS-LIQ-008,2024-01-12,3768.1724
FS-LIQ-008,2024-01-15,3769.5291
FS-LIQ-008,2024-01-16,3770.9168
FS-LIQ-008,2024-01-17,3772.1676
FS-LIQ-008,2024-01-18,3773.2478
FS-LIQ-008,2024-01-19,3774.0709
FS-LIQ-008,2024-01-22,3775.5854
FS-LIQ-008,2024-01-23,3776.3676
FS-LIQ-008,2024-01-24,3777.4514
FS-LIQ-008,2024-01-25,3778.8243
FS-LIQ-008,2024-01-26,3779.9048
FS-LIQ-008,2024-01-29,3780.8737
FS-LIQ-008,2024-01-30,3782.1733
FS-LIQ-008,2024-01-31,3783.3914
FS-LIQ-008,2024-02-01,3783.5724
FS-LIQ-008,2024-02-02,3784.0614
FS-LIQ-008,2024-02-05,3784.5747
FS-LIQ-008,2024-02-06,3785.4498
FS-LIQ-008,2024-02-07,3786.8305
FS-LIQ-008,2024-02-08,3787.2993
FS-LIQ-008,2024-02-09,3788.3869
FS-LIQ-008,2024-02-12,3789.3242
FS-LIQ-008,2024-02-13,3790.3699
FS-LIQ-008,2024-02-14,3791.1384
FS-LIQ-008,2024-02-15,3791.8871
FS-LIQ-008,2024-02-16,3793.3418
FS-LIQ-008,2024-02-19,3794.0550
FS-LIQ-008,2024-02-20,3795.0919
FS-LIQ-008,2024-02-21,3796.1059
FS-LIQ-008,2024-02-22,3797.1640
FS-LIQ-008,2024-02-23,3798.4075
FS-LIQ-008,2024-02-26,3798.8043
FS-LIQ-008,2024-02-27,3799.3893
FS-LIQ-008,2024-02-28,3801.0016
FS-LIQ-008,2024-02-29,3802.0341
FS-LIQ-008,2024-03-01,3802.8248
FS-LIQ-008,2024-03-04,3803.8725
FS-LIQ-008,2024-03-05,3804.8791
FS-LIQ-008,2024-03-06,3805.8947
FS-LIQ-008,2024-03-07,3806.8161
FS-LIQ-008,2024-03-08,3808.3298
FS-LIQ-008,2024-03-11,3809.5669
FS-LIQ-008,2024-03-12,3810.3261
FS-LIQ-008,2024-03-13,3811.0289
FS-LIQ-008,2024-03-14,3812.5460
FS-LIQ-008,2024-03-15,3813.8701
FS-LIQ-008,2024-03-18,3815.2737
FS-LIQ-008,2024-03-19,3815.8876
FS-LIQ-008,2024-03-20,3816.9765
FS-LIQ-008,2024-03-21,3817.2979
FS-LIQ-008,2024-03-22,3818.7751
FS-LIQ-008,2024-03-25,3819.7366
FS-LIQ-008,2024-03-26,3821.4495
FS-LIQ-008,2024-03-27,3821.8973
FS-LIQ-008,2024-03-28,3822.6128
FS-LIQ-008,2024-03-29,3823.7520
FS-LIQ-008,2024-04-01,3824.3105
FS-LIQ-008,2024-04-02,3824.7723
FS-LIQ-008,2024-04-03,3825.8851
FS-LIQ-008,2024-04-04,3826.5233
FS-LIQ-008,2024-04-05,3827.8361
FS-LIQ-008,2024-04-08,3828.8335
FS-LIQ-008,2024-04-09,3830.7225
FS-LIQ-008,2024-04-10,3831.8904
FS-LIQ-008,2024-04-11,3833.4041
FS-LIQ-008,2024-04-12,3833.9427
FS-LIQ-008,2024-04-15,3834.6033
FS-LIQ-008,2024-04-16,3836.1254
FS-LIQ-008,2024-04-17,3837.0719
FS-LIQ-008,2024-04-18,3837.8662
FS-LIQ-008,2024-04-19,3838.9105
FS-LIQ-008,2024-04-22,3839.7586
FS-LIQ-008,2024-04-23,3841.1752
FS-LIQ-008,2024-04-24,3842.1106
FS-LIQ-008,2024-04-25,3842.4908
FS-LIQ-008,2024-04-26,3843.3073
FS-LIQ-008,2024-04-29,3844.3305
FS-LIQ-008,2024-04-30,3844.5571
FS-LIQ-008,2024-05-01,3846.0745
FS-LIQ-008,2024-05-02,3847.4372
FS-LIQ-008,2024-05-03,3847.9068
FS-LIQ-008,2024-05-06,3848.6671
FS-LIQ-008,2024-05-07,3850.3905
FS-LIQ-008,2024-05-08,3851.0704
FS-LIQ-008,2024-05-09,3852.1391
FS-LIQ-008,2024-05-10,3853.0608
FS-LIQ-008,2024-05-13,3853.0522
FS-LIQ-008,2024-05-14,3853.5923
FS-LIQ-008,2024-05-15,3854.2044
FS-LIQ-008,2024-05-16,3854.7399
FS-LIQ-008,2024-05-17,3855.0247
FS-LIQ-008,2024-05-20,3856.0464
FS-LIQ-008,2024-05-21,3856.8246
FS-LIQ-008,2024-05-22,3858.8126
FS-LIQ-008,2024-05-23,3860.1867
FS-LIQ-008,2024-05-24,3861.4056
FS-LIQ-008,2024-05-27,3861.9318
FS-LIQ-008,2024-05-28,3863.0582
FS-LIQ-008,2024-05-29,3864.1653
FS-LIQ-008,2024-05-30,3865.9433
FS-LIQ-008,2024-05-31,3868.2679
FS-LIQ-008,2024-06-03,3868.5790
FS-LIQ-008,2024-06-04,3869.4017
FS-LIQ-008,2024-06-05,3870.5628
FS-LIQ-008,2024-06-06,3871.6724
FS-LIQ-008,2024-06-07,3872.5530
FS-LIQ-008,2024-06-10,3873.8979
FS-LIQ-008,2024-06-11,3874.5334
FS-LIQ-008,2024-06-12,3875.5845
FS-LIQ-008,2024-06-13,3875.9398
FS-LIQ-008,2024-06-14,3876.5579
FS-LIQ-008,2024-06-17,3876.9017
FS-LIQ-008,2024-06-18,3877.3198
FS-LIQ-008,2024-06-19,3878.4565
FS-LIQ-008,2024-06-20,3879.9517
FS-LIQ-008,2024-06-21,3880.9483
FS-LIQ-008,2024-06-24,3882.1338
FS-LIQ-008,2024-06-25,3883.1702
FS-LIQ-008,2024-06-26,3883.5068
FS-LIQ-008,2024-06-27,3885.7055
FS-LIQ-008,2024-06-28,3886.0947
FS-LIQ-008,2024-07-01,3887.3304
FS-LIQ-008,2024-07-02,3888.1249
FS-LIQ-008,2024-07-03,3888.2456
FS-LIQ-008,2024-07-04,3888.8843
FS-LIQ-008,2024-07-05,3889.7965
FS-LIQ-008,2024-07-08,3891.1045
FS-LIQ-008,2024-07-09,3891.8654
FS-LIQ-008,2024-07-10,3893.3502
FS-LIQ-008,2024-07-11,3894.0794
FS-LIQ-008,2024-07-12,3895.0527
FS-LIQ-008,2024-07-15,3896.9138
FS-LIQ-008,2024-07-16,3898.2874
FS-LIQ-008,2024-07-17,3898.6022
FS-LIQ-008,2024-07-18,3899.6886
FS-LIQ-008,2024-07-19,3900.6221
FS-LIQ-008,2024-07-22,3901.4887
FS-LIQ-008,2024-07-23,3902.1938
FS-LIQ-008,2024-07-24,3903.3047
FS-LIQ-008,2024-07-25,3904.4846
FS-LIQ-008,2024-07-26,3905.2965
FS-LIQ-008,2024-07-29,3906.9450
FS-LIQ-008,2024-07-30,3907.5443
FS-LIQ-008,2024-07-31,3907.9559
FS-LIQ-008,2024-08-01,3908.7379
FS-LIQ-008,2024-08-02,3910.4846
FS-LIQ-008,2024-08-05,3911.4652
FS-LIQ-008,2024-08-06,3912.3897
FS-LIQ-008,2024-08-07,3913.8276
FS-LIQ-008,2024-08-08,3915.3212
FS-LIQ-008,2024-08-09,3917.2097
FS-LIQ-008,2024-08-12,3918.2130
FS-LIQ-008,2024-08-13,3919.5462
FS-LIQ-008,2024-08-14,3921.8224
FS-LIQ-008,2024-08-15,3922.9597
FS-LIQ-008,2024-08-16,3923.8933
FS-LIQ-008,2024-08-19,3923.7715
FS-LIQ-008,2024-08-20,3924.0818
FS-LIQ-008,2024-08-21,3924.3129
FS-LIQ-008,2024-08-22,3925.2421
FS-LIQ-008,2024-08-23,3925.4969
FS-LIQ-008,2024-08-26,3926.3657
FS-LIQ-008,2024-08-27,3927.3619
FS-LIQ-008,2024-08-28,3928.7362
FS-LIQ-008,2024-08-29,3929.7883
FS-LIQ-008,2024-08-30,3930.1774
FS-LIQ-008,2024-09-02,3931.0002
FS-LIQ-008,2024-09-03,3931.8691
FS-LIQ-008,2024-09-04,3932.3681
FS-LIQ-008,2024-09-05,3932.8226
FS-LIQ-008,2024-09-06,3933.6744
FS-LIQ-008,2024-09-09,3935.6641
FS-LIQ-008,2024-09-10,3937.1236
FS-LIQ-008,2024-09-11,3937.9530
FS-LIQ-008,2024-09-12,3938.6643
FS-LIQ-008,2024-09-13,3939.5916
FS-LIQ-008,2024-09-16,3939.9924
FS-LIQ-008,2024-09-17,3940.9325
FS-LIQ-008,2024-09-18,3941.9977
FS-LIQ-008,2024-09-19,3943.1778
FS-LIQ-008,2024-09-20,3944.0312
FS-LIQ-008,2024-09-23,3945.0768
FS-LIQ-008,2024-09-24,3946.5391
FS-LIQ-008,2024-09-25,3948.3450
FS-LIQ-008,2024-09-26,3949.2885
FS-LIQ-008,2024-09-27,3950.1064
FS-LIQ-008,2024-09-30,3950.9939
FS-LIQ-008,2024-10-01,3952.0177
FS-LIQ-008,2024-10-02,3952.9647
FS-LIQ-008,2024-10-03,3953.9190
FS-LIQ-008,2024-10-04,3954.9507
FS-LIQ-008,2024-10-07,3955.9153
FS-LIQ-008,2024-10-08,3956.8427
FS-LIQ-008,2024-10-09,3957.9269
FS-LIQ-008,2024-10-10,3959.3271
FS-LIQ-008,2024-10-11,3960.2222
FS-LIQ-008,2024-10-14,3961.5851
FS-LIQ-008,2024-10-15,3962.2964
FS-LIQ-008,2024-10-16,3963.5746
FS-LIQ-008,2024-10-17,3964.8961
FS-LIQ-008,2024-10-18,3966.5654
FS-LIQ-008,2024-10-21,3967.7922
FS-LIQ-008,2024-10-22,3968.2782
FS-LIQ-008,2024-10-23,3969.4012
FS-LIQ-008,2024-10-24,3970.4099
FS-LIQ-008,2024-10-25,3971.5548
FS-LIQ-008,2024-10-28,3971.7146
FS-LIQ-008,2024-10-29,3973.1870
FS-LIQ-008,2024-10-30,3974.2346
FS-LIQ-008,2024-10-31,3975.1657
FS-LIQ-008,2024-11-01,3975.4037
FS-LIQ-008,2024-11-04,3977.2414
FS-LIQ-008,2024-11-05,3978.2275
FS-LIQ-008,2024-11-06,3978.7885
FS-LIQ-008,2024-11-07,3979.3536
FS-LIQ-008,2024-11-08,3980.4840
FS-LIQ-008,2024-11-11,3981.0688
FS-LIQ-008,2024-11-12,3982.5809
FS-LIQ-008,2024-11-13,3983.5319
FS-LIQ-008,2024-11-14,3984.5784
FS-LIQ-008,2024-11-15,3985.3541
FS-LIQ-008,2024-11-18,3986.7019
FS-LIQ-008,2024-11-19,3988.0102
FS-LIQ-008,2024-11-20,3988.8980
FS-LIQ-008,2024-11-21,3990.3422
FS-LIQ-008,2024-11-22,3991.9108
FS-LIQ-008,2024-11-25,3992.7715
FS-LIQ-008,2024-11-26,3993.7057
FS-LIQ-008,2024-11-27,3994.8203
FS-LIQ-008,2024-11-28,3996.1771
FS-LIQ-008,2024-11-29,3997.6222
FS-LIQ-008,2024-12-02,3999.6048
FS-LIQ-008,2024-12-03,4001.1527
FS-LIQ-008,2024-12-04,4002.9782
FS-LIQ-008,2024-12-05,4002.9237
FS-LIQ-008,2024-12-06,4004.6999
FS-LIQ-008,2024-12-09,4005.3609
FS-LIQ-008,2024-12-10,4006.8844
FS-LIQ-008,2024-12-11,4007.4801
FS-LIQ-008,2024-12-12,4008.0068
FS-LIQ-008,2024-12-13,4008.7880
FS-LIQ-008,2024-12-16,4009.9138
FS-LIQ-008,2024-12-17,4010.9853
FS-LIQ-008,2024-12-18,4011.7548
FS-LIQ-008,2024-12-19,4012.4443
FS-LIQ-008,2024-12-20,4012.5642
FS-LIQ-008,2024-12-23,4013.5433
FS-LIQ-008,2024-12-24,4014.6803
FS-LIQ-008,2024-12-25,4017.2493
FS-LIQ-008,2024-12-26,4017.7692
FS-LIQ-008,2024-12-27,4018.5139
FS-LIQ-008,2024-12-30,4020.0563
FS-LIQ-008,2024-12-31,4021.0665
FS-LIQ-008,2025-01-01,4022.0036
FS-LIQ-008,2025-01-02,4023.8684
FS-LIQ-008,2025-01-03,4024.8456
FS-LIQ-008,2025-01-06,4026.1407
FS-LIQ-008,2025-01-07,4027.5459
FS-LIQ-008,2025-01-08,4027.8225
FS-LIQ-008,2025-01-09,4028.1125
FS-LIQ-008,2025-01-10,4029.1198
FS-LIQ-008,2025-01-13,4030.1409
FS-LIQ-008,2025-01-14,4030.2996
FS-LIQ-008,2025-01-15,4031.5626
FS-LIQ-008,2025-01-16,4033.8345
FS-LIQ-008,2025-01-17,4035.7673
FS-LIQ-008,2025-01-20,4036.2879
FS-LIQ-008,2025-01-21,4036.2835
FS-LIQ-008,2025-01-22,4037.1579
FS-LIQ-008,2025-01-23,4038.4139
FS-LIQ-008,2025-01-24,4039.6867
FS-LIQ-008,2025-01-27,4040.8619
FS-LIQ-008,2025-01-28,4042.2240
FS-LIQ-008,2025-01-29,4043.5770
FS-LIQ-008,2025-01-30,4044.8939
FS-LIQ-008,2025-01-31,4045.9999
FS-LIQ-008,2025-02-03,4047.2601
FS-LIQ-008,2025-02-04,4048.5137
FS-LIQ-008,2025-02-05,4049.7258
FS-LIQ-008,2025-02-06,4050.4351
FS-LIQ-008,2025-02-07,4051.7834
FS-LIQ-008,2025-02-10,4052.1159
FS-LIQ-008,2025-02-11,4052.9398
FS-LIQ-008,2025-02-12,4053.6340
FS-LIQ-008,2025-02-13,4055.0481
FS-LIQ-008,2025-02-14,4054.9864
FS-LIQ-008,2025-02-17,4056.0226
FS-LIQ-008,2025-02-18,4057.2320
FS-LIQ-008,2025-02-19,4057.6799
FS-LIQ-008,2025-02-20,4058.2017
FS-LIQ-008,2025-02-21,4059.0905
FS-LIQ-008,2025-02-24,4059.5343
FS-LIQ-008,2025-02-25,4061.4322
FS-LIQ-008,2025-02-26,4061.9214
FS-LIQ-008,2025-02-27,4063.0385
FS-LIQ-008,2025-02-28,4063.4157
FS-LIQ-008,2025-03-03,4064.8410
FS-LIQ-008,2025-03-04,4066.4177
FS-LIQ-008,2025-03-05,4066.6489
FS-LIQ-008,2025-03-06,4067.9225
FS-LIQ-008,2025-03-07,4069.4915
FS-LIQ-008,2025-03-10,4069.8411
FS-LIQ-008,2025-03-11,4070.9656
FS-LIQ-008,2025-03-12,4071.9205
FS-LIQ-008,2025-03-13,4072.4010
FS-LIQ-008,2025-03-14,4072.6034
FS-LIQ-008,2025-03-17,4073.2592
FS-LIQ-008,2025-03-18,4074.3658
FS-LIQ-008,2025-03-19,4075.7595
FS-LIQ-008,2025-03-20,4076.7393
FS-LIQ-008,2025-03-21,4077.7933
FS-LIQ-008,2025-03-24,4078.1203
FS-LIQ-008,2025-03-25,4079.2351
FS-LIQ-008,2025-03-26,4080.1115
FS-LIQ-008,2025-03-27,4081.1791
FS-LIQ-008,2025-03-28,4081.8144
FS-LIQ-008,2025-03-31,4084.0824
FS-LIQ-008,2025-04-01,4084.5331
FS-LIQ-008,2025-04-02,4085.1854
FS-LIQ-008,2025-04-03,4086.7080
FS-LIQ-008,2025-04-04,4086.6970
FS-LIQ-008,2025-04-07,4087.6378
FS-LIQ-008,2025-04-08,4088.8747
FS-LIQ-008,2025-04-09,4090.0515
FS-LIQ-008,2025-04-10,4091.1978
FS-LIQ-008,2025-04-11,4092.6473
FS-LIQ-008,2025-04-14,4094.1343
FS-LIQ-008,2025-04-15,4095.8015
FS-LIQ-008,2025-04-16,4096.9272
FS-LIQ-008,2025-04-17,4097.6386
FS-LIQ-008,2025-04-18,4097.7658
FS-LIQ-008,2025-04-21,4099.0548
FS-LIQ-008,2025-04-22,4099.6226
FS-LIQ-008,2025-04-23,4101.4769
FS-LIQ-008,2025-04-24,4102.1945
FS-LIQ-008,2025-04-25,4103.6752
FS-LIQ-008,2025-04-28,4104.4229
FS-LIQ-008,2025-04-29,4105.1740
FS-LIQ-008,2025-04-30,4105.7082
FS-LIQ-008,2025-05-01,4106.9133
FS-LIQ-008,2025-05-02,4107.9703
FS-LIQ-008,2025-05-05,4109.0324
FS-LIQ-008,2025-05-06,4110.1228
FS-LIQ-008,2025-05-07,4111.2453
FS-LIQ-008,2025-05-08,4112.0268
FS-LIQ-008,2025-05-09,4111.8912
FS-LIQ-008,2025-05-12,4112.6972
FS-LIQ-008,2025-05-13,4114.7539
FS-LIQ-008,2025-05-14,4115.9843
FS-LIQ-008,2025-05-15,4117.6523
FS-LIQ-008,2025-05-16,4118.8101
FS-LIQ-008,2025-05-19,4119.9938
FS-LIQ-008,2025-05-20,4121.9327
FS-LIQ-008,2025-05-21,4123.1277
FS-LIQ-008,2025-05-22,4124.1910
FS-LIQ-008,2025-05-23,4126.1594
FS-LIQ-008,2025-05-26,4128.5144
FS-LIQ-008,2025-05-27,4129.6413
FS-LIQ-008,2025-05-28,4130.9719
FS-LIQ-008,2025-05-29,4131.3241
FS-LIQ-008,2025-05-30,4133.2744
FS-LIQ-008,2025-06-02,4133.9043
FS-LIQ-008,2025-06-03,4134.4548
FS-LIQ-008,2025-06-04,4135.6995
FS-LIQ-008,2025-06-05,4137.4897
FS-LIQ-008,2025-06-06,4138.2952
FS-LIQ-008,2025-06-09,4139.4982
FS-LIQ-008,2025-06-10,4141.0237
FS-LIQ-008,2025-06-11,4141.0144
FS-LIQ-008,2025-06-12,4141.4393
FS-LIQ-008,2025-06-13,4142.7016
FS-LIQ-008,2025-06-16,4144.0462
FS-LIQ-008,2025-06-17,4144.9430
FS-LIQ-008,2025-06-18,4146.1513
FS-LIQ-008,2025-06-19,4146.7077
FS-LIQ-008,2025-06-20,4148.4692
FS-LIQ-008,2025-06-23,4148.7822
FS-LIQ-008,2025-06-24,4149.9776
FS-LIQ-008,2025-06-25,4151.4751
FS-LIQ-008,2025-06-26,4152.9313
FS-LIQ-008,2025-06-27,4153.6860
FS-LIQ-008,2025-06-30,4154.4644
FS-LIQ-008,2025-07-01,4155.4157
FS-LIQ-008,2025-07-02,4156.7671
FS-LIQ-008,2025-07-03,4157.6325
FS-LIQ-008,2025-07-04,4158.7445
FS-LIQ-008,2025-07-07,4160.3699
FS-LIQ-008,2025-07-08,4161.2257
FS-LIQ-008,2025-07-09,4162.3108
FS-LIQ-008,2025-07-10,4163.1036
FS-LIQ-008,2025-07-11,4164.1037
FS-LIQ-008,2025-07-14,4165.0990
FS-LIQ-008,2025-07-15,4166.3323
FS-LIQ-008,2025-07-16,4167.7087
FS-LIQ-008,2025-07-17,4169.2772
FS-LIQ-008,2025-07-18,4170.6353
FS-LIQ-008,2025-07-21,4171.5811
FS-LIQ-008,2025-07-22,4172.4943
FS-LIQ-008,2025-07-23,4173.1641
FS-LIQ-008,2025-07-24,4174.2206
FS-LIQ-008,2025-07-25,4174.7966
FS-LIQ-008,2025-07-28,4175.8386
FS-LIQ-008,2025-07-29,4177.1535
FS-LIQ-008,2025-07-30,4178.8536
FS-LIQ-008,2025-07-31,4180.0197
FS-LIQ-008,2025-08-01,4181.6570
FS-LIQ-008,2025-08-04,4182.7327
FS-LIQ-008,2025-08-05,4183.0031
FS-LIQ-008,2025-08-06,4183.2945
FS-LIQ-008,2025-08-07,4184.6696
FS-LIQ-008,2025-08-08,4185.2573
FS-LIQ-008,2025-08-11,4186.6046
FS-LIQ-008,2025-08-12,4187.2935
FS-LIQ-008,2025-08-13,4189.0183
FS-LIQ-008,2025-08-14,4189.5583
FS-LIQ-008,2025-08-15,4190.7016
FS-LIQ-008,2025-08-18,4191.3442
FS-LIQ-008,2025-08-19,4193.4200
FS-LIQ-008,2025-08-20,4195.6748
FS-LIQ-008,2025-08-21,4197.0289
FS-LIQ-008,2025-08-22,4198.1226
FS-LIQ-008,2025-08-25,4198.7438
FS-LIQ-008,2025-08-26,4198.9187
FS-LIQ-008,2025-08-27,4200.0577
FS-LIQ-008,2025-08-28,4201.2694
FS-LIQ-008,2025-08-29,4202.8722
FS-LIQ-008,2025-09-01,4203.1299
FS-LIQ-008,2025-09-02,4204.5366
FS-LIQ-008,2025-09-03,4205.5569
FS-LIQ-008,2025-09-04,4205.8675
FS-LIQ-008,2025-09-05,4206.3584
FS-LIQ-008,2025-09-08,4207.6880
FS-LIQ-008,2025-09-09,4208.6453
FS-LIQ-008,2025-09-10,4209.4749
FS-LIQ-008,2025-09-11,4210.6953
FS-LIQ-008,2025-09-12,4211.8703
FS-LIQ-008,2025-09-15,4212.7165
FS-LIQ-008,2025-09-16,4213.8780
FS-LIQ-008,2025-09-17,4215.0411
FS-LIQ-008,2025-09-18,4216.0603
FS-LIQ-008,2025-09-19,4216.6851
FS-LIQ-008,2025-09-22,4218.3918
FS-LIQ-008,2025-09-23,4218.5869
FS-LIQ-008,2025-09-24,4219.6272
FS-LIQ-008,2025-09-25,4221.2835
FS-LIQ-008,2025-09-26,4222.6984
FS-LIQ-008,2025-09-29,4223.4308
FS-LIQ-008,2025-09-30,4225.2635
FS-LIQ-008,2025-10-01,4226.8309
FS-LIQ-008,2025-10-02,4228.0220
FS-LIQ-008,2025-10-03,4228.3784
FS-LIQ-008,2025-10-06,4228.1817
FS-LIQ-008,2025-10-07,4229.5732
FS-LIQ-008,2025-10-08,4231.5433
FS-LIQ-008,2025-10-09,4232.6591
FS-LIQ-008,2025-10-10,4233.2707
FS-LIQ-008,2025-10-13,4234.8631
FS-LIQ-008,2025-10-14,4236.4008
FS-LIQ-008,2025-10-15,4237.5661
FS-LIQ-008,2025-10-16,4238.4839
FS-LIQ-008,2025-10-17,4240.3205
FS-LIQ-008,2025-10-20,4240.7847
FS-LIQ-008,2025-10-21,4242.2727
FS-LIQ-008,2025-10-22,4244.1012
FS-LIQ-008,2025-10-23,4245.0517
FS-LIQ-008,2025-10-24,4245.8249
FS-LIQ-008,2025-10-27,4246.8724
FS-LIQ-008,2025-10-28,4247.8713
FS-LIQ-008,2025-10-29,4248.9831
FS-LIQ-008,2025-10-30,4249.1350
FS-LIQ-008,2025-10-31,4249.5709
FS-LIQ-008,2025-11-03,4250.6077
FS-LIQ-008,2025-11-04,4250.9129
FS-LIQ-008,2025-11-05,4252.0262
FS-LIQ-008,2025-11-06,4252.4974
FS-LIQ-008,2025-11-07,4253.3337
FS-LIQ-008,2025-11-10,4255.1712
FS-LIQ-008,2025-11-11,4256.1515
FS-LIQ-008,2025-11-12,4257.4631
FS-LIQ-008,2025-11-13,4258.5399
FS-LIQ-008,2025-11-14,4259.7777
FS-LIQ-008,2025-11-17,4261.6908
FS-LIQ-008,2025-11-18,4262.7501
FS-LIQ-008,2025-11-19,4264.4279
FS-LIQ-008,2025-11-20,4265.7225
FS-LIQ-008,2025-11-21,4266.7400
FS-LIQ-008,2025-11-24,4267.0624
FS-LIQ-008,2025-11-25,4268.2821
FS-LIQ-008,2025-11-26,4268.7221
FS-LIQ-008,2025-11-27,4269.3961
FS-LIQ-008,2025-11-28,4271.4419
FS-LIQ-008,2025-12-01,4272.8401
FS-LIQ-008,2025-12-02,4273.9602
FS-LIQ-008,2025-12-03,4274.7799
FS-LIQ-008,2025-12-04,4275.7263
FS-LIQ-008,2025-12-05,4276.3028
FS-LIQ-008,2025-12-08,4276.8960
FS-LIQ-008,2025-12-09,4277.4080
FS-LIQ-008,2025-12-10,4278.2818
FS-LIQ-008,2025-12-11,4280.2097
FS-LIQ-008,2025-12-12,4281.4490
FS-LIQ-008,2025-12-15,4282.0808
FS-LIQ-008,2025-12-16,4282.8489
FS-LIQ-008,2025-12-17,4283.8654
FS-LIQ-008,2025-12-18,4284.9973
FS-LIQ-008,2025-12-19,4285.7428
FS-LIQ-008,2025-12-22,4286.7372
FS-LIQ-008,2025-12-23,4287.4125
FS-LIQ-008,2025-12-24,4288.0983
FS-LIQ-008,2025-12-25,4289.2834
FS-LIQ-008,2025-12-26,4290.6996
FS-LIQ-008,2025-12-29,4291.3174
FS-LIQ-008,2025-12-30,4292.8821
FS-LIQ-008,2025-12-31,4294.4966
FS-LIQ-008,2026-01-01,4295.5862
FS-LIQ-008,2026-01-02,4296.0335
FS-LIQ-008,2026-01-05,4297.3054
FS-LIQ-008,2026-01-06,4298.3541
FS-LIQ-008,2026-01-07,4299.3984
FS-LIQ-008,2026-01-08,4300.3927
FS-LIQ-008,2026-01-09,4301.8730
FS-LIQ-008,2026-01-12,4302.8379
FS-LIQ-008,2026-01-13,4304.1203
FS-LIQ-008,2026-01-14,4305.0621
FS-LIQ-008,2026-01-15,4306.5012
FS-LIQ-008,2026-01-16,4307.1640
FS-LIQ-008,2026-01-19,4307.4429
FS-LIQ-008,2026-01-20,4308.9443
FS-LIQ-008,2026-01-21,4309.9150
FS-LIQ-008,2026-01-22,4310.3999
FS-LIQ-008,2026-01-23,4311.3407
FS-LIQ-008,2026-01-26,4312.3269
FS-LIQ-008,2026-01-27,4313.9757
FS-LIQ-008,2026-01-28,4315.0239
FS-LIQ-008,2026-01-29,4316.0527
FS-LIQ-008,2026-01-30,4316.6965
FS-LIQ-008,2026-02-02,4317.5008
FS-LIQ-008,2026-02-03,4318.9435
FS-LIQ-008,2026-02-04,4320.3536
FS-LIQ-008,2026-02-05,4320.8901
FS-LIQ-008,2026-02-06,4322.4855
FS-LIQ-008,2026-02-09,4323.9363
FS-LIQ-008,2026-02-10,4325.0259
FS-LIQ-008,2026-02-11,4325.4723
FS-LIQ-008,2026-02-12,4325.7025
FS-LIQ-008,2026-02-13,4326.8548
FS-LIQ-008,2026-02-16,4327.3522
FS-LIQ-008,2026-02-17,4328.6204
FS-LIQ-008,2026-02-18,4329.7845
FS-LIQ-008,2026-02-19,4331.1720
FS-LIQ-008,2026-02-20,4332.2589
FS-LIQ-008,2026-02-23,4332.9437
FS-LIQ-008,2026-02-24,4334.1898
FS-LIQ-008,2026-02-25,4334.9618
FS-LIQ-008,2026-02-26,4336.5251
FS-LIQ-008,2026-02-27,4337.5537
FS-LIQ-008,2026-03-02,4338.8967
FS-LIQ-008,2026-03-03,4340.1373
FS-LIQ-008,2026-03-04,4340.7253
FS-LIQ-008,2026-03-05,4341.2258
FS-LIQ-008,2026-03-06,4342.5617
FS-LIQ-008,2026-03-09,4343.4135
FS-LIQ-008,2026-03-10,4344.8782
FS-LIQ-008,2026-03-11,4346.0108
FS-LIQ-008,2026-03-12,4347.2232
FS-LIQ-008,2026-03-13,4348.1724
FS-LIQ-008,2026-03-16,4349.5814
FS-LIQ-008,2026-03-17,4350.1497
FS-LIQ-008,2026-03-18,4350.5732
FS-LIQ-008,2026-03-19,4352.4201
FS-LIQ-008,2026-03-20,4354.3792
FS-LIQ-008,2026-03-23,4355.4268
FS-LIQ-008,2026-03-24,4355.9686
FS-LIQ-008,2026-03-25,4356.9052
FS-LIQ-008,2026-03-26,4358.0545
FS-LIQ-008,2026-03-27,4359.3782
FS-LIQ-008,2026-03-30,4360.7999
FS-LIQ-008,2026-03-31,4362.1100
FS-LIQ-008,2026-04-01,4363.5505
FS-LIQ-008,2026-04-02,4364.6141
FS-LIQ-008,2026-04-03,4365.6723
FS-LIQ-008,2026-04-06,4366.9046
FS-LIQ-008,2026-04-07,4368.4154
FS-LIQ-008,2026-04-08,4369.7499
FS-LIQ-008,2026-04-09,4371.6632
FS-LIQ-008,2026-04-10,4372.5119
FS-LIQ-008,2026-04-13,4373.3659
FS-LIQ-008,2026-04-14,4373.8512
FS-LIQ-008,2026-04-15,4374.7808
FS-LIQ-008,2026-04-16,4376.1180
FS-LIQ-008,2026-04-17,4376.9239
FS-LIQ-008,2026-04-20,4378.4176
FS-LIQ-008,2026-04-21,4379.4609
FS-LIQ-008,2026-04-22,4380.1677
FS-LIQ-008,2026-04-23,4380.7735
FS-LIQ-008,2026-04-24,4381.7406
FS-LIQ-008,2026-04-27,4382.7434
FS-LIQ-008,2026-04-28,4383.8712
FS-LIQ-008,2026-04-29,4384.8775
FS-LIQ-008,2026-04-30,4386.7432
FS-LIQ-008,2026-05-01,4388.2439
FS-LIQ-008,2026-05-04,4389.2093
FS-LIQ-008,2026-05-05,4390.0433
FS-LIQ-008,2026-05-06,4391.7178
FS-LIQ-008,2026-05-07,4393.6048
FS-LIQ-008,2026-05-08,4394.6099
FS-LIQ-008,2026-05-11,4394.7437
FS-LIQ-008,2026-05-12,4395.5171
FS-LIQ-008,2026-05-13,4397.3002
FS-LIQ-008,2026-05-14,4399.1830
FS-LIQ-008,2026-05-15,4400.2802
FS-LIQ-008,2026-05-18,4401.2976
FS-LIQ-008,2026-05-19,4401.6033
FS-LIQ-008,2026-05-20,4403.2643
FS-LIQ-008,2026-05-21,4404.1645
FS-LIQ-008,2026-05-22,4405.1935
FS-LIQ-008,2026-05-25,4406.0857
FS-LIQ-008,2026-05-26,4408.0992
FS-LIQ-008,2026-05-27,4408.7397
FS-LIQ-008,2026-05-28,4409.7878
FS-LIQ-008,2026-05-29,4410.0371
FS-LIQ-008,2026-06-01,4411.0970
FS-LIQ-008,2026-06-02,4411.9183
FS-LIQ-008,2026-06-03,4413.5745
FS-LIQ-008,2026-06-04,4414.0712
FS-LIQ-008,2026-06-05,4415.9112
FS-LIQ-008,2026-06-08,4417.8671
FS-LIQ-008,2026-06-09,4418.3919
FS-LIQ-008,2026-06-10,4418.9773
FS-LIQ-008,2026-06-11,4419.3777
FS-LIQ-008,2026-06-12,4419.5615
FS-LIQ-008,2026-06-15,4420.4751
FS-LIQ-008,2026-06-16,4420.9192
FS-LIQ-008,2026-06-17,4421.0516
FS-LIQ-008,2026-06-18,4422.4367
FS-LIQ-008,2026-06-19,4423.1163
FS-LIQ-008,2026-06-22,4423.4318
FS-LIQ-008,2026-06-23,4424.4930
FS-LIQ-008,2026-06-24,4425.7106
FS-LIQ-008,2026-06-25,4425.9640
FS-LIQ-008,2026-06-26,4427.4387
FS-LIQ-008,2026-06-29,4429.3386
FS-LIQ-008,2026-06-30,4430.2018
FS-LIQ-008,2026-07-01,4431.3950
FS-LIQ-008,2026-07-02,4432.8100
FS-LIQ-008,2026-07-03,4433.7016
FS-LIQ-008,2026-07-06,4434.6364
FS-LIQ-008,2026-07-07,4435.5193
FS-LIQ-008,2026-07-08,4436.5534
FS-LIQ-008,2026-07-09,4438.0067
FS-LIQ-008,2026-07-10,4438.9701
FS-LIQ-008,2026-07-13,4439.1701
FS-LIQ-008,2026-07-14,4440.9465
FS-LIQ-008,2026-07-15,4441.7492
FS-LIQ-008,2026-07-16,4443.0464
FS-LIQ-008,2026-07-17,4444.2853
FS-LIQ-008,2026-07-20,4445.4046
FS-LIQ-008,2026-07-21,4446.4295
FS-LIQ-008,2026-07-22,4447.0744
FS-LIQ-008,2026-07-23,4447.2638
FS-LIQ-008,2026-07-24,4448.4067
FS-LIQ-008,2026-07-27,4449.3264
FS-LIQ-008,2026-07-28,4451.2958
FS-LIQ-008,2026-07-29,4452.0475
FS-LIQ-008,2026-07-30,4452.9634
FS-LIQ-008,2026-07-31,4454.4124
FS-LIQ-008,2026-08-03,4456.6683
FS-LIQ-008,2026-08-04,4457.4679
FS-LIQ-008,2026-08-05,4458.3290
FS-LIQ-008,2026-08-06,4458.5314
FS-LIQ-008,2026-08-07,4459.2555
FS-LIQ-008,2026-08-10,4460.5764
FS-LIQ-008,2026-08-11,4461.8451
FS-LIQ-008,2026-08-12,4462.3997
FS-LIQ-008,2026-08-13,4463.5383
FS-LIQ-008,2026-08-14,4465.0183
FS-LIQ-008,2026-08-17,4465.9526
FS-LIQ-008,2026-08-18,4467.0741
FS-LIQ-008,2026-08-19,4467.5720
FS-LIQ-008,2026-08-20,4469.1174
FS-LIQ-008,2026-08-21,4470.7953
FS-LIQ-008,2026-08-24,4471.7157
FS-LIQ-008,2026-08-25,4471.6315
FS-LIQ-008,2026-08-26,4472.5997
FS-LIQ-008,2026-08-27,4473.9111
FS-LIQ-008,2026-08-28,4475.0133
FS-LIQ-008,2026-08-31,4475.5994
FS-LIQ-008,2026-09-01,4475.8570
FS-LIQ-008,2026-09-02,4476.9499
FS-LIQ-008,2026-09-03,4477.5793
FS-LIQ-008,2026-09-04,4478.2359
FS-LIQ-008,2026-09-07,4479.0066
FS-LIQ-008,2026-09-08,4479.6326
FS-LIQ-008,2026-09-09,4480.7118
FS-LIQ-008,2026-09-10,4482.3807
FS-LIQ-008,2026-09-11,4482.8922
FS-LIQ-008,2026-09-14,4484.2930
FS-LIQ-008,2026-09-15,4485.5341
FS-LIQ-008,2026-09-16,4486.2914
FS-LIQ-008,2026-09-17,4487.0947
FS-LIQ-008,2026-09-18,4488.3768
FS-LIQ-008,2026-09-21,4489.7061
FS-LIQ-008,2026-09-22,4490.0008
FS-LIQ-008,2026-09-23,4491.0055
FS-LIQ-008,2026-09-24,4492.2788
FS-LIQ-008,2026-09-25,4493.2988
FS-LIQ-008,2026-09-28,4493.6526
FS-LIQ-008,2026-09-29,4495.1104
FS-LIQ-008,2026-09-30,4496.1899
FS-BAF-009,2021-01-04,27.8916
FS-BAF-009,2021-01-05,27.8741
FS-BAF-009,2021-01-06,27.9163
FS-BAF-009,2021-01-07,27.9893
FS-BAF-009,2021-01-08,28.0466
FS-BAF-009,2021-01-11,28.0574
FS-BAF-009,2021-01-12,28.0548
FS-BAF-009,2021-01-13,27.9752
FS-BAF-009,2021-01-14,28.0427
FS-BAF-009,2021-01-15,28.0439
FS-BAF-009,2021-01-18,28.2176
FS-BAF-009,2021-01-19,28.5003
FS-BAF-009,2021-01-20,28.5366
FS-BAF-009,2021-01-21,28.4546
FS-BAF-009,2021-01-22,28.6214
FS-BAF-009,2021-01-25,28.5596
FS-BAF-009,2021-01-26,28.4824
FS-BAF-009,2021-01-27,28.1208
FS-BAF-009,2021-01-28,28.0089
FS-BAF-009,2021-01-29,28.0983
FS-BAF-009,2021-02-01,27.8861
FS-BAF-009,2021-02-02,27.9189
FS-BAF-009,2021-02-03,27.9864
FS-BAF-009,2021-02-04,28.2178
FS-BAF-009,2021-02-05,28.2774
FS-BAF-009,2021-02-08,28.4260
FS-BAF-009,2021-02-09,28.3265
FS-BAF-009,2021-02-10,28.3476
FS-BAF-009,2021-02-11,28.4800
FS-BAF-009,2021-02-12,28.2295
FS-BAF-009,2021-02-15,28.0975
FS-BAF-009,2021-02-16,28.1282
FS-BAF-009,2021-02-17,28.2094
FS-BAF-009,2021-02-18,28.1765
FS-BAF-009,2021-02-19,28.4388
FS-BAF-009,2021-02-22,28.4170
FS-BAF-009,2021-02-23,28.5222
FS-BAF-009,2021-02-24,28.6250
FS-BAF-009,2021-02-25,28.6949
FS-BAF-009,2021-02-26,28.7231
FS-BAF-009,2021-03-01,28.7666
FS-BAF-009,2021-03-02,28.7761
FS-BAF-009,2021-03-03,28.8981
FS-BAF-009,2021-03-04,28.8713
FS-BAF-009,2021-03-05,29.1301
FS-BAF-009,2021-03-08,29.2429
FS-BAF-009,2021-03-09,29.2498
FS-BAF-009,2021-03-10,29.3525
FS-BAF-009,2021-03-11,29.3993
FS-BAF-009,2021-03-12,29.1879
FS-BAF-009,2021-03-15,29.1292
FS-BAF-009,2021-03-16,29.0863
FS-BAF-009,2021-03-17,29.0834
FS-BAF-009,2021-03-18,28.9937
FS-BAF-009,2021-03-19,29.0791
FS-BAF-009,2021-03-22,29.0928
FS-BAF-009,2021-03-23,29.1951
FS-BAF-009,2021-03-24,29.0996
FS-BAF-009,2021-03-25,29.1103
FS-BAF-009,2021-03-26,29.0519
FS-BAF-009,2021-03-29,28.8908
FS-BAF-009,2021-03-30,28.5718
FS-BAF-009,2021-03-31,28.5763
FS-BAF-009,2021-04-01,28.4506
FS-BAF-009,2021-04-02,28.4343
FS-BAF-009,2021-04-05,28.2738
FS-BAF-009,2021-04-06,28.2309
FS-BAF-009,2021-04-07,28.2196
FS-BAF-009,2021-04-08,28.2925
FS-BAF-009,2021-04-09,28.3343
FS-BAF-009,2021-04-12,28.3048
FS-BAF-009,2021-04-13,28.3263
FS-BAF-009,2021-04-14,28.4990
FS-BAF-009,2021-04-15,28.5565
FS-BAF-009,2021-04-16,28.4549
FS-BAF-009,2021-04-19,28.3223
FS-BAF-009,2021-04-20,28.3284
FS-BAF-009,2021-04-21,28.2187
FS-BAF-009,2021-04-22,28.3682
FS-BAF-009,2021-04-23,28.1474
FS-BAF-009,2021-04-26,28.2962
FS-BAF-009,2021-04-27,28.4193
FS-BAF-009,2021-04-28,28.2737
FS-BAF-009,2021-04-29,28.3164
FS-BAF-009,2021-04-30,28.3763
FS-BAF-009,2021-05-03,28.6889
FS-BAF-009,2021-05-04,28.6378
FS-BAF-009,2021-05-05,28.5237
FS-BAF-009,2021-05-06,28.3348
FS-BAF-009,2021-05-07,28.3041
FS-BAF-009,2021-05-10,28.3582
FS-BAF-009,2021-05-11,28.2564
FS-BAF-009,2021-05-12,28.3747
FS-BAF-009,2021-05-13,28.2931
FS-BAF-009,2021-05-14,28.2380
FS-BAF-009,2021-05-17,28.2847
FS-BAF-009,2021-05-18,28.2289
FS-BAF-009,2021-05-19,28.2272
FS-BAF-009,2021-05-20,28.2738
FS-BAF-009,2021-05-21,28.2143
FS-BAF-009,2021-05-24,28.3522
FS-BAF-009,2021-05-25,28.5894
FS-BAF-009,2021-05-26,28.7274
FS-BAF-009,2021-05-27,28.9053
FS-BAF-009,2021-05-28,28.8987
FS-BAF-009,2021-05-31,28.8625
FS-BAF-009,2021-06-01,28.8776
FS-BAF-009,2021-06-02,28.7810
FS-BAF-009,2021-06-03,28.6270
FS-BAF-009,2021-06-04,28.4508
FS-BAF-009,2021-06-07,28.6196
FS-BAF-009,2021-06-08,28.5813
FS-BAF-009,2021-06-09,28.5583
FS-BAF-009,2021-06-10,28.4885
FS-BAF-009,2021-06-11,28.3983
FS-BAF-009,2021-06-14,28.3883
FS-BAF-009,2021-06-15,28.4308
FS-BAF-009,2021-06-16,28.5205
FS-BAF-009,2021-06-17,28.5027
FS-BAF-009,2021-06-18,28.4401
FS-BAF-009,2021-06-21,28.3564
FS-BAF-009,2021-06-22,28.2418
FS-BAF-009,2021-06-23,28.2457
FS-BAF-009,2021-06-24,28.2661
FS-BAF-009,2021-06-25,28.2913
FS-BAF-009,2021-06-28,28.4756
FS-BAF-009,2021-06-29,28.4034
FS-BAF-009,2021-06-30,28.3550
FS-BAF-009,2021-07-01,28.3859
FS-BAF-009,2021-07-02,28.2999
FS-BAF-009,2021-07-05,28.1434
FS-BAF-009,2021-07-06,27.9417
FS-BAF-009,2021-07-07,27.8522
FS-BAF-009,2021-07-08,27.8129
FS-BAF-009,2021-07-09,27.8567
FS-BAF-009,2021-07-12,28.0836
FS-BAF-009,2021-07-13,28.0509
FS-BAF-009,2021-07-14,28.1141
FS-BAF-009,2021-07-15,27.9913
FS-BAF-009,2021-07-16,28.0030
FS-BAF-009,2021-07-19,28.0871
FS-BAF-009,2021-07-20,28.0746
FS-BAF-009,2021-07-21,28.1480
FS-BAF-009,2021-07-22,28.1609
FS-BAF-009,2021-07-23,28.0928
FS-BAF-009,2021-07-26,28.1887
FS-BAF-009,2021-07-27,28.2025
FS-BAF-009,2021-07-28,28.2874
FS-BAF-009,2021-07-29,28.2170
FS-BAF-009,2021-07-30,28.1772
FS-BAF-009,2021-08-02,28.1242
FS-BAF-009,2021-08-03,28.2539
FS-BAF-009,2021-08-04,28.2908
FS-BAF-009,2021-08-05,28.1642
FS-BAF-009,2021-08-06,28.2085
FS-BAF-009,2021-08-09,28.1743
FS-BAF-009,2021-08-10,28.4071
FS-BAF-009,2021-08-11,28.5498
FS-BAF-009,2021-08-12,28.4816
FS-BAF-009,2021-08-13,28.2864
FS-BAF-009,2021-08-16,28.5589
FS-BAF-009,2021-08-17,28.6233
FS-BAF-009,2021-08-18,28.3777
FS-BAF-009,2021-08-19,28.3312
FS-BAF-009,2021-08-20,28.3410
FS-BAF-009,2021-08-23,28.5322
FS-BAF-009,2021-08-24,28.6084
FS-BAF-009,2021-08-25,28.7098
FS-BAF-009,2021-08-26,28.5585
FS-BAF-009,2021-08-27,28.5924
FS-BAF-009,2021-08-30,28.6425
FS-BAF-009,2021-08-31,28.8500
FS-BAF-009,2021-09-01,28.8763
FS-BAF-009,2021-09-02,28.9519
FS-BAF-009,2021-09-03,29.0085
FS-BAF-009,2021-09-06,28.9975
FS-BAF-009,2021-09-07,29.3777
FS-BAF-009,2021-09-08,29.2278
FS-BAF-009,2021-09-09,29.2839
FS-BAF-009,2021-09-10,29.4226
FS-BAF-009,2021-09-13,29.4559
FS-BAF-009,2021-09-14,29.2848
FS-BAF-009,2021-09-15,29.3917
FS-BAF-009,2021-09-16,29.4895
FS-BAF-009,2021-09-17,29.4684
FS-BAF-009,2021-09-20,29.5237
FS-BAF-009,2021-09-21,29.4338
FS-BAF-009,2021-09-22,29.6036
FS-BAF-009,2021-09-23,29.8465
FS-BAF-009,2021-09-24,29.8691
FS-BAF-009,2021-09-27,29.9292
FS-BAF-009,2021-09-28,30.0300
FS-BAF-009,2021-09-29,29.8681
FS-BAF-009,2021-09-30,29.9549
FS-BAF-009,2021-10-01,29.8976
FS-BAF-009,2021-10-04,29.7521
FS-BAF-009,2021-10-05,29.7380
FS-BAF-009,2021-10-06,29.6193
FS-BAF-009,2021-10-07,29.6683
FS-BAF-009,2021-10-08,29.6990
FS-BAF-009,2021-10-11,29.6728
FS-BAF-009,2021-10-12,29.7548
FS-BAF-009,2021-10-13,29.7818
FS-BAF-009,2021-10-14,30.0967
FS-BAF-009,2021-10-15,30.2433
FS-BAF-009,2021-10-18,30.1660
FS-BAF-009,2021-10-19,30.2093
FS-BAF-009,2021-10-20,30.2983
FS-BAF-009,2021-10-21,30.2776
FS-BAF-009,2021-10-22,30.1079
FS-BAF-009,2021-10-25,30.0842
FS-BAF-009,2021-10-26,29.9442
FS-BAF-009,2021-10-27,29.7613
FS-BAF-009,2021-10-28,29.5023
FS-BAF-009,2021-10-29,29.4536
FS-BAF-009,2021-11-01,29.4373
FS-BAF-009,2021-11-02,29.2621
FS-BAF-009,2021-11-03,29.2635
FS-BAF-009,2021-11-04,29.0766
FS-BAF-009,2021-11-05,29.1556
FS-BAF-009,2021-11-08,29.2136
FS-BAF-009,2021-11-09,29.2236
FS-BAF-009,2021-11-10,29.1936
FS-BAF-009,2021-11-11,29.1851
FS-BAF-009,2021-11-12,29.1513
FS-BAF-009,2021-11-15,29.1745
FS-BAF-009,2021-11-16,29.0797
FS-BAF-009,2021-11-17,29.0614
FS-BAF-009,2021-11-18,29.1584
FS-BAF-009,2021-11-19,29.1327
FS-BAF-009,2021-11-22,29.3883
FS-BAF-009,2021-11-23,29.5858
FS-BAF-009,2021-11-24,29.5300
FS-BAF-009,2021-11-25,29.3654
FS-BAF-009,2021-11-26,29.3781
FS-BAF-009,2021-11-29,29.3275
FS-BAF-009,2021-11-30,29.1098
FS-BAF-009,2021-12-01,29.0907
FS-BAF-009,2021-12-02,29.1499
FS-BAF-009,2021-12-03,29.0334
FS-BAF-009,2021-12-06,29.0403
FS-BAF-009,2021-12-07,29.2344
FS-BAF-009,2021-12-08,29.4242
FS-BAF-009,2021-12-09,29.4157
FS-BAF-009,2021-12-10,29.2701
FS-BAF-009,2021-12-13,29.3433
FS-BAF-009,2021-12-14,29.3822
FS-BAF-009,2021-12-15,29.3330
FS-BAF-009,2021-12-16,29.4202
FS-BAF-009,2021-12-17,29.3819
FS-BAF-009,2021-12-20,29.4374
FS-BAF-009,2021-12-21,29.2633
FS-BAF-009,2021-12-22,29.2252
FS-BAF-009,2021-12-23,29.4459
FS-BAF-009,2021-12-24,29.7242
FS-BAF-009,2021-12-27,29.7796
FS-BAF-009,2021-12-28,29.9547
FS-BAF-009,2021-12-29,30.0001
FS-BAF-009,2021-12-30,30.0413
FS-BAF-009,2021-12-31,29.9394
FS-BAF-009,2022-01-03,29.7613
FS-BAF-009,2022-01-04,29.8482
FS-BAF-009,2022-01-05,30.1875
FS-BAF-009,2022-01-06,30.1974
FS-BAF-009,2022-01-07,30.4275
FS-BAF-009,2022-01-10,30.0836
FS-BAF-009,2022-01-11,30.1084
FS-BAF-009,2022-01-12,30.2465
FS-BAF-009,2022-01-13,30.2076
FS-BAF-009,2022-01-14,30.0887
FS-BAF-009,2022-01-17,30.1670
FS-BAF-009,2022-01-18,30.2532
FS-BAF-009,2022-01-19,30.1903
FS-BAF-009,2022-01-20,30.2496
FS-BAF-009,2022-01-21,30.0548
FS-BAF-009,2022-01-24,30.0864
FS-BAF-009,2022-01-25,30.1376
FS-BAF-009,2022-01-26,29.9743
FS-BAF-009,2022-01-27,30.0947
FS-BAF-009,2022-01-28,30.0209
FS-BAF-009,2022-01-31,30.0444
FS-BAF-009,2022-02-01,30.0177
FS-BAF-009,2022-02-02,30.1796
FS-BAF-009,2022-02-03,30.0512
FS-BAF-009,2022-02-04,30.3373
FS-BAF-009,2022-02-07,30.3404
FS-BAF-009,2022-02-08,30.5264
FS-BAF-009,2022-02-09,30.5703
FS-BAF-009,2022-02-10,30.6613
FS-BAF-009,2022-02-11,30.5894
FS-BAF-009,2022-02-14,30.5514
FS-BAF-009,2022-02-15,30.3924
FS-BAF-009,2022-02-16,30.4574
FS-BAF-009,2022-02-17,30.5004
FS-BAF-009,2022-02-18,30.8512
FS-BAF-009,2022-02-21,31.0776
FS-BAF-009,2022-02-22,31.0161
FS-BAF-009,2022-02-23,30.9960
FS-BAF-009,2022-02-24,30.7576
FS-BAF-009,2022-02-25,30.6878
FS-BAF-009,2022-02-28,30.7843
FS-BAF-009,2022-03-01,30.7828
FS-BAF-009,2022-03-02,30.7882
FS-BAF-009,2022-03-03,30.7611
FS-BAF-009,2022-03-04,30.8407
FS-BAF-009,2022-03-07,30.7584
FS-BAF-009,2022-03-08,30.9325
FS-BAF-009,2022-03-09,30.9552
FS-BAF-009,2022-03-10,30.8166
FS-BAF-009,2022-03-11,30.7583
FS-BAF-009,2022-03-14,30.8813
FS-BAF-009,2022-03-15,30.9016
FS-BAF-009,2022-03-16,30.9549
FS-BAF-009,2022-03-17,31.0463
FS-BAF-009,2022-03-18,31.2879
FS-BAF-009,2022-03-21,31.2619
FS-BAF-009,2022-03-22,31.3089
FS-BAF-009,2022-03-23,31.4616
FS-BAF-009,2022-03-24,31.4734
FS-BAF-009,2022-03-25,31.4156
FS-BAF-009,2022-03-28,31.4398
FS-BAF-009,2022-03-29,31.5666
FS-BAF-009,2022-03-30,31.5130
FS-BAF-009,2022-03-31,31.5644
FS-BAF-009,2022-04-01,31.4450
FS-BAF-009,2022-04-04,31.5482
FS-BAF-009,2022-04-05,31.4640
FS-BAF-009,2022-04-06,31.5415
FS-BAF-009,2022-04-07,31.5617
FS-BAF-009,2022-04-08,31.4890
FS-BAF-009,2022-04-11,31.4875
FS-BAF-009,2022-04-12,31.3416
FS-BAF-009,2022-04-13,31.3347
FS-BAF-009,2022-04-14,31.2116
FS-BAF-009,2022-04-15,31.0258
FS-BAF-009,2022-04-18,31.1188
FS-BAF-009,2022-04-19,31.2067
FS-BAF-009,2022-04-20,31.2050
FS-BAF-009,2022-04-21,30.9607
FS-BAF-009,2022-04-22,30.9674
FS-BAF-009,2022-04-25,30.8694
FS-BAF-009,2022-04-26,31.0671
FS-BAF-009,2022-04-27,31.0650
FS-BAF-009,2022-04-28,31.1762
FS-BAF-009,2022-04-29,31.0567
FS-BAF-009,2022-05-02,31.1674
FS-BAF-009,2022-05-03,31.1051
FS-BAF-009,2022-05-04,31.1815
FS-BAF-009,2022-05-05,31.1352
FS-BAF-009,2022-05-06,31.0447
FS-BAF-009,2022-05-09,30.9106
FS-BAF-009,2022-05-10,30.7506
FS-BAF-009,2022-05-11,30.5707
FS-BAF-009,2022-05-12,30.6576
FS-BAF-009,2022-05-13,30.8262
FS-BAF-009,2022-05-16,30.8806
FS-BAF-009,2022-05-17,30.6005
FS-BAF-009,2022-05-18,30.6721
FS-BAF-009,2022-05-19,30.6553
FS-BAF-009,2022-05-20,31.3578
FS-BAF-009,2022-05-23,31.2821
FS-BAF-009,2022-05-24,31.8399
FS-BAF-009,2022-05-25,31.8153
FS-BAF-009,2022-05-26,31.9946
FS-BAF-009,2022-05-27,32.3968
FS-BAF-009,2022-05-30,32.3424
FS-BAF-009,2022-05-31,32.7187
FS-BAF-009,2022-06-01,32.4180
FS-BAF-009,2022-06-02,31.8707
FS-BAF-009,2022-06-03,32.0239
FS-BAF-009,2022-06-06,31.8309
FS-BAF-009,2022-06-07,32.5411
FS-BAF-009,2022-06-08,32.5388
FS-BAF-009,2022-06-09,32.2116
FS-BAF-009,2022-06-10,32.0269
FS-BAF-009,2022-06-13,31.4000
FS-BAF-009,2022-06-14,31.2675
FS-BAF-009,2022-06-15,31.1083
FS-BAF-009,2022-06-16,31.0957
FS-BAF-009,2022-06-17,31.1636
FS-BAF-009,2022-06-20,31.2355
FS-BAF-009,2022-06-21,30.3932
FS-BAF-009,2022-06-22,30.5225
FS-BAF-009,2022-06-23,30.5677
FS-BAF-009,2022-06-24,30.5871
FS-BAF-009,2022-06-27,30.8230
FS-BAF-009,2022-06-28,30.6459
FS-BAF-009,2022-06-29,31.0065
FS-BAF-009,2022-06-30,30.6794
FS-BAF-009,2022-07-01,30.7053
FS-BAF-009,2022-07-04,30.7039
FS-BAF-009,2022-07-05,30.2969
FS-BAF-009,2022-07-06,30.3505
FS-BAF-009,2022-07-07,30.4164
FS-BAF-009,2022-07-08,30.2978
FS-BAF-009,2022-07-11,30.3674
FS-BAF-009,2022-07-12,30.3321
FS-BAF-009,2022-07-13,30.5344
FS-BAF-009,2022-07-14,30.5584
FS-BAF-009,2022-07-15,30.4731
FS-BAF-009,2022-07-18,30.3400
FS-BAF-009,2022-07-19,30.2820
FS-BAF-009,2022-07-20,30.2665
FS-BAF-009,2022-07-21,30.3595
FS-BAF-009,2022-07-22,30.3480
FS-BAF-009,2022-07-25,30.4211
FS-BAF-009,2022-07-26,30.4715
FS-BAF-009,2022-07-27,30.4281
FS-BAF-009,2022-07-28,30.4068
FS-BAF-009,2022-07-29,30.4993
FS-BAF-009,2022-08-01,30.4908
FS-BAF-009,2022-08-02,30.7247
FS-BAF-009,2022-08-03,30.7418
FS-BAF-009,2022-08-04,30.7066
FS-BAF-009,2022-08-05,30.6358
FS-BAF-009,2022-08-08,30.7019
FS-BAF-009,2022-08-09,30.9437
FS-BAF-009,2022-08-10,30.9239
FS-BAF-009,2022-08-11,31.0267
FS-BAF-009,2022-08-12,30.9525
FS-BAF-009,2022-08-15,31.0807
FS-BAF-009,2022-08-16,31.0270
FS-BAF-009,2022-08-17,31.1048
FS-BAF-009,2022-08-18,31.1140
FS-BAF-009,2022-08-19,31.2157
FS-BAF-009,2022-08-22,31.3011
FS-BAF-009,2022-08-23,31.4758
FS-BAF-009,2022-08-24,31.4765
FS-BAF-009,2022-08-25,31.4370
FS-BAF-009,2022-08-26,31.5195
FS-BAF-009,2022-08-29,31.5528
FS-BAF-009,2022-08-30,31.4591
FS-BAF-009,2022-08-31,31.4752
FS-BAF-009,2022-09-01,31.3989
FS-BAF-009,2022-09-02,31.5246
FS-BAF-009,2022-09-05,31.4956
FS-BAF-009,2022-09-06,31.5449
FS-BAF-009,2022-09-07,31.5738
FS-BAF-009,2022-09-08,31.6461
FS-BAF-009,2022-09-09,31.5514
FS-BAF-009,2022-09-12,31.5399
FS-BAF-009,2022-09-13,31.6082
FS-BAF-009,2022-09-14,31.5519
FS-BAF-009,2022-09-15,31.6153
FS-BAF-009,2022-09-16,31.7075
FS-BAF-009,2022-09-19,31.7419
FS-BAF-009,2022-09-20,31.7877
FS-BAF-009,2022-09-21,31.7549
FS-BAF-009,2022-09-22,31.8096
FS-BAF-009,2022-09-23,32.0216
FS-BAF-009,2022-09-26,31.9534
FS-BAF-009,2022-09-27,32.1386
FS-BAF-009,2022-09-28,32.1814
FS-BAF-009,2022-09-29,32.1749
FS-BAF-009,2022-09-30,32.0836
FS-BAF-009,2022-10-03,31.8726
FS-BAF-009,2022-10-04,31.9281
FS-BAF-009,2022-10-05,32.0646
FS-BAF-009,2022-10-06,32.0931
FS-BAF-009,2022-10-07,31.9712
FS-BAF-009,2022-10-10,31.8684
FS-BAF-009,2022-10-11,31.8827
FS-BAF-009,2022-10-12,32.0281
FS-BAF-009,2022-10-13,31.9818
FS-BAF-009,2022-10-14,31.7873
FS-BAF-009,2022-10-17,31.8116
FS-BAF-009,2022-10-18,31.7773
FS-BAF-009,2022-10-19,31.8297
FS-BAF-009,2022-10-20,31.8464
FS-BAF-009,2022-10-21,31.9215
FS-BAF-009,2022-10-24,31.8468
FS-BAF-009,2022-10-25,31.8620
FS-BAF-009,2022-10-26,31.8149
FS-BAF-009,2022-10-27,31.8744
FS-BAF-009,2022-10-28,31.6765
FS-BAF-009,2022-10-31,31.7263
FS-BAF-009,2022-11-01,31.7237
FS-BAF-009,2022-11-02,31.6466
FS-BAF-009,2022-11-03,31.7358
FS-BAF-009,2022-11-04,31.6789
FS-BAF-009,2022-11-07,31.6513
FS-BAF-009,2022-11-08,31.7334
FS-BAF-009,2022-11-09,31.9760
FS-BAF-009,2022-11-10,31.9505
FS-BAF-009,2022-11-11,31.8064
FS-BAF-009,2022-11-14,31.6543
FS-BAF-009,2022-11-15,31.8810
FS-BAF-009,2022-11-16,31.6193
FS-BAF-009,2022-11-17,31.5655
FS-BAF-009,2022-11-18,31.4930
FS-BAF-009,2022-11-21,31.5026
FS-BAF-009,2022-11-22,31.5861
FS-BAF-009,2022-11-23,31.7461
FS-BAF-009,2022-11-24,31.6550
FS-BAF-009,2022-11-25,31.6573
FS-BAF-009,2022-11-28,31.5222
FS-BAF-009,2022-11-29,31.5223
FS-BAF-009,2022-11-30,31.5258
FS-BAF-009,2022-12-01,31.5760
FS-BAF-009,2022-12-02,31.7185
FS-BAF-009,2022-12-05,31.7534
FS-BAF-009,2022-12-06,31.8891
FS-BAF-009,2022-12-07,31.7333
FS-BAF-009,2022-12-08,31.6591
FS-BAF-009,2022-12-09,31.6159
FS-BAF-009,2022-12-12,31.9974
FS-BAF-009,2022-12-13,31.9853
FS-BAF-009,2022-12-14,32.0028
FS-BAF-009,2022-12-15,32.2899
FS-BAF-009,2022-12-16,32.3970
FS-BAF-009,2022-12-19,32.4268
FS-BAF-009,2022-12-20,32.4420
FS-BAF-009,2022-12-21,32.5109
FS-BAF-009,2022-12-22,32.6307
FS-BAF-009,2022-12-23,32.6356
FS-BAF-009,2022-12-26,32.4719
FS-BAF-009,2022-12-27,32.6038
FS-BAF-009,2022-12-28,32.2976
FS-BAF-009,2022-12-29,32.3970
FS-BAF-009,2022-12-30,32.2764
FS-BAF-009,2023-01-02,32.1043
FS-BAF-009,2023-01-03,32.0722
FS-BAF-009,2023-01-04,31.8094
FS-BAF-009,2023-01-05,31.8460
FS-BAF-009,2023-01-06,31.9065
FS-BAF-009,2023-01-09,31.8991
FS-BAF-009,2023-01-10,31.7789
FS-BAF-009,2023-01-11,31.7166
FS-BAF-009,2023-01-12,31.7716
FS-BAF-009,2023-01-13,31.7862
FS-BAF-009,2023-01-16,31.6126
FS-BAF-009,2023-01-17,31.6398
FS-BAF-009,2023-01-18,31.8813
FS-BAF-009,2023-01-19,31.9310
FS-BAF-009,2023-01-20,31.9702
FS-BAF-009,2023-01-23,32.1334
FS-BAF-009,2023-01-24,32.1634
FS-BAF-009,2023-01-25,32.1921
FS-BAF-009,2023-01-26,32.4025
FS-BAF-009,2023-01-27,32.4381
FS-BAF-009,2023-01-30,32.3749
FS-BAF-009,2023-01-31,32.1441
FS-BAF-009,2023-02-01,32.0783
FS-BAF-009,2023-02-02,32.2293
FS-BAF-009,2023-02-03,32.4325
FS-BAF-009,2023-02-06,32.4165
FS-BAF-009,2023-02-07,32.4739
FS-BAF-009,2023-02-08,32.4600
FS-BAF-009,2023-02-09,32.6241
FS-BAF-009,2023-02-10,32.6628
FS-BAF-009,2023-02-13,33.0485
FS-BAF-009,2023-02-14,33.1379
FS-BAF-009,2023-02-15,33.2319
FS-BAF-009,2023-02-16,33.2346
FS-BAF-009,2023-02-17,33.4823
FS-BAF-009,2023-02-20,33.5446
FS-BAF-009,2023-02-21,33.5643
FS-BAF-009,2023-02-22,33.6367
FS-BAF-009,2023-02-23,33.5090
FS-BAF-009,2023-02-24,33.5401
FS-BAF-009,2023-02-27,33.8509
FS-BAF-009,2023-02-28,33.7448
FS-BAF-009,2023-03-01,33.7384
FS-BAF-009,2023-03-02,33.6943
FS-BAF-009,2023-03-03,33.8153
FS-BAF-009,2023-03-06,33.7313
FS-BAF-009,2023-03-07,33.8143
FS-BAF-009,2023-03-08,33.9898
FS-BAF-009,2023-03-09,34.0666
FS-BAF-009,2023-03-10,34.0563
FS-BAF-009,2023-03-13,33.8708
FS-BAF-009,2023-03-14,33.8910
FS-BAF-009,2023-03-15,33.9642
FS-BAF-009,2023-03-16,33.8429
FS-BAF-009,2023-03-17,33.9373
FS-BAF-009,2023-03-20,33.9586
FS-BAF-009,2023-03-21,34.1413
FS-BAF-009,2023-03-22,33.9618
FS-BAF-009,2023-03-23,33.9030
FS-BAF-009,2023-03-24,33.8587
FS-BAF-009,2023-03-27,33.9669
FS-BAF-009,2023-03-28,34.0578
FS-BAF-009,2023-03-29,33.9991
FS-BAF-009,2023-03-30,33.5980
FS-BAF-009,2023-03-31,33.5650
FS-BAF-009,2023-04-03,33.4159
FS-BAF-009,2023-04-04,33.5132
FS-BAF-009,2023-04-05,33.6464
FS-BAF-009,2023-04-06,33.8944
FS-BAF-009,2023-04-07,33.6724
FS-BAF-009,2023-04-10,33.6769
FS-BAF-009,2023-04-11,33.8161
FS-BAF-009,2023-04-12,33.6656
FS-BAF-009,2023-04-13,33.6667
FS-BAF-009,2023-04-14,33.4628
FS-BAF-009,2023-04-17,33.4209
FS-BAF-009,2023-04-18,33.4537
FS-BAF-009,2023-04-19,33.9314
FS-BAF-009,2023-04-20,33.7675
FS-BAF-009,2023-04-21,33.7322
FS-BAF-009,2023-04-24,33.6244
FS-BAF-009,2023-04-25,33.7157
FS-BAF-009,2023-04-26,33.9070
FS-BAF-009,2023-04-27,33.7186
FS-BAF-009,2023-04-28,34.0423
FS-BAF-009,2023-05-01,33.9524
FS-BAF-009,2023-05-02,33.8716
FS-BAF-009,2023-05-03,33.7494
FS-BAF-009,2023-05-04,33.5312
FS-BAF-009,2023-05-05,33.4757
FS-BAF-009,2023-05-08,33.5098
FS-BAF-009,2023-05-09,33.6132
FS-BAF-009,2023-05-10,33.8000
FS-BAF-009,2023-05-11,33.9161
FS-BAF-009,2023-05-12,33.8222
FS-BAF-009,2023-05-15,33.4453
FS-BAF-009,2023-05-16,33.6052
FS-BAF-009,2023-05-17,33.3972
FS-BAF-009,2023-05-18,33.4590
FS-BAF-009,2023-05-19,33.4132
FS-BAF-009,2023-05-22,33.5245
FS-BAF-009,2023-05-23,33.4823
FS-BAF-009,2023-05-24,33.5700
FS-BAF-009,2023-05-25,33.7376
FS-BAF-009,2023-05-26,33.8759
FS-BAF-009,2023-05-29,34.1391
FS-BAF-009,2023-05-30,34.5875
FS-BAF-009,2023-05-31,34.5475
FS-BAF-009,2023-06-01,34.5212
FS-BAF-009,2023-06-02,34.3952
FS-BAF-009,2023-06-05,34.5979
FS-BAF-009,2023-06-06,34.4425
FS-BAF-009,2023-06-07,34.4234
FS-BAF-009,2023-06-08,34.5088
FS-BAF-009,2023-06-09,34.6752
FS-BAF-009,2023-06-12,34.8751
FS-BAF-009,2023-06-13,34.7631
FS-BAF-009,2023-06-14,34.6755
FS-BAF-009,2023-06-15,34.6437
FS-BAF-009,2023-06-16,34.2751
FS-BAF-009,2023-06-19,34.2580
FS-BAF-009,2023-06-20,34.2969
FS-BAF-009,2023-06-21,34.4740
FS-BAF-009,2023-06-22,34.4832
FS-BAF-009,2023-06-23,34.7036
FS-BAF-009,2023-06-26,34.8673
FS-BAF-009,2023-06-27,34.8748
FS-BAF-009,2023-06-28,34.9403
FS-BAF-009,2023-06-29,35.2382
FS-BAF-009,2023-06-30,35.2412
FS-BAF-009,2023-07-03,35.5008
FS-BAF-009,2023-07-04,35.5699
FS-BAF-009,2023-07-05,35.5591
FS-BAF-009,2023-07-06,35.7619
FS-BAF-009,2023-07-07,35.9343
FS-BAF-009,2023-07-10,35.9961
FS-BAF-009,2023-07-11,36.1336
FS-BAF-009,2023-07-12,36.2107
FS-BAF-009,2023-07-13,36.2691
FS-BAF-009,2023-07-14,36.4163
FS-BAF-009,2023-07-17,36.6699
FS-BAF-009,2023-07-18,36.6686
FS-BAF-009,2023-07-19,36.6774
FS-BAF-009,2023-07-20,36.3869
FS-BAF-009,2023-07-21,36.3856
FS-BAF-009,2023-07-24,36.5898
FS-BAF-009,2023-07-25,36.7549
FS-BAF-009,2023-07-26,36.7280
FS-BAF-009,2023-07-27,37.0891
FS-BAF-009,2023-07-28,37.1258
FS-BAF-009,2023-07-31,37.1840
FS-BAF-009,2023-08-01,37.3551
FS-BAF-009,2023-08-02,37.4161
FS-BAF-009,2023-08-03,37.3864
FS-BAF-009,2023-08-04,37.3379
FS-BAF-009,2023-08-07,37.1967
FS-BAF-009,2023-08-08,37.0720
FS-BAF-009,2023-08-09,37.2804
FS-BAF-009,2023-08-10,37.3452
FS-BAF-009,2023-08-11,37.2001
FS-BAF-009,2023-08-14,37.2085
FS-BAF-009,2023-08-15,37.2598
FS-BAF-009,2023-08-16,37.4927
FS-BAF-009,2023-08-17,37.6134
FS-BAF-009,2023-08-18,37.6945
FS-BAF-009,2023-08-21,37.8528
FS-BAF-009,2023-08-22,37.8012
FS-BAF-009,2023-08-23,37.9022
FS-BAF-009,2023-08-24,37.8754
FS-BAF-009,2023-08-25,37.8784
FS-BAF-009,2023-08-28,37.9431
FS-BAF-009,2023-08-29,38.1287
FS-BAF-009,2023-08-30,37.9972
FS-BAF-009,2023-08-31,37.8695
FS-BAF-009,2023-09-01,37.9521
FS-BAF-009,2023-09-04,37.9977
FS-BAF-009,2023-09-05,37.9539
FS-BAF-009,2023-09-06,38.2283
FS-BAF-009,2023-09-07,38.0389
FS-BAF-009,2023-09-08,37.9985
FS-BAF-009,2023-09-11,37.9464
FS-BAF-009,2023-09-12,38.1315
FS-BAF-009,2023-09-13,37.9342
FS-BAF-009,2023-09-14,38.0831
FS-BAF-009,2023-09-15,37.7685
FS-BAF-009,2023-09-18,37.4554
FS-BAF-009,2023-09-19,37.1944
FS-BAF-009,2023-09-20,37.3171
FS-BAF-009,2023-09-21,37.1244
FS-BAF-009,2023-09-22,36.9540
FS-BAF-009,2023-09-25,36.9210
FS-BAF-009,2023-09-26,36.7702
FS-BAF-009,2023-09-27,36.8282
FS-BAF-009,2023-09-28,36.8571
FS-BAF-009,2023-09-29,36.8884
FS-BAF-009,2023-10-02,36.8426
FS-BAF-009,2023-10-03,36.8313
FS-BAF-009,2023-10-04,36.6829
FS-BAF-009,2023-10-05,36.8048
FS-BAF-009,2023-10-06,36.8774
FS-BAF-009,2023-10-09,36.8396
FS-BAF-009,2023-10-10,36.8084
FS-BAF-009,2023-10-11,36.8761
FS-BAF-009,2023-10-12,36.9561
FS-BAF-009,2023-10-13,36.8938
FS-BAF-009,2023-10-16,36.9127
FS-BAF-009,2023-10-17,36.8246
FS-BAF-009,2023-10-18,36.7022
FS-BAF-009,2023-10-19,36.7855
FS-BAF-009,2023-10-20,36.7033
FS-BAF-009,2023-10-23,36.6980
FS-BAF-009,2023-10-24,36.7915
FS-BAF-009,2023-10-25,36.9294
FS-BAF-009,2023-10-26,37.0121
FS-BAF-009,2023-10-27,37.0104
FS-BAF-009,2023-10-30,37.1903
FS-BAF-009,2023-10-31,37.2555
FS-BAF-009,2023-11-01,37.2466
FS-BAF-009,2023-11-02,37.3202
FS-BAF-009,2023-11-03,37.4389
FS-BAF-009,2023-11-06,37.3657
FS-BAF-009,2023-11-07,37.0827
FS-BAF-009,2023-11-08,37.0869
FS-BAF-009,2023-11-09,37.2112
FS-BAF-009,2023-11-10,37.1039
FS-BAF-009,2023-11-13,37.0887
FS-BAF-009,2023-11-14,37.1322
FS-BAF-009,2023-11-15,36.9254
FS-BAF-009,2023-11-16,36.9873
FS-BAF-009,2023-11-17,36.8073
FS-BAF-009,2023-11-20,36.7576
FS-BAF-009,2023-11-21,36.5835
FS-BAF-009,2023-11-22,36.5283
FS-BAF-009,2023-11-23,36.5211
FS-BAF-009,2023-11-24,36.3295
FS-BAF-009,2023-11-27,36.3381
FS-BAF-009,2023-11-28,36.4009
FS-BAF-009,2023-11-29,36.4189
FS-BAF-009,2023-11-30,36.4449
FS-BAF-009,2023-12-01,36.4920
FS-BAF-009,2023-12-04,36.5871
FS-BAF-009,2023-12-05,36.6215
FS-BAF-009,2023-12-06,36.6453
FS-BAF-009,2023-12-07,36.7207
FS-BAF-009,2023-12-08,36.6069
FS-BAF-009,2023-12-11,36.5391
FS-BAF-009,2023-12-12,36.5660
FS-BAF-009,2023-12-13,36.4447
FS-BAF-009,2023-12-14,36.6203
FS-BAF-009,2023-12-15,36.6317
FS-BAF-009,2023-12-18,36.6642
FS-BAF-009,2023-12-19,36.6792
FS-BAF-009,2023-12-20,36.9270
FS-BAF-009,2023-12-21,36.9582
FS-BAF-009,2023-12-22,36.9906
FS-BAF-009,2023-12-25,36.9916
FS-BAF-009,2023-12-26,36.9654
FS-BAF-009,2023-12-27,37.0748
FS-BAF-009,2023-12-28,36.9580
FS-BAF-009,2023-12-29,36.7876
FS-BAF-009,2024-01-01,37.0503
FS-BAF-009,2024-01-02,37.2363
FS-BAF-009,2024-01-03,37.2521
FS-BAF-009,2024-01-04,37.4459
FS-BAF-009,2024-01-05,37.5292
FS-BAF-009,2024-01-08,37.1681
FS-BAF-009,2024-01-09,37.3266
FS-BAF-009,2024-01-10,37.4188
FS-BAF-009,2024-01-11,37.3021
FS-BAF-009,2024-01-12,37.2876
FS-BAF-009,2024-01-15,37.3111
FS-BAF-009,2024-01-16,37.3786
FS-BAF-009,2024-01-17,37.3660
FS-BAF-009,2024-01-18,37.3020
FS-BAF-009,2024-01-19,37.5469
FS-BAF-009,2024-01-22,37.6254
FS-BAF-009,2024-01-23,37.4455
FS-BAF-009,2024-01-24,37.2126
FS-BAF-009,2024-01-25,37.3702
FS-BAF-009,2024-01-26,37.4087
FS-BAF-009,2024-01-29,37.4075
FS-BAF-009,2024-01-30,37.7077
FS-BAF-009,2024-01-31,37.8493
FS-BAF-009,2024-02-01,37.9165
FS-BAF-009,2024-02-02,37.6270
FS-BAF-009,2024-02-05,37.9543
FS-BAF-009,2024-02-06,37.8977
FS-BAF-009,2024-02-07,38.0734
FS-BAF-009,2024-02-08,38.0714
FS-BAF-009,2024-02-09,38.0331
FS-BAF-009,2024-02-12,38.0352
FS-BAF-009,2024-02-13,38.1513
FS-BAF-009,2024-02-14,38.1437
FS-BAF-009,2024-02-15,38.2513
FS-BAF-009,2024-02-16,38.3509
FS-BAF-009,2024-02-19,38.5339
FS-BAF-009,2024-02-20,38.3900
FS-BAF-009,2024-02-21,38.4003
FS-BAF-009,2024-02-22,38.3663
FS-BAF-009,2024-02-23,38.6725
FS-BAF-009,2024-02-26,38.7992
FS-BAF-009,2024-02-27,38.8086
FS-BAF-009,2024-02-28,38.9882
FS-BAF-009,2024-02-29,39.0675
FS-BAF-009,2024-03-01,39.1840
FS-BAF-009,2024-03-04,39.1261
FS-BAF-009,2024-03-05,39.2104
FS-BAF-009,2024-03-06,39.2565
FS-BAF-009,2024-03-07,39.4375
FS-BAF-009,2024-03-08,39.2895
FS-BAF-009,2024-03-11,39.5199
FS-BAF-009,2024-03-12,39.3934
FS-BAF-009,2024-03-13,39.4685
FS-BAF-009,2024-03-14,39.3881
FS-BAF-009,2024-03-15,39.3139
FS-BAF-009,2024-03-18,39.0340
FS-BAF-009,2024-03-19,39.0885
FS-BAF-009,2024-03-20,39.2010
FS-BAF-009,2024-03-21,38.8763
FS-BAF-009,2024-03-22,38.7770
FS-BAF-009,2024-03-25,38.9142
FS-BAF-009,2024-03-26,38.8794
FS-BAF-009,2024-03-27,38.9535
FS-BAF-009,2024-03-28,39.3243
FS-BAF-009,2024-03-29,39.4926
FS-BAF-009,2024-04-01,39.3327
FS-BAF-009,2024-04-02,39.2670
FS-BAF-009,2024-04-03,39.1320
FS-BAF-009,2024-04-04,39.0973
FS-BAF-009,2024-04-05,38.8273
FS-BAF-009,2024-04-08,38.7395
FS-BAF-009,2024-04-09,38.8359
FS-BAF-009,2024-04-10,39.0483
FS-BAF-009,2024-04-11,39.2459
FS-BAF-009,2024-04-12,39.1957
FS-BAF-009,2024-04-15,39.3818
FS-BAF-009,2024-04-16,39.5320
FS-BAF-009,2024-04-17,39.3288
FS-BAF-009,2024-04-18,39.5573
FS-BAF-009,2024-04-19,39.5513
FS-BAF-009,2024-04-22,39.6099
FS-BAF-009,2024-04-23,39.3792
FS-BAF-009,2024-04-24,39.3088
FS-BAF-009,2024-04-25,39.4014
FS-BAF-009,2024-04-26,39.4604
FS-BAF-009,2024-04-29,39.5537
FS-BAF-009,2024-04-30,39.5370
FS-BAF-009,2024-05-01,39.4321
FS-BAF-009,2024-05-02,39.5715
FS-BAF-009,2024-05-03,39.6125
FS-BAF-009,2024-05-06,39.7361
FS-BAF-009,2024-05-07,39.7159
FS-BAF-009,2024-05-08,39.6761
FS-BAF-009,2024-05-09,39.7179
FS-BAF-009,2024-05-10,39.7025
FS-BAF-009,2024-05-13,39.4349
FS-BAF-009,2024-05-14,39.4370
FS-BAF-009,2024-05-15,39.2457
FS-BAF-009,2024-05-16,39.1299
FS-BAF-009,2024-05-17,39.1334
FS-BAF-009,2024-05-20,39.2929
FS-BAF-009,2024-05-21,39.4020
FS-BAF-009,2024-05-22,39.1979
FS-BAF-009,2024-05-23,39.2838
FS-BAF-009,2024-05-24,39.3212
FS-BAF-009,2024-05-27,39.4554
FS-BAF-009,2024-05-28,39.5927
FS-BAF-009,2024-05-29,39.5008
FS-BAF-009,2024-05-30,39.3977
FS-BAF-009,2024-05-31,39.2488
FS-BAF-009,2024-06-03,39.5903
FS-BAF-009,2024-06-04,38.5579
FS-BAF-009,2024-06-05,39.4853
FS-BAF-009,2024-06-06,39.1859
FS-BAF-009,2024-06-07,39.9731
FS-BAF-009,2024-06-10,39.9489
FS-BAF-009,2024-06-11,40.1515
FS-BAF-009,2024-06-12,39.9833
FS-BAF-009,2024-06-13,40.3814
FS-BAF-009,2024-06-14,40.3469
FS-BAF-009,2024-06-17,40.4910
FS-BAF-009,2024-06-18,40.3487
FS-BAF-009,2024-06-19,40.5442
FS-BAF-009,2024-06-20,40.9860
FS-BAF-009,2024-06-21,40.5853
FS-BAF-009,2024-06-24,40.2024
FS-BAF-009,2024-06-25,40.2221
FS-BAF-009,2024-06-26,39.9077
FS-BAF-009,2024-06-27,39.8210
FS-BAF-009,2024-06-28,40.5146
FS-BAF-009,2024-07-01,40.4889
FS-BAF-009,2024-07-02,40.5310
FS-BAF-009,2024-07-03,40.5425
FS-BAF-009,2024-07-04,40.5183
FS-BAF-009,2024-07-05,40.6050
FS-BAF-009,2024-07-08,40.4700
FS-BAF-009,2024-07-09,40.5884
FS-BAF-009,2024-07-10,40.6003
FS-BAF-009,2024-07-11,40.9188
FS-BAF-009,2024-07-12,40.9127
FS-BAF-009,2024-07-15,40.8712
FS-BAF-009,2024-07-16,40.8808
FS-BAF-009,2024-07-17,40.9131
FS-BAF-009,2024-07-18,41.1192
FS-BAF-009,2024-07-19,41.2582
FS-BAF-009,2024-07-22,41.2960
FS-BAF-009,2024-07-23,41.2967
FS-BAF-009,2024-07-24,41.4903
FS-BAF-009,2024-07-25,41.6306
FS-BAF-009,2024-07-26,41.7850
FS-BAF-009,2024-07-29,42.0581
FS-BAF-009,2024-07-30,41.7811
FS-BAF-009,2024-07-31,41.6713
FS-BAF-009,2024-08-01,41.7224
FS-BAF-009,2024-08-02,41.6323
FS-BAF-009,2024-08-05,41.5593
FS-BAF-009,2024-08-06,41.4929
FS-BAF-009,2024-08-07,41.3651
FS-BAF-009,2024-08-08,41.3747
FS-BAF-009,2024-08-09,41.4426
FS-BAF-009,2024-08-12,41.6536
FS-BAF-009,2024-08-13,41.7025
FS-BAF-009,2024-08-14,41.8858
FS-BAF-009,2024-08-15,41.9124
FS-BAF-009,2024-08-16,41.8753
FS-BAF-009,2024-08-19,41.8660
FS-BAF-009,2024-08-20,41.8482
FS-BAF-009,2024-08-21,42.0569
FS-BAF-009,2024-08-22,41.8557
FS-BAF-009,2024-08-23,42.0067
FS-BAF-009,2024-08-26,41.8687
FS-BAF-009,2024-08-27,41.9484
FS-BAF-009,2024-08-28,42.0355
FS-BAF-009,2024-08-29,41.9794
FS-BAF-009,2024-08-30,41.8750
FS-BAF-009,2024-09-02,41.7378
FS-BAF-009,2024-09-03,41.6640
FS-BAF-009,2024-09-04,41.7101
FS-BAF-009,2024-09-05,41.8821
FS-BAF-009,2024-09-06,41.5075
FS-BAF-009,2024-09-09,41.4679
FS-BAF-009,2024-09-10,41.4799
FS-BAF-009,2024-09-11,41.5349
FS-BAF-009,2024-09-12,41.5207
FS-BAF-009,2024-09-13,41.4303
FS-BAF-009,2024-09-16,41.6554
FS-BAF-009,2024-09-17,41.3626
FS-BAF-009,2024-09-18,41.4044
FS-BAF-009,2024-09-19,41.2108
FS-BAF-009,2024-09-20,41.2628
FS-BAF-009,2024-09-23,41.2355
FS-BAF-009,2024-09-24,41.1145
FS-BAF-009,2024-09-25,40.9427
FS-BAF-009,2024-09-26,40.7454
FS-BAF-009,2024-09-27,40.6994
FS-BAF-009,2024-09-30,40.6176
FS-BAF-009,2024-10-01,40.7070
FS-BAF-009,2024-10-02,40.7448
FS-BAF-009,2024-10-03,40.7600
FS-BAF-009,2024-10-04,40.5895
FS-BAF-009,2024-10-07,40.4885
FS-BAF-009,2024-10-08,40.6453
FS-BAF-009,2024-10-09,40.5681
FS-BAF-009,2024-10-10,40.6426
FS-BAF-009,2024-10-11,40.6574
FS-BAF-009,2024-10-14,40.7146
FS-BAF-009,2024-10-15,40.4749
FS-BAF-009,2024-10-16,40.7987
FS-BAF-009,2024-10-17,40.8460
FS-BAF-009,2024-10-18,40.9003
FS-BAF-009,2024-10-21,40.7571
FS-BAF-009,2024-10-22,40.5680
FS-BAF-009,2024-10-23,40.6533
FS-BAF-009,2024-10-24,40.4645
FS-BAF-009,2024-10-25,40.3928
FS-BAF-009,2024-10-28,40.5715
FS-BAF-009,2024-10-29,40.6170
FS-BAF-009,2024-10-30,40.5935
FS-BAF-009,2024-10-31,40.5592
FS-BAF-009,2024-11-01,40.6430
FS-BAF-009,2024-11-04,40.7063
FS-BAF-009,2024-11-05,40.5186
FS-BAF-009,2024-11-06,40.4147
FS-BAF-009,2024-11-07,40.4482
FS-BAF-009,2024-11-08,40.6931
FS-BAF-009,2024-11-11,40.8460
FS-BAF-009,2024-11-12,40.9519
FS-BAF-009,2024-11-13,41.0544
FS-BAF-009,2024-11-14,40.9627
FS-BAF-009,2024-11-15,41.0022
FS-BAF-009,2024-11-18,41.1644
FS-BAF-009,2024-11-19,41.2242
FS-BAF-009,2024-11-20,41.1141
FS-BAF-009,2024-11-21,41.2352
FS-BAF-009,2024-11-22,41.2638
FS-BAF-009,2024-11-25,41.2005
FS-BAF-009,2024-11-26,41.2349
FS-BAF-009,2024-11-27,41.1491
FS-BAF-009,2024-11-28,41.3106
FS-BAF-009,2024-11-29,41.2809
FS-BAF-009,2024-12-02,41.3831
FS-BAF-009,2024-12-03,41.3686
FS-BAF-009,2024-12-04,41.3005
FS-BAF-009,2024-12-05,41.4686
FS-BAF-009,2024-12-06,41.5358
FS-BAF-009,2024-12-09,41.5830
FS-BAF-009,2024-12-10,41.4369
FS-BAF-009,2024-12-11,41.4962
FS-BAF-009,2024-12-12,41.7476
FS-BAF-009,2024-12-13,41.4387
FS-BAF-009,2024-12-16,41.4642
FS-BAF-009,2024-12-17,41.2024
FS-BAF-009,2024-12-18,41.0942
FS-BAF-009,2024-12-19,41.1034
FS-BAF-009,2024-12-20,40.9810
FS-BAF-009,2024-12-23,40.7574
FS-BAF-009,2024-12-24,40.8582
FS-BAF-009,2024-12-25,40.7085
FS-BAF-009,2024-12-26,40.5827
FS-BAF-009,2024-12-27,40.6348
FS-BAF-009,2024-12-30,40.6731
FS-BAF-009,2024-12-31,40.8146
FS-BAF-009,2025-01-01,41.0999
FS-BAF-009,2025-01-02,41.2515
FS-BAF-009,2025-01-03,41.0681
FS-BAF-009,2025-01-06,41.1882
FS-BAF-009,2025-01-07,41.3090
FS-BAF-009,2025-01-08,41.3167
FS-BAF-009,2025-01-09,41.4354
FS-BAF-009,2025-01-10,41.4649
FS-BAF-009,2025-01-13,41.5386
FS-BAF-009,2025-01-14,41.4892
FS-BAF-009,2025-01-15,41.7466
FS-BAF-009,2025-01-16,41.8219
FS-BAF-009,2025-01-17,41.6866
FS-BAF-009,2025-01-20,41.8983
FS-BAF-009,2025-01-21,42.0128
FS-BAF-009,2025-01-22,42.0813
FS-BAF-009,2025-01-23,42.4661
FS-BAF-009,2025-01-24,42.3703
FS-BAF-009,2025-01-27,42.3873
FS-BAF-009,2025-01-28,42.3087
FS-BAF-009,2025-01-29,42.3757
FS-BAF-009,2025-01-30,42.2887
FS-BAF-009,2025-01-31,42.4110
FS-BAF-009,2025-02-03,42.3586
FS-BAF-009,2025-02-04,42.1459
FS-BAF-009,2025-02-05,42.0311
FS-BAF-009,2025-02-06,41.6820
FS-BAF-009,2025-02-07,42.8757
FS-BAF-009,2025-02-10,42.9760
FS-BAF-009,2025-02-11,43.2056
FS-BAF-009,2025-02-12,43.3725
FS-BAF-009,2025-02-13,43.3577
FS-BAF-009,2025-02-14,43.7005
FS-BAF-009,2025-02-17,43.5769
FS-BAF-009,2025-02-18,43.6866
FS-BAF-009,2025-02-19,43.8743
FS-BAF-009,2025-02-20,43.9426
FS-BAF-009,2025-02-21,44.0014
FS-BAF-009,2025-02-24,44.1720
FS-BAF-009,2025-02-25,44.2416
FS-BAF-009,2025-02-26,44.1176
FS-BAF-009,2025-02-27,44.0962
FS-BAF-009,2025-02-28,43.9782
FS-BAF-009,2025-03-03,44.1989
FS-BAF-009,2025-03-04,44.2623
FS-BAF-009,2025-03-05,44.2023
FS-BAF-009,2025-03-06,44.1322
FS-BAF-009,2025-03-07,44.0391
FS-BAF-009,2025-03-10,44.0507
FS-BAF-009,2025-03-11,44.0238
FS-BAF-009,2025-03-12,44.2345
FS-BAF-009,2025-03-13,43.9882
FS-BAF-009,2025-03-14,44.1057
FS-BAF-009,2025-03-17,44.0508
FS-BAF-009,2025-03-18,43.9242
FS-BAF-009,2025-03-19,43.9877
FS-BAF-009,2025-03-20,44.3238
FS-BAF-009,2025-03-21,44.3435
FS-BAF-009,2025-03-24,43.9452
FS-BAF-009,2025-03-25,43.9640
FS-BAF-009,2025-03-26,43.9327
FS-BAF-009,2025-03-27,43.9747
FS-BAF-009,2025-03-28,43.8546
FS-BAF-009,2025-03-31,43.9345
FS-BAF-009,2025-04-01,43.9049
FS-BAF-009,2025-04-02,44.0150
FS-BAF-009,2025-04-03,44.9246
FS-BAF-009,2025-04-04,44.7376
FS-BAF-009,2025-04-07,44.6668
FS-BAF-009,2025-04-08,44.6525
FS-BAF-009,2025-04-09,44.6953
FS-BAF-009,2025-04-10,44.6216
FS-BAF-009,2025-04-11,44.6761
FS-BAF-009,2025-04-14,44.4837
FS-BAF-009,2025-04-15,44.2731
FS-BAF-009,2025-04-16,44.2624
FS-BAF-009,2025-04-17,44.3795
FS-BAF-009,2025-04-18,44.5854
FS-BAF-009,2025-04-21,44.5573
FS-BAF-009,2025-04-22,44.4571
FS-BAF-009,2025-04-23,44.5236
FS-BAF-009,2025-04-24,44.4217
FS-BAF-009,2025-04-25,44.3347
FS-BAF-009,2025-04-28,44.5352
FS-BAF-009,2025-04-29,44.5221
FS-BAF-009,2025-04-30,44.5835
FS-BAF-009,2025-05-01,44.4035
FS-BAF-009,2025-05-02,44.3571
FS-BAF-009,2025-05-05,44.4689
FS-BAF-009,2025-05-06,44.2072
FS-BAF-009,2025-05-07,44.0504
FS-BAF-009,2025-05-08,44.1551
FS-BAF-009,2025-05-09,44.2454
FS-BAF-009,2025-05-12,44.0875
FS-BAF-009,2025-05-13,43.8046
FS-BAF-009,2025-05-14,43.8374
FS-BAF-009,2025-05-15,43.9527
FS-BAF-009,2025-05-16,43.8275
FS-BAF-009,2025-05-19,43.5669
FS-BAF-009,2025-05-20,43.6982
FS-BAF-009,2025-05-21,44.0006
FS-BAF-009,2025-05-22,43.8798
FS-BAF-009,2025-05-23,43.8641
FS-BAF-009,2025-05-26,43.8324
FS-BAF-009,2025-05-27,43.9065
FS-BAF-009,2025-05-28,43.9563
FS-BAF-009,2025-05-29,44.2420
FS-BAF-009,2025-05-30,44.7331
FS-BAF-009,2025-06-02,44.8986
FS-BAF-009,2025-06-03,44.7504
FS-BAF-009,2025-06-04,44.7694
FS-BAF-009,2025-06-05,44.5256
FS-BAF-009,2025-06-06,44.6409
FS-BAF-009,2025-06-09,44.6388
FS-BAF-009,2025-06-10,44.5970
FS-BAF-009,2025-06-11,44.7136
FS-BAF-009,2025-06-12,44.7105
FS-BAF-009,2025-06-13,44.7081
FS-BAF-009,2025-06-16,44.6807
FS-BAF-009,2025-06-17,44.5654
FS-BAF-009,2025-06-18,44.5712
FS-BAF-009,2025-06-19,44.5495
FS-BAF-009,2025-06-20,44.7969
FS-BAF-009,2025-06-23,44.7041
FS-BAF-009,2025-06-24,44.4583
FS-BAF-009,2025-06-25,44.4814
FS-BAF-009,2025-06-26,44.5061
FS-BAF-009,2025-06-27,44.4576
FS-BAF-009,2025-06-30,44.4484
FS-BAF-009,2025-07-01,44.6085
FS-BAF-009,2025-07-02,44.7278
FS-BAF-009,2025-07-03,44.8425
FS-BAF-009,2025-07-04,44.8402
FS-BAF-009,2025-07-07,44.7279
FS-BAF-009,2025-07-08,44.5826
FS-BAF-009,2025-07-09,44.9062
FS-BAF-009,2025-07-10,45.0284
FS-BAF-009,2025-07-11,45.2150
FS-BAF-009,2025-07-14,44.9852
FS-BAF-009,2025-07-15,45.1669
FS-BAF-009,2025-07-16,45.1514
FS-BAF-009,2025-07-17,44.9576
FS-BAF-009,2025-07-18,44.8097
FS-BAF-009,2025-07-21,44.5722
FS-BAF-009,2025-07-22,44.4617
FS-BAF-009,2025-07-23,44.6136
FS-BAF-009,2025-07-24,44.5711
FS-BAF-009,2025-07-25,44.5728
FS-BAF-009,2025-07-28,44.5705
FS-BAF-009,2025-07-29,44.7503
FS-BAF-009,2025-07-30,44.5542
FS-BAF-009,2025-07-31,44.6148
FS-BAF-009,2025-08-01,44.7084
FS-BAF-009,2025-08-04,44.5256
FS-BAF-009,2025-08-05,44.5175
FS-BAF-009,2025-08-06,44.4438
FS-BAF-009,2025-08-07,44.5235
FS-BAF-009,2025-08-08,44.5430
FS-BAF-009,2025-08-11,44.3358
FS-BAF-009,2025-08-12,44.2621
FS-BAF-009,2025-08-13,44.4112
FS-BAF-009,2025-08-14,44.4624
FS-BAF-009,2025-08-15,44.4086
FS-BAF-009,2025-08-18,44.3631
FS-BAF-009,2025-08-19,44.6008
FS-BAF-009,2025-08-20,44.6435
FS-BAF-009,2025-08-21,44.6052
FS-BAF-009,2025-08-22,44.4608
FS-BAF-009,2025-08-25,44.4098
FS-BAF-009,2025-08-26,44.5981
FS-BAF-009,2025-08-27,44.5978
FS-BAF-009,2025-08-28,44.9487
FS-BAF-009,2025-08-29,44.9481
FS-BAF-009,2025-09-01,44.7345
FS-BAF-009,2025-09-02,44.8705
FS-BAF-009,2025-09-03,44.8768
FS-BAF-009,2025-09-04,45.1564
FS-BAF-009,2025-09-05,45.0888
FS-BAF-009,2025-09-08,45.2364
FS-BAF-009,2025-09-09,45.0303
FS-BAF-009,2025-09-10,45.1460
FS-BAF-009,2025-09-11,45.2132
FS-BAF-009,2025-09-12,45.1905
FS-BAF-009,2025-09-15,45.3484
FS-BAF-009,2025-09-16,45.1541
FS-BAF-009,2025-09-17,45.0987
FS-BAF-009,2025-09-18,45.2445
FS-BAF-009,2025-09-19,45.2412
FS-BAF-009,2025-09-22,43.9771
FS-BAF-009,2025-09-23,44.0101
FS-BAF-009,2025-09-24,44.0927
FS-BAF-009,2025-09-25,43.9454
FS-BAF-009,2025-09-26,43.9802
FS-BAF-009,2025-09-29,44.0201
FS-BAF-009,2025-09-30,44.3436
FS-BAF-009,2025-10-01,44.3865
FS-BAF-009,2025-10-02,44.5846
FS-BAF-009,2025-10-03,44.5015
FS-BAF-009,2025-10-06,44.6508
FS-BAF-009,2025-10-07,44.5801
FS-BAF-009,2025-10-08,44.5591
FS-BAF-009,2025-10-09,44.4438
FS-BAF-009,2025-10-10,44.3776
FS-BAF-009,2025-10-13,44.3076
FS-BAF-009,2025-10-14,44.2630
FS-BAF-009,2025-10-15,44.3513
FS-BAF-009,2025-10-16,44.4799
FS-BAF-009,2025-10-17,44.7139
FS-BAF-009,2025-10-20,44.6605
FS-BAF-009,2025-10-21,44.4116
FS-BAF-009,2025-10-22,44.1081
FS-BAF-009,2025-10-23,43.8697
FS-BAF-009,2025-10-24,43.9834
FS-BAF-009,2025-10-27,44.0317
FS-BAF-009,2025-10-28,44.0330
FS-BAF-009,2025-10-29,44.2150
FS-BAF-009,2025-10-30,44.2550
FS-BAF-009,2025-10-31,43.9577
FS-BAF-009,2025-11-03,43.8387
FS-BAF-009,2025-11-04,44.0351
FS-BAF-009,2025-11-05,44.0873
FS-BAF-009,2025-11-06,44.3847
FS-BAF-009,2025-11-07,44.4683
FS-BAF-009,2025-11-10,44.4518
FS-BAF-009,2025-11-11,44.5568
FS-BAF-009,2025-11-12,44.6554
FS-BAF-009,2025-11-13,44.6760
FS-BAF-009,2025-11-14,44.5968
FS-BAF-009,2025-11-17,44.5833
FS-BAF-009,2025-11-18,44.7065
FS-BAF-009,2025-11-19,44.7548
FS-BAF-009,2025-11-20,44.4923
FS-BAF-009,2025-11-21,44.2955
FS-BAF-009,2025-11-24,44.0368
FS-BAF-009,2025-11-25,44.0043
FS-BAF-009,2025-11-26,44.2430
FS-BAF-009,2025-11-27,44.1520
FS-BAF-009,2025-11-28,44.2335
FS-BAF-009,2025-12-01,44.7601
FS-BAF-009,2025-12-02,44.7638
FS-BAF-009,2025-12-03,44.6154
FS-BAF-009,2025-12-04,44.4405
FS-BAF-009,2025-12-05,44.4404
FS-BAF-009,2025-12-08,44.5624
FS-BAF-009,2025-12-09,44.5564
FS-BAF-009,2025-12-10,44.6117
FS-BAF-009,2025-12-11,44.6376
FS-BAF-009,2025-12-12,44.7266
FS-BAF-009,2025-12-15,44.6498
FS-BAF-009,2025-12-16,44.7170
FS-BAF-009,2025-12-17,44.6789
FS-BAF-009,2025-12-18,44.6001
FS-BAF-009,2025-12-19,44.5297
FS-BAF-009,2025-12-22,44.4632
FS-BAF-009,2025-12-23,44.7680
FS-BAF-009,2025-12-24,44.7146
FS-BAF-009,2025-12-25,44.6340
FS-BAF-009,2025-12-26,44.7609
FS-BAF-009,2025-12-29,44.7952
FS-BAF-009,2025-12-30,44.6250
FS-BAF-009,2025-12-31,44.5182
FS-BAF-009,2026-01-01,44.6973
FS-BAF-009,2026-01-02,44.7876
FS-BAF-009,2026-01-05,44.7657
FS-BAF-009,2026-01-06,44.4236
FS-BAF-009,2026-01-07,44.2268
FS-BAF-009,2026-01-08,44.0394
FS-BAF-009,2026-01-09,44.0774
FS-BAF-009,2026-01-12,44.0876
FS-BAF-009,2026-01-13,44.0332
FS-BAF-009,2026-01-14,44.9403
FS-BAF-009,2026-01-15,44.4388
FS-BAF-009,2026-01-16,44.3773
FS-BAF-009,2026-01-19,44.2671
FS-BAF-009,2026-01-20,44.6076
FS-BAF-009,2026-01-21,44.8084
FS-BAF-009,2026-01-22,45.2808
FS-BAF-009,2026-01-23,45.4648
FS-BAF-009,2026-01-26,45.8557
FS-BAF-009,2026-01-27,45.8614
FS-BAF-009,2026-01-28,45.8946
FS-BAF-009,2026-01-29,45.6701
FS-BAF-009,2026-01-30,45.4397
FS-BAF-009,2026-02-02,45.5419
FS-BAF-009,2026-02-03,45.7017
FS-BAF-009,2026-02-04,45.4071
FS-BAF-009,2026-02-05,45.7398
FS-BAF-009,2026-02-06,46.0287
FS-BAF-009,2026-02-09,45.9715
FS-BAF-009,2026-02-10,46.1874
FS-BAF-009,2026-02-11,46.1475
FS-BAF-009,2026-02-12,46.0783
FS-BAF-009,2026-02-13,45.9482
FS-BAF-009,2026-02-16,45.9100
FS-BAF-009,2026-02-17,45.7512
FS-BAF-009,2026-02-18,45.8048
FS-BAF-009,2026-02-19,45.7791
FS-BAF-009,2026-02-20,45.3616
FS-BAF-009,2026-02-23,45.2236
FS-BAF-009,2026-02-24,45.5687
FS-BAF-009,2026-02-25,45.6845
FS-BAF-009,2026-02-26,45.7100
FS-BAF-009,2026-02-27,45.7113
FS-BAF-009,2026-03-02,46.2005
FS-BAF-009,2026-03-03,45.9432
FS-BAF-009,2026-03-04,46.1924
FS-BAF-009,2026-03-05,46.1105
FS-BAF-009,2026-03-06,46.1210
FS-BAF-009,2026-03-09,45.9578
FS-BAF-009,2026-03-10,45.5272
FS-BAF-009,2026-03-11,45.3808
FS-BAF-009,2026-03-12,45.6662
FS-BAF-009,2026-03-13,45.7847
FS-BAF-009,2026-03-16,46.0014
FS-BAF-009,2026-03-17,45.2664
FS-BAF-009,2026-03-18,44.3694
FS-BAF-009,2026-03-19,44.4057
FS-BAF-009,2026-03-20,44.2968
FS-BAF-009,2026-03-23,44.0482
FS-BAF-009,2026-03-24,44.1622
FS-BAF-009,2026-03-25,44.2301
FS-BAF-009,2026-03-26,44.0055
FS-BAF-009,2026-03-27,44.4252
FS-BAF-009,2026-03-30,44.0176
FS-BAF-009,2026-03-31,44.0399
FS-BAF-009,2026-04-01,43.8706
FS-BAF-009,2026-04-02,43.9142
FS-BAF-009,2026-04-03,44.0777
FS-BAF-009,2026-04-06,43.8587
FS-BAF-009,2026-04-07,43.7839
FS-BAF-009,2026-04-08,43.5470
FS-BAF-009,2026-04-09,43.3281
FS-BAF-009,2026-04-10,43.2187
FS-BAF-009,2026-04-13,43.1206
FS-BAF-009,2026-04-14,43.4203
FS-BAF-009,2026-04-15,43.3173
FS-BAF-009,2026-04-16,43.4562
FS-BAF-009,2026-04-17,43.6412
FS-BAF-009,2026-04-20,43.6900
FS-BAF-009,2026-04-21,43.8789
FS-BAF-009,2026-04-22,44.0305
FS-BAF-009,2026-04-23,44.3142
FS-BAF-009,2026-04-24,44.3510
FS-BAF-009,2026-04-27,44.1674
FS-BAF-009,2026-04-28,44.1141
FS-BAF-009,2026-04-29,44.2475
FS-BAF-009,2026-04-30,44.4675
FS-BAF-009,2026-05-01,44.5556
FS-BAF-009,2026-05-04,44.6204
FS-BAF-009,2026-05-05,44.3035
FS-BAF-009,2026-05-06,44.0109
FS-BAF-009,2026-05-07,43.5541
FS-BAF-009,2026-05-08,43.9033
FS-BAF-009,2026-05-11,43.9209
FS-BAF-009,2026-05-12,43.8237
FS-BAF-009,2026-05-13,43.6168
FS-BAF-009,2026-05-14,43.5604
FS-BAF-009,2026-05-15,43.2964
FS-BAF-009,2026-05-18,43.1388
FS-BAF-009,2026-05-19,42.7197
FS-BAF-009,2026-05-20,42.6929
FS-BAF-009,2026-05-21,42.3967
FS-BAF-009,2026-05-22,42.5739
FS-BAF-009,2026-05-25,42.5588
FS-BAF-009,2026-05-26,42.3262
FS-BAF-009,2026-05-27,42.4613
FS-BAF-009,2026-05-28,42.3521
FS-BAF-009,2026-05-29,42.4559
FS-BAF-009,2026-06-01,42.6486
FS-BAF-009,2026-06-02,42.5757
FS-BAF-009,2026-06-03,42.5888
FS-BAF-009,2026-06-04,42.6592
FS-BAF-009,2026-06-05,42.7865
FS-BAF-009,2026-06-08,43.4537
FS-BAF-009,2026-06-09,43.3533
FS-BAF-009,2026-06-10,43.0959
FS-BAF-009,2026-06-11,43.1539
FS-BAF-009,2026-06-12,43.1640
FS-BAF-009,2026-06-15,43.0972
FS-BAF-009,2026-06-16,42.7847
FS-BAF-009,2026-06-17,42.7657
FS-BAF-009,2026-06-18,42.6960
FS-BAF-009,2026-06-19,42.5699
FS-BAF-009,2026-06-22,42.5231
FS-BAF-009,2026-06-23,42.5403
FS-BAF-009,2026-06-24,42.6228
FS-BAF-009,2026-06-25,42.6651
FS-BAF-009,2026-06-26,42.7898
FS-BAF-009,2026-06-29,42.8839
FS-BAF-009,2026-06-30,42.9641
FS-BAF-009,2026-07-01,43.1823
FS-BAF-009,2026-07-02,43.2531
FS-BAF-009,2026-07-03,42.9839
FS-BAF-009,2026-07-06,43.1081
FS-BAF-009,2026-07-07,42.9961
FS-BAF-009,2026-07-08,43.2928
FS-BAF-009,2026-07-09,43.2577
FS-BAF-009,2026-07-10,43.3603
FS-BAF-009,2026-07-13,43.4349
FS-BAF-009,2026-07-14,43.0027
FS-BAF-009,2026-07-15,43.0661
FS-BAF-009,2026-07-16,43.0803
FS-BAF-009,2026-07-17,43.4154
FS-BAF-009,2026-07-20,43.6295
FS-BAF-009,2026-07-21,43.8905
FS-BAF-009,2026-07-22,43.7754
FS-BAF-009,2026-07-23,43.5779
FS-BAF-009,2026-07-24,43.6686
FS-BAF-009,2026-07-27,43.7553
FS-BAF-009,2026-07-28,43.6795
FS-BAF-009,2026-07-29,43.4465
FS-BAF-009,2026-07-30,43.6006
FS-BAF-009,2026-07-31,43.7204
FS-BAF-009,2026-08-03,43.6163
FS-BAF-009,2026-08-04,43.6371
FS-BAF-009,2026-08-05,43.6541
FS-BAF-009,2026-08-06,43.7061
FS-BAF-009,2026-08-07,43.2056
FS-BAF-009,2026-08-10,43.2309
FS-BAF-009,2026-08-11,43.0248
FS-BAF-009,2026-08-12,42.6315
FS-BAF-009,2026-08-13,42.6671
FS-BAF-009,2026-08-14,42.4642
FS-BAF-009,2026-08-17,42.2430
FS-BAF-009,2026-08-18,42.1229
FS-BAF-009,2026-08-19,41.8623
FS-BAF-009,2026-08-20,41.8972
FS-BAF-009,2026-08-21,41.7296
FS-BAF-009,2026-08-24,41.7793
FS-BAF-009,2026-08-25,41.9228
FS-BAF-009,2026-08-26,41.8356
FS-BAF-009,2026-08-27,41.8389
FS-BAF-009,2026-08-28,41.9167
FS-BAF-009,2026-08-31,42.1006
FS-BAF-009,2026-09-01,42.1125
FS-BAF-009,2026-09-02,42.1215
FS-BAF-009,2026-09-03,42.0608
FS-BAF-009,2026-09-04,41.8811
FS-BAF-009,2026-09-07,41.9789
FS-BAF-009,2026-09-08,41.8523
FS-BAF-009,2026-09-09,41.9628
FS-BAF-009,2026-09-10,41.9795
FS-BAF-009,2026-09-11,42.0375
FS-BAF-009,2026-09-14,42.0684
FS-BAF-009,2026-09-15,41.8768
FS-BAF-009,2026-09-16,41.6676
FS-BAF-009,2026-09-17,41.7378
FS-BAF-009,2026-09-18,41.5853
FS-BAF-009,2026-09-21,41.7541
FS-BAF-009,2026-09-22,41.7571
FS-BAF-009,2026-09-23,41.9122
FS-BAF-009,2026-09-24,41.6592
FS-BAF-009,2026-09-25,41.1233
FS-BAF-009,2026-09-28,40.9899
FS-BAF-009,2026-09-29,40.7727
FS-BAF-009,2026-09-30,40.5172
